OBJECTID,UJAHR,UMONAT,USTUNDE,UWOCHENTAG,UKATEGORIE,UART,UTYP1,ULICHTVERH,IstRad,IstPKW,IstFuss,IstKrad,IstGkfz,IstSonstige,Longitude,Latitude,IstRadBetroffen,Kommentar,Stadtteil,typ,involved,art
,2025,7,16,4,Unfall mit Schwerverletzten,0.0,7.0,0.0,1.0,0.0,0.0,0.0,0.0,0.0,8.47329583000004,49.48151361000004,1.0,,,sonstiger Unfall,Fahrrad,Unfall anderer Art
,2025,7,10,4,Unfall mit Leichtverletzten,1.0,5.0,0.0,1.0,1.0,0.0,0.0,0.0,0.0,8.470496903000026,49.48208696900008,1.0,,,Unfall durch ruhenden Verkehr,"Fahrrad, Pkw",Zusammenstoß mit anfahrendem/ anhaltendem/ ruhendem Fahrzeug
,2025,7,8,4,Unfall mit Leichtverletzten,3.0,2.0,0.0,1.0,1.0,0.0,0.0,0.0,0.0,8.484679732000075,49.50071231600003,1.0,,,Abbiegeunfall,"Fahrrad, Pkw",Zusammenstoß mit seitlich in gleicher Richtung fahrendem Fahrzeug
,2025,7,16,3,Unfall mit Leichtverletzten,4.0,6.0,0.0,1.0,0.0,0.0,0.0,0.0,0.0,8.529440746000034,49.47614594700008,1.0,,,Unfall im Längsverkehr,Fahrrad,Zusammenstoß mit entgegenkommendem Fahrzeug
,2025,7,14,3,Unfall mit Leichtverletzten,0.0,4.0,0.0,0.0,0.0,1.0,0.0,0.0,1.0,8.483939485000064,49.493350246000034,0.0,,,Überschreiten-Unfall,"Fußgänger, Tram/Bus (bis 2017 auch LKW)",Unfall anderer Art
,2025,7,14,3,Unfall mit Leichtverletzten,1.0,1.0,0.0,1.0,1.0,0.0,0.0,0.0,0.0,8.535111416000063,49.48854487700004,1.0,,,Fahrunfall,"Fahrrad, Pkw",Zusammenstoß mit anfahrendem/ anhaltendem/ ruhendem Fahrzeug
,2025,7,14,3,Unfall mit Leichtverletzten,5.0,3.0,0.0,1.0,1.0,0.0,0.0,0.0,0.0,8.478527002000021,49.46028129500007,1.0,,,Einbiegen / Kreuzen-Unfall,"Fahrrad, Pkw",Zusammenstoß mit einbiegendem / kreuzendem Fahrzeug
,2025,7,13,3,Unfall mit Schwerverletzten,6.0,4.0,0.0,0.0,0.0,1.0,0.0,0.0,1.0,8.470129443000076,49.504061079000046,0.0,,,Überschreiten-Unfall,"Fußgänger, Tram/Bus (bis 2017 auch LKW)",Zusammenstoß zwischen Fahrzeug und Fußgänger
,2025,7,13,3,Unfall mit Leichtverletzten,5.0,3.0,0.0,1.0,0.0,0.0,0.0,0.0,1.0,8.473458245000074,49.49196076000004,1.0,,,Einbiegen / Kreuzen-Unfall,"Fahrrad, Tram/Bus (bis 2017 auch LKW)",Zusammenstoß mit einbiegendem / kreuzendem Fahrzeug
,2025,7,8,3,Unfall mit Schwerverletzten,5.0,3.0,0.0,1.0,1.0,0.0,0.0,0.0,0.0,8.471065293000038,49.51128472700003,1.0,,,Einbiegen / Kreuzen-Unfall,"Fahrrad, Pkw",Zusammenstoß mit einbiegendem / kreuzendem Fahrzeug
,2025,7,20,2,Unfall mit Leichtverletzten,3.0,7.0,0.0,1.0,1.0,0.0,0.0,0.0,0.0,8.473938601000043,49.49678554800005,1.0,,,sonstiger Unfall,"Fahrrad, Pkw",Zusammenstoß mit seitlich in gleicher Richtung fahrendem Fahrzeug
,2025,7,16,2,Unfall mit Leichtverletzten,5.0,3.0,0.0,1.0,1.0,0.0,0.0,0.0,0.0,8.506581958000027,49.49961195900005,1.0,,,Einbiegen / Kreuzen-Unfall,"Fahrrad, Pkw",Zusammenstoß mit einbiegendem / kreuzendem Fahrzeug
,2025,7,6,2,Unfall mit Leichtverletzten,3.0,6.0,0.0,1.0,0.0,0.0,0.0,0.0,1.0,8.52600073700006,49.50772990300004,1.0,,,Unfall im Längsverkehr,"Fahrrad, Tram/Bus (bis 2017 auch LKW)",Zusammenstoß mit seitlich in gleicher Richtung fahrendem Fahrzeug
,2025,7,23,1,Unfall mit Leichtverletzten,0.0,7.0,2.0,1.0,0.0,0.0,0.0,0.0,0.0,8.460275713000044,49.479971901000056,1.0,,,sonstiger Unfall,Fahrrad,Unfall anderer Art
,2025,7,15,1,Unfall mit Leichtverletzten,6.0,4.0,0.0,0.0,0.0,1.0,0.0,0.0,1.0,8.483966800000076,49.524182479000046,0.0,,,Überschreiten-Unfall,"Fußgänger, Tram/Bus (bis 2017 auch LKW)",Zusammenstoß zwischen Fahrzeug und Fußgänger
,2025,7,15,1,Unfall mit Leichtverletzten,0.0,7.0,0.0,1.0,0.0,0.0,0.0,0.0,0.0,8.481351109000059,49.54833747700008,1.0,,,sonstiger Unfall,Fahrrad,Unfall anderer Art
,2025,7,14,1,Unfall mit Leichtverletzten,0.0,7.0,0.0,1.0,0.0,0.0,0.0,0.0,0.0,8.533721851000053,49.42489981200004,1.0,,,sonstiger Unfall,Fahrrad,Unfall anderer Art
,2025,7,14,1,Unfall mit Leichtverletzten,0.0,7.0,0.0,1.0,0.0,0.0,0.0,0.0,0.0,8.533856310000033,49.42478651700003,1.0,,,sonstiger Unfall,Fahrrad,Unfall anderer Art
,2025,7,12,1,Unfall mit Leichtverletzten,0.0,7.0,0.0,1.0,1.0,0.0,0.0,0.0,0.0,8.493163226000036,49.52179886600004,1.0,,,sonstiger Unfall,"Fahrrad, Pkw",Unfall anderer Art
,2025,6,21,7,Unfall mit Schwerverletzten,6.0,4.0,2.0,0.0,0.0,1.0,0.0,0.0,1.0,8.49087264700006,49.49939639300004,0.0,,,Überschreiten-Unfall,"Fußgänger, Tram/Bus (bis 2017 auch LKW)",Zusammenstoß zwischen Fahrzeug und Fußgänger
,2025,6,16,7,Unfall mit Leichtverletzten,5.0,5.0,0.0,1.0,0.0,0.0,0.0,0.0,1.0,8.463464462000047,49.47703806800007,1.0,,,Unfall durch ruhenden Verkehr,"Fahrrad, Tram/Bus (bis 2017 auch LKW)",Zusammenstoß mit einbiegendem / kreuzendem Fahrzeug
,2025,6,12,7,Unfall mit Schwerverletzten,6.0,4.0,0.0,0.0,1.0,1.0,0.0,0.0,0.0,8.528111421000062,49.43083391500005,0.0,,,Überschreiten-Unfall,"Pkw, Fußgänger",Zusammenstoß zwischen Fahrzeug und Fußgänger
,2025,6,7,7,Unfall mit Schwerverletzten,2.0,6.0,0.0,1.0,0.0,0.0,0.0,0.0,1.0,8.461119224000072,49.48869153600003,1.0,,,Unfall im Längsverkehr,"Fahrrad, Tram/Bus (bis 2017 auch LKW)",Zusammenstoß mit vorausfahrendem / wartendem Fahrzeug
,2025,6,20,6,Unfall mit Leichtverletzten,6.0,7.0,0.0,1.0,0.0,1.0,0.0,0.0,0.0,8.469266252000068,49.49048716500005,1.0,,,sonstiger Unfall,"Fahrrad, Fußgänger",Zusammenstoß zwischen Fahrzeug und Fußgänger
,2025,6,19,6,Unfall mit Leichtverletzten,1.0,5.0,0.0,1.0,1.0,0.0,0.0,0.0,0.0,8.46347851400003,49.50137379000006,1.0,,,Unfall durch ruhenden Verkehr,"Fahrrad, Pkw",Zusammenstoß mit anfahrendem/ anhaltendem/ ruhendem Fahrzeug
,2025,6,18,6,Unfall mit Schwerverletzten,6.0,4.0,0.0,0.0,1.0,1.0,0.0,0.0,0.0,8.458117726000069,49.49486560900005,0.0,,,Überschreiten-Unfall,"Pkw, Fußgänger",Zusammenstoß zwischen Fahrzeug und Fußgänger
,2025,6,10,6,Unfall mit Leichtverletzten,5.0,3.0,0.0,1.0,1.0,0.0,0.0,0.0,0.0,8.500117412000066,49.52450702700003,1.0,,,Einbiegen / Kreuzen-Unfall,"Fahrrad, Pkw",Zusammenstoß mit einbiegendem / kreuzendem Fahrzeug
,2025,6,7,6,Unfall mit Schwerverletzten,6.0,4.0,0.0,1.0,0.0,1.0,0.0,0.0,0.0,8.462793679000072,49.48904972200006,1.0,,,Überschreiten-Unfall,"Fahrrad, Fußgänger",Zusammenstoß zwischen Fahrzeug und Fußgänger
,2025,6,23,5,Unfall mit Leichtverletzten,5.0,2.0,2.0,1.0,1.0,0.0,0.0,0.0,0.0,8.471296658000028,49.48131617900003,1.0,,,Abbiegeunfall,"Fahrrad, Pkw",Zusammenstoß mit einbiegendem / kreuzendem Fahrzeug
,2025,6,22,5,Unfall mit Leichtverletzten,5.0,3.0,2.0,1.0,1.0,0.0,0.0,0.0,0.0,8.482099324000046,49.525183320000046,1.0,,,Einbiegen / Kreuzen-Unfall,"Fahrrad, Pkw",Zusammenstoß mit einbiegendem / kreuzendem Fahrzeug
,2025,6,20,5,Unfall mit Leichtverletzten,3.0,6.0,0.0,1.0,1.0,0.0,0.0,0.0,0.0,8.53559511800006,49.51916536800008,1.0,,,Unfall im Längsverkehr,"Fahrrad, Pkw",Zusammenstoß mit seitlich in gleicher Richtung fahrendem Fahrzeug
,2025,6,16,5,Unfall mit Leichtverletzten,5.0,3.0,0.0,1.0,1.0,0.0,0.0,0.0,0.0,8.478918553000028,49.54453762100008,1.0,,,Einbiegen / Kreuzen-Unfall,"Fahrrad, Pkw",Zusammenstoß mit einbiegendem / kreuzendem Fahrzeug
,2025,6,13,5,Unfall mit Schwerverletzten,5.0,3.0,0.0,1.0,1.0,0.0,0.0,0.0,0.0,8.47038230000004,49.49102630800007,1.0,,,Einbiegen / Kreuzen-Unfall,"Fahrrad, Pkw",Zusammenstoß mit einbiegendem / kreuzendem Fahrzeug
,2025,6,13,5,Unfall mit Leichtverletzten,5.0,3.0,0.0,1.0,1.0,0.0,0.0,0.0,0.0,8.494512499000052,49.45145808800004,1.0,,,Einbiegen / Kreuzen-Unfall,"Fahrrad, Pkw",Zusammenstoß mit einbiegendem / kreuzendem Fahrzeug
,2025,6,20,4,Unfall mit Leichtverletzten,5.0,3.0,0.0,1.0,0.0,0.0,1.0,0.0,0.0,8.480894627000055,49.53450608000002,1.0,,,Einbiegen / Kreuzen-Unfall,"Fahrrad, Kraftrad",Zusammenstoß mit einbiegendem / kreuzendem Fahrzeug
,2025,6,18,4,Unfall mit Leichtverletzten,2.0,6.0,0.0,1.0,1.0,0.0,0.0,0.0,0.0,8.472429076000026,49.48246071100005,1.0,,,Unfall im Längsverkehr,"Fahrrad, Pkw",Zusammenstoß mit vorausfahrendem / wartendem Fahrzeug
,2025,6,18,4,Unfall mit Leichtverletzten,5.0,3.0,0.0,1.0,1.0,0.0,0.0,0.0,0.0,8.490335241000025,49.45850603400004,1.0,,,Einbiegen / Kreuzen-Unfall,"Fahrrad, Pkw",Zusammenstoß mit einbiegendem / kreuzendem Fahrzeug
,2025,6,17,4,Unfall mit Leichtverletzten,0.0,7.0,0.0,1.0,0.0,0.0,0.0,0.0,0.0,8.47014450000006,49.46216093900006,1.0,,,sonstiger Unfall,Fahrrad,Unfall anderer Art
,2025,6,15,4,Unfall mit Leichtverletzten,5.0,3.0,0.0,1.0,1.0,0.0,0.0,0.0,0.0,8.472951766000051,49.48899093500006,1.0,,,Einbiegen / Kreuzen-Unfall,"Fahrrad, Pkw",Zusammenstoß mit einbiegendem / kreuzendem Fahrzeug
,2025,6,12,4,Unfall mit Leichtverletzten,0.0,7.0,0.0,1.0,0.0,0.0,0.0,0.0,0.0,8.547849418000055,49.457881910000026,1.0,,,sonstiger Unfall,Fahrrad,Unfall anderer Art
,2025,6,11,4,Unfall mit Leichtverletzten,5.0,2.0,0.0,1.0,0.0,0.0,1.0,0.0,0.0,8.478099187000055,49.54690689200004,1.0,,,Abbiegeunfall,"Fahrrad, Kraftrad",Zusammenstoß mit einbiegendem / kreuzendem Fahrzeug
,2025,6,10,4,Unfall mit Leichtverletzten,6.0,2.0,0.0,0.0,1.0,1.0,0.0,0.0,0.0,8.47863305800007,49.48544266600004,0.0,,,Abbiegeunfall,"Pkw, Fußgänger",Zusammenstoß zwischen Fahrzeug und Fußgänger
,2025,6,9,4,Unfall mit Leichtverletzten,0.0,4.0,0.0,0.0,0.0,1.0,0.0,0.0,1.0,8.488565497000025,49.49958551700007,0.0,,,Überschreiten-Unfall,"Fußgänger, Tram/Bus (bis 2017 auch LKW)",Unfall anderer Art
,2025,6,8,4,Unfall mit Leichtverletzten,6.0,4.0,0.0,0.0,0.0,1.0,0.0,0.0,1.0,8.473711279000042,49.54668287900006,0.0,,,Überschreiten-Unfall,"Fußgänger, Tram/Bus (bis 2017 auch LKW)",Zusammenstoß zwischen Fahrzeug und Fußgänger
,2025,6,7,4,Unfall mit Leichtverletzten,5.0,2.0,0.0,1.0,1.0,0.0,0.0,0.0,0.0,8.467360367000026,49.490284358000046,1.0,,,Abbiegeunfall,"Fahrrad, Pkw",Zusammenstoß mit einbiegendem / kreuzendem Fahrzeug
,2025,6,6,4,Unfall mit Leichtverletzten,2.0,6.0,0.0,1.0,1.0,0.0,0.0,0.0,0.0,8.459392458000025,49.49255974000005,1.0,,,Unfall im Längsverkehr,"Fahrrad, Pkw",Zusammenstoß mit vorausfahrendem / wartendem Fahrzeug
,2025,6,16,3,Unfall mit Leichtverletzten,6.0,7.0,0.0,0.0,1.0,1.0,0.0,0.0,0.0,8.470004032000077,49.50520763200007,0.0,,,sonstiger Unfall,"Pkw, Fußgänger",Zusammenstoß zwischen Fahrzeug und Fußgänger
,2025,6,15,3,Unfall mit Leichtverletzten,5.0,3.0,0.0,1.0,1.0,0.0,0.0,0.0,0.0,8.474907380000047,49.47269870500003,1.0,,,Einbiegen / Kreuzen-Unfall,"Fahrrad, Pkw",Zusammenstoß mit einbiegendem / kreuzendem Fahrzeug
,2025,6,13,3,Unfall mit Leichtverletzten,5.0,2.0,0.0,1.0,1.0,0.0,0.0,0.0,0.0,8.488760833000072,49.49463577900008,1.0,,,Abbiegeunfall,"Fahrrad, Pkw",Zusammenstoß mit einbiegendem / kreuzendem Fahrzeug
,2025,6,13,3,Unfall mit Leichtverletzten,5.0,5.0,0.0,1.0,0.0,0.0,0.0,0.0,1.0,8.487139067000044,49.47486282600005,1.0,,,Unfall durch ruhenden Verkehr,"Fahrrad, Tram/Bus (bis 2017 auch LKW)",Zusammenstoß mit einbiegendem / kreuzendem Fahrzeug
,2025,6,10,3,Unfall mit Leichtverletzten,0.0,7.0,0.0,0.0,0.0,1.0,0.0,0.0,1.0,8.467805331000022,49.48950106800004,0.0,,,sonstiger Unfall,"Fußgänger, Tram/Bus (bis 2017 auch LKW)",Unfall anderer Art
,2025,6,7,3,Unfall mit Leichtverletzten,4.0,6.0,0.0,1.0,0.0,0.0,0.0,0.0,0.0,8.495062635000068,49.501913698000074,1.0,,,Unfall im Längsverkehr,Fahrrad,Zusammenstoß mit entgegenkommendem Fahrzeug
,2025,6,7,3,Unfall mit Schwerverletzten,7.0,7.0,0.0,1.0,0.0,0.0,0.0,0.0,0.0,8.459236901000054,49.49677182100004,1.0,,,sonstiger Unfall,Fahrrad,Aufprall auf Fahrbahnhindernis
,2025,6,20,2,Unfall mit Leichtverletzten,3.0,2.0,0.0,1.0,1.0,0.0,0.0,0.0,0.0,8.471952612000052,49.51331031600006,1.0,,,Abbiegeunfall,"Fahrrad, Pkw",Zusammenstoß mit seitlich in gleicher Richtung fahrendem Fahrzeug
,2025,6,13,2,Unfall mit Leichtverletzten,5.0,3.0,0.0,1.0,1.0,0.0,0.0,0.0,0.0,8.481729719000043,49.45282406000007,1.0,,,Einbiegen / Kreuzen-Unfall,"Fahrrad, Pkw",Zusammenstoß mit einbiegendem / kreuzendem Fahrzeug
,2025,6,12,2,Unfall mit Leichtverletzten,3.0,6.0,0.0,1.0,0.0,0.0,0.0,0.0,0.0,8.479655648000062,49.488203097000046,1.0,,,Unfall im Längsverkehr,Fahrrad,Zusammenstoß mit seitlich in gleicher Richtung fahrendem Fahrzeug
,2025,6,12,2,Unfall mit Leichtverletzten,6.0,7.0,0.0,0.0,1.0,1.0,0.0,0.0,0.0,8.475937509000062,49.51685629900004,0.0,,,sonstiger Unfall,"Pkw, Fußgänger",Zusammenstoß zwischen Fahrzeug und Fußgänger
,2025,6,8,2,Unfall mit Getöteten,4.0,6.0,0.0,1.0,0.0,0.0,0.0,0.0,0.0,8.501705313000059,49.504869515000046,1.0,"30.06.2025: Am Montag kollidierten auf der BBC‑Brücke (Friedrich‑Ebert‑Straße) in Mannheim ein 63‑jähriger Radfahrer und die 70‑jährige Ingrid Derwis, ein engagiertes Mitglied des ADFC Mannheim. Beide stürzten, sie erlitt schwere Verletzungen und verstarb am 2. Juli 2025 im Krankenhaus. Der Mann wurde leicht verletzt. Polizei und Staatsanwaltschaft ermitteln zum Unfallhergang und prüfen auch, ob eingeschränkte Sicht durch überwucherte Baumtriebe auf der Brücke eine Rolle spielte. Siehe auch https://mannheim.adfc.de/artikel/nachruf-auf-ingrid-derwis .",Käfertal,Unfall im Längsverkehr,Fahrrad,Zusammenstoß mit entgegenkommendem Fahrzeug
,2025,6,22,1,Unfall mit Leichtverletzten,6.0,7.0,2.0,1.0,0.0,1.0,0.0,0.0,0.0,8.468028913000069,49.48974823300006,1.0,,,sonstiger Unfall,"Fahrrad, Fußgänger",Zusammenstoß zwischen Fahrzeug und Fußgänger
,2025,6,1,1,Unfall mit Leichtverletzten,3.0,6.0,2.0,1.0,1.0,0.0,0.0,0.0,0.0,8.467445921000035,49.482735183000045,1.0,,,Unfall im Längsverkehr,"Fahrrad, Pkw",Zusammenstoß mit seitlich in gleicher Richtung fahrendem Fahrzeug
,2025,5,17,7,Unfall mit Leichtverletzten,6.0,6.0,0.0,1.0,0.0,1.0,0.0,0.0,0.0,8.526877687000024,49.50901098100008,1.0,,,Unfall im Längsverkehr,"Fahrrad, Fußgänger",Zusammenstoß zwischen Fahrzeug und Fußgänger
,2025,5,13,7,Unfall mit Leichtverletzten,5.0,3.0,0.0,1.0,1.0,0.0,0.0,0.0,0.0,8.47624813300007,49.482774936000055,1.0,,,Einbiegen / Kreuzen-Unfall,"Fahrrad, Pkw",Zusammenstoß mit einbiegendem / kreuzendem Fahrzeug
,2025,5,10,7,Unfall mit Leichtverletzten,6.0,4.0,0.0,0.0,1.0,1.0,0.0,0.0,0.0,8.499981341000023,49.53058126800005,0.0,,,Überschreiten-Unfall,"Pkw, Fußgänger",Zusammenstoß zwischen Fahrzeug und Fußgänger
,2025,5,23,6,Unfall mit Leichtverletzten,0.0,3.0,2.0,1.0,1.0,0.0,0.0,0.0,0.0,8.47188288600006,49.49266440900004,1.0,,,Einbiegen / Kreuzen-Unfall,"Fahrrad, Pkw",Unfall anderer Art
,2025,5,18,6,Unfall mit Leichtverletzten,5.0,2.0,0.0,1.0,1.0,0.0,0.0,0.0,0.0,8.464491290000069,49.505735257000026,1.0,,,Abbiegeunfall,"Fahrrad, Pkw",Zusammenstoß mit einbiegendem / kreuzendem Fahrzeug
,2025,5,17,6,Unfall mit Leichtverletzten,0.0,7.0,0.0,1.0,0.0,0.0,0.0,0.0,0.0,8.476636081000038,49.50281824300004,1.0,,,sonstiger Unfall,Fahrrad,Unfall anderer Art
,2025,5,16,6,Unfall mit Leichtverletzten,5.0,3.0,0.0,1.0,1.0,0.0,0.0,0.0,0.0,8.449105217000067,49.55025533400004,1.0,,,Einbiegen / Kreuzen-Unfall,"Fahrrad, Pkw",Zusammenstoß mit einbiegendem / kreuzendem Fahrzeug
,2025,5,15,6,Unfall mit Leichtverletzten,3.0,6.0,0.0,1.0,0.0,0.0,0.0,0.0,1.0,8.48380594300005,49.46984369000006,1.0,,,Unfall im Längsverkehr,"Fahrrad, Tram/Bus (bis 2017 auch LKW)",Zusammenstoß mit seitlich in gleicher Richtung fahrendem Fahrzeug
,2025,5,11,6,Unfall mit Leichtverletzten,5.0,3.0,0.0,1.0,1.0,0.0,0.0,0.0,0.0,8.473155069000029,49.518785966000046,1.0,,,Einbiegen / Kreuzen-Unfall,"Fahrrad, Pkw",Zusammenstoß mit einbiegendem / kreuzendem Fahrzeug
,2025,5,11,6,Unfall mit Leichtverletzten,5.0,2.0,0.0,1.0,1.0,0.0,0.0,0.0,0.0,8.504123911000022,49.52766902800005,1.0,,,Abbiegeunfall,"Fahrrad, Pkw",Zusammenstoß mit einbiegendem / kreuzendem Fahrzeug
,2025,5,10,6,Unfall mit Leichtverletzten,5.0,3.0,0.0,1.0,1.0,0.0,0.0,0.0,0.0,8.487950416000047,49.47577120700004,1.0,,,Einbiegen / Kreuzen-Unfall,"Fahrrad, Pkw",Zusammenstoß mit einbiegendem / kreuzendem Fahrzeug
,2025,5,10,6,Unfall mit Leichtverletzten,6.0,3.0,0.0,0.0,1.0,1.0,0.0,0.0,0.0,8.473605686000042,49.49197370700006,0.0,,,Einbiegen / Kreuzen-Unfall,"Pkw, Fußgänger",Zusammenstoß zwischen Fahrzeug und Fußgänger
,2025,5,10,6,Unfall mit Leichtverletzten,5.0,3.0,0.0,1.0,1.0,0.0,0.0,0.0,0.0,8.44907336700004,49.55043109800005,1.0,,,Einbiegen / Kreuzen-Unfall,"Fahrrad, Pkw",Zusammenstoß mit einbiegendem / kreuzendem Fahrzeug
,2025,5,9,6,Unfall mit Leichtverletzten,6.0,4.0,0.0,0.0,1.0,1.0,0.0,0.0,0.0,8.508083462000059,49.465641137000034,0.0,,,Überschreiten-Unfall,"Pkw, Fußgänger",Zusammenstoß zwischen Fahrzeug und Fußgänger
,2025,5,22,5,Unfall mit Schwerverletzten,5.0,2.0,2.0,1.0,1.0,0.0,0.0,0.0,0.0,8.484126452000055,49.49434947700007,1.0,,,Abbiegeunfall,"Fahrrad, Pkw",Zusammenstoß mit einbiegendem / kreuzendem Fahrzeug
,2025,5,21,5,Unfall mit Leichtverletzten,4.0,6.0,2.0,1.0,0.0,0.0,0.0,0.0,1.0,8.472056259000055,49.49787088100004,1.0,,,Unfall im Längsverkehr,"Fahrrad, Tram/Bus (bis 2017 auch LKW)",Zusammenstoß mit entgegenkommendem Fahrzeug
,2025,5,21,5,Unfall mit Leichtverletzten,0.0,7.0,2.0,1.0,0.0,0.0,0.0,0.0,0.0,8.460340325000061,49.49294632600004,1.0,,,sonstiger Unfall,Fahrrad,Unfall anderer Art
,2025,5,20,5,Unfall mit Schwerverletzten,5.0,3.0,0.0,1.0,1.0,0.0,0.0,0.0,0.0,8.493613837000055,49.49797360600007,1.0,,,Einbiegen / Kreuzen-Unfall,"Fahrrad, Pkw",Zusammenstoß mit einbiegendem / kreuzendem Fahrzeug
,2025,5,19,5,Unfall mit Leichtverletzten,5.0,3.0,0.0,1.0,0.0,0.0,1.0,0.0,0.0,8.475732007000033,49.47997200100008,1.0,,,Einbiegen / Kreuzen-Unfall,"Fahrrad, Kraftrad",Zusammenstoß mit einbiegendem / kreuzendem Fahrzeug
,2025,5,17,5,Unfall mit Leichtverletzten,0.0,7.0,0.0,0.0,0.0,1.0,0.0,0.0,1.0,8.486840294000046,49.496055785000074,0.0,,,sonstiger Unfall,"Fußgänger, Tram/Bus (bis 2017 auch LKW)",Unfall anderer Art
,2025,5,17,5,Unfall mit Leichtverletzten,3.0,6.0,0.0,1.0,1.0,0.0,0.0,0.0,0.0,8.465260711000042,49.488002952000045,1.0,,,Unfall im Längsverkehr,"Fahrrad, Pkw",Zusammenstoß mit seitlich in gleicher Richtung fahrendem Fahrzeug
,2025,5,16,5,Unfall mit Leichtverletzten,5.0,5.0,0.0,1.0,1.0,0.0,0.0,0.0,0.0,8.503883233000067,49.49283605400007,1.0,,,Unfall durch ruhenden Verkehr,"Fahrrad, Pkw",Zusammenstoß mit einbiegendem / kreuzendem Fahrzeug
,2025,5,13,5,Unfall mit Leichtverletzten,5.0,2.0,0.0,1.0,1.0,0.0,0.0,0.0,0.0,8.478515283000036,49.46027873500003,1.0,,,Abbiegeunfall,"Fahrrad, Pkw",Zusammenstoß mit einbiegendem / kreuzendem Fahrzeug
,2025,5,13,5,Unfall mit Leichtverletzten,2.0,6.0,0.0,1.0,0.0,0.0,0.0,0.0,0.0,8.456313473000023,49.54550229300003,1.0,,,Unfall im Längsverkehr,Fahrrad,Zusammenstoß mit vorausfahrendem / wartendem Fahrzeug
,2025,5,18,4,Unfall mit Leichtverletzten,3.0,2.0,0.0,1.0,0.0,0.0,0.0,0.0,1.0,8.47489551700005,49.48455183500005,1.0,,,Abbiegeunfall,"Fahrrad, Tram/Bus (bis 2017 auch LKW)",Zusammenstoß mit seitlich in gleicher Richtung fahrendem Fahrzeug
,2025,5,17,4,Unfall mit Leichtverletzten,0.0,7.0,0.0,1.0,0.0,0.0,0.0,0.0,0.0,8.533682955000074,49.42493122900004,1.0,,,sonstiger Unfall,Fahrrad,Unfall anderer Art
,2025,5,16,4,Unfall mit Leichtverletzten,3.0,2.0,0.0,1.0,1.0,0.0,0.0,0.0,0.0,8.493951816000049,49.45593509700007,1.0,,,Abbiegeunfall,"Fahrrad, Pkw",Zusammenstoß mit seitlich in gleicher Richtung fahrendem Fahrzeug
,2025,5,8,4,Unfall mit Leichtverletzten,5.0,3.0,0.0,1.0,1.0,0.0,0.0,0.0,0.0,8.497334581000075,49.45060131300005,1.0,,,Einbiegen / Kreuzen-Unfall,"Fahrrad, Pkw",Zusammenstoß mit einbiegendem / kreuzendem Fahrzeug
,2025,5,7,4,Unfall mit Leichtverletzten,5.0,3.0,0.0,1.0,1.0,0.0,0.0,0.0,0.0,8.571115857000052,49.43430820000003,1.0,,,Einbiegen / Kreuzen-Unfall,"Fahrrad, Pkw",Zusammenstoß mit einbiegendem / kreuzendem Fahrzeug
,2025,5,7,4,Unfall mit Schwerverletzten,5.0,3.0,0.0,1.0,1.0,0.0,0.0,0.0,0.0,8.483105840000064,49.47507833500004,1.0,,,Einbiegen / Kreuzen-Unfall,"Fahrrad, Pkw",Zusammenstoß mit einbiegendem / kreuzendem Fahrzeug
,2025,5,22,3,Unfall mit Leichtverletzten,0.0,7.0,2.0,1.0,0.0,0.0,0.0,0.0,0.0,8.533760092000023,49.42486892400007,1.0,,,sonstiger Unfall,Fahrrad,Unfall anderer Art
,2025,5,20,3,Unfall mit Leichtverletzten,5.0,3.0,0.0,1.0,1.0,0.0,0.0,0.0,0.0,8.468434412000022,49.47595090900006,1.0,,,Einbiegen / Kreuzen-Unfall,"Fahrrad, Pkw",Zusammenstoß mit einbiegendem / kreuzendem Fahrzeug
,2025,5,20,3,Unfall mit Leichtverletzten,4.0,6.0,0.0,1.0,0.0,0.0,0.0,0.0,0.0,8.49386363800005,49.51261282300004,1.0,,,Unfall im Längsverkehr,Fahrrad,Zusammenstoß mit entgegenkommendem Fahrzeug
,2025,5,17,3,Unfall mit Schwerverletzten,6.0,4.0,0.0,0.0,1.0,1.0,0.0,0.0,0.0,8.460332083000026,49.496720753000034,0.0,,,Überschreiten-Unfall,"Pkw, Fußgänger",Zusammenstoß zwischen Fahrzeug und Fußgänger
,2025,5,16,3,Unfall mit Leichtverletzten,6.0,7.0,0.0,1.0,0.0,1.0,0.0,0.0,0.0,8.466102394000075,49.50773105400003,1.0,,,sonstiger Unfall,"Fahrrad, Fußgänger",Zusammenstoß zwischen Fahrzeug und Fußgänger
,2025,5,12,3,Unfall mit Leichtverletzten,5.0,3.0,0.0,1.0,1.0,0.0,0.0,0.0,0.0,8.570920665000074,49.461008597000045,1.0,,,Einbiegen / Kreuzen-Unfall,"Fahrrad, Pkw",Zusammenstoß mit einbiegendem / kreuzendem Fahrzeug
,2025,5,10,3,Unfall mit Leichtverletzten,5.0,2.0,0.0,1.0,0.0,0.0,0.0,0.0,0.0,8.470384197000044,49.50284016100005,1.0,,,Abbiegeunfall,Fahrrad,Zusammenstoß mit einbiegendem / kreuzendem Fahrzeug