OBJECTID,UJAHR,UMONAT,USTUNDE,UWOCHENTAG,UKATEGORIE,UART,UTYP1,ULICHTVERH,IstRad,IstPKW,IstFuss,IstKrad,IstGkfz,IstSonstige,Longitude,Latitude,IstRadBetroffen,Kommentar,Stadtteil,typ,involved,art
,2024,9,8,6,Unfall mit Schwerverletzten,3.0,5.0,0.0,1.0,1.0,0.0,0.0,0.0,0.0,8.462955069000031,49.48233331800003,1.0,,,Unfall durch ruhenden Verkehr,"Fahrrad, Pkw",Zusammenstoß mit seitlich in gleicher Richtung fahrendem Fahrzeug
,2024,9,21,5,Unfall mit Leichtverletzten,0.0,7.0,2.0,1.0,0.0,0.0,0.0,0.0,0.0,8.519532472000037,49.42147411800005,1.0,,,sonstiger Unfall,Fahrrad,Unfall anderer Art
,2024,9,17,5,Unfall mit Leichtverletzten,6.0,7.0,0.0,0.0,1.0,1.0,0.0,0.0,0.0,8.491038008000032,49.45257054600006,0.0,,,sonstiger Unfall,"Pkw, Fußgänger",Zusammenstoß zwischen Fahrzeug und Fußgänger
,2024,9,15,5,Unfall mit Leichtverletzten,5.0,3.0,0.0,1.0,1.0,0.0,0.0,0.0,0.0,8.521572512000034,49.45184973100004,1.0,,,Einbiegen / Kreuzen-Unfall,"Fahrrad, Pkw",Zusammenstoß mit einbiegendem / kreuzendem Fahrzeug
,2024,9,8,5,Unfall mit Leichtverletzten,1.0,5.0,0.0,1.0,1.0,0.0,0.0,0.0,0.0,8.510581431000048,49.48908809200003,1.0,,,Unfall durch ruhenden Verkehr,"Fahrrad, Pkw",Zusammenstoß mit anfahrendem/ anhaltendem/ ruhendem Fahrzeug
,2024,9,8,5,Unfall mit Leichtverletzten,3.0,2.0,0.0,1.0,0.0,0.0,0.0,0.0,0.0,8.465744395000058,49.48338990400004,1.0,,,Abbiegeunfall,Fahrrad,Zusammenstoß mit seitlich in gleicher Richtung fahrendem Fahrzeug
,2024,9,7,5,Unfall mit Leichtverletzten,5.0,3.0,0.0,1.0,1.0,0.0,0.0,0.0,0.0,8.526182772000027,49.489095533000075,1.0,,,Einbiegen / Kreuzen-Unfall,"Fahrrad, Pkw",Zusammenstoß mit einbiegendem / kreuzendem Fahrzeug
,2024,9,13,4,Unfall mit Leichtverletzten,4.0,6.0,0.0,1.0,0.0,0.0,0.0,0.0,0.0,8.47174320800002,49.471718125000045,1.0,,,Unfall im Längsverkehr,Fahrrad,Zusammenstoß mit entgegenkommendem Fahrzeug
,2024,9,22,2,Unfall mit Leichtverletzten,3.0,6.0,2.0,1.0,1.0,0.0,0.0,0.0,0.0,8.45306795700003,49.51084593300004,1.0,,,Unfall im Längsverkehr,"Fahrrad, Pkw",Zusammenstoß mit seitlich in gleicher Richtung fahrendem Fahrzeug
,2024,9,14,2,Unfall mit Leichtverletzten,6.0,7.0,0.0,0.0,0.0,1.0,0.0,0.0,1.0,8.464767925000046,49.49233665600008,0.0,,,sonstiger Unfall,"Fußgänger, Tram/Bus (bis 2017 auch LKW)",Zusammenstoß zwischen Fahrzeug und Fußgänger
,2024,9,7,2,Unfall mit Leichtverletzten,5.0,2.0,0.0,1.0,1.0,0.0,0.0,0.0,0.0,8.475706604000038,49.47351562200004,1.0,,,Abbiegeunfall,"Fahrrad, Pkw",Zusammenstoß mit einbiegendem / kreuzendem Fahrzeug
,2024,9,7,2,Unfall mit Schwerverletzten,5.0,5.0,0.0,1.0,1.0,0.0,0.0,0.0,0.0,8.457630964000032,49.491893404000045,1.0,,,Unfall durch ruhenden Verkehr,"Fahrrad, Pkw",Zusammenstoß mit einbiegendem / kreuzendem Fahrzeug
,2024,9,17,1,Unfall mit Schwerverletzten,3.0,6.0,0.0,1.0,0.0,0.0,0.0,0.0,0.0,8.569636671000069,49.462474574000055,1.0,,,Unfall im Längsverkehr,Fahrrad,Zusammenstoß mit seitlich in gleicher Richtung fahrendem Fahrzeug
,2024,9,10,1,Unfall mit Schwerverletzten,4.0,6.0,0.0,1.0,1.0,0.0,0.0,0.0,0.0,8.517023597000048,49.48413661400008,1.0,,,Unfall im Längsverkehr,"Fahrrad, Pkw",Zusammenstoß mit entgegenkommendem Fahrzeug
,2024,9,8,1,Unfall mit Leichtverletzten,6.0,2.0,0.0,0.0,1.0,1.0,0.0,0.0,0.0,8.532756974000051,49.506175617000046,0.0,,,Abbiegeunfall,"Pkw, Fußgänger",Zusammenstoß zwischen Fahrzeug und Fußgänger
,2024,9,0,1,Unfall mit Leichtverletzten,5.0,3.0,2.0,1.0,1.0,0.0,0.0,0.0,0.0,8.478680937000036,49.48780349000003,1.0,,,Einbiegen / Kreuzen-Unfall,"Fahrrad, Pkw",Zusammenstoß mit einbiegendem / kreuzendem Fahrzeug
,2024,8,16,7,Unfall mit Leichtverletzten,5.0,3.0,0.0,1.0,1.0,0.0,0.0,0.0,0.0,8.455651682000052,49.48698634100003,1.0,,,Einbiegen / Kreuzen-Unfall,"Fahrrad, Pkw",Zusammenstoß mit einbiegendem / kreuzendem Fahrzeug
,2024,8,11,7,Unfall mit Leichtverletzten,5.0,3.0,0.0,1.0,1.0,0.0,0.0,0.0,0.0,8.495776180000064,49.51008481000008,1.0,,,Einbiegen / Kreuzen-Unfall,"Fahrrad, Pkw",Zusammenstoß mit einbiegendem / kreuzendem Fahrzeug
,2024,8,23,6,Unfall mit Leichtverletzten,6.0,4.0,2.0,0.0,0.0,1.0,0.0,0.0,1.0,8.473731170000065,49.48381445700005,0.0,,,Überschreiten-Unfall,"Fußgänger, Tram/Bus (bis 2017 auch LKW)",Zusammenstoß zwischen Fahrzeug und Fußgänger
,2024,8,19,6,Unfall mit Leichtverletzten,1.0,5.0,1.0,1.0,1.0,0.0,0.0,0.0,0.0,8.479975137000054,49.48465505200005,1.0,,,Unfall durch ruhenden Verkehr,"Fahrrad, Pkw",Zusammenstoß mit anfahrendem/ anhaltendem/ ruhendem Fahrzeug
,2024,8,17,6,Unfall mit Leichtverletzten,0.0,5.0,0.0,1.0,1.0,0.0,0.0,0.0,0.0,8.483128151000074,49.48161629400005,1.0,,,Unfall durch ruhenden Verkehr,"Fahrrad, Pkw",Unfall anderer Art
,2024,8,5,6,Unfall mit Leichtverletzten,5.0,2.0,2.0,1.0,1.0,0.0,0.0,0.0,0.0,8.481766501000038,49.53195592700007,1.0,,,Abbiegeunfall,"Fahrrad, Pkw",Zusammenstoß mit einbiegendem / kreuzendem Fahrzeug
,2024,8,18,5,Unfall mit Leichtverletzten,2.0,6.0,0.0,1.0,1.0,0.0,0.0,0.0,0.0,8.47310447600006,49.48269426000007,1.0,,,Unfall im Längsverkehr,"Fahrrad, Pkw",Zusammenstoß mit vorausfahrendem / wartendem Fahrzeug
,2024,8,14,5,Unfall mit Leichtverletzten,6.0,4.0,0.0,0.0,1.0,1.0,0.0,0.0,0.0,8.497906081000053,49.52066165800005,0.0,,,Überschreiten-Unfall,"Pkw, Fußgänger",Zusammenstoß zwischen Fahrzeug und Fußgänger
,2024,8,11,5,Unfall mit Leichtverletzten,6.0,7.0,0.0,0.0,0.0,1.0,0.0,0.0,1.0,8.46397093500002,49.48905451900004,0.0,,,sonstiger Unfall,"Fußgänger, Tram/Bus (bis 2017 auch LKW)",Zusammenstoß zwischen Fahrzeug und Fußgänger
,2024,8,8,5,Unfall mit Leichtverletzten,6.0,2.0,0.0,0.0,0.0,1.0,0.0,0.0,1.0,8.472871523000038,49.48291202900003,0.0,,,Abbiegeunfall,"Fußgänger, Tram/Bus (bis 2017 auch LKW)",Zusammenstoß zwischen Fahrzeug und Fußgänger
,2024,8,17,4,Unfall mit Leichtverletzten,5.0,3.0,0.0,1.0,1.0,0.0,0.0,0.0,0.0,8.506298155000025,49.502641667000034,1.0,,,Einbiegen / Kreuzen-Unfall,"Fahrrad, Pkw",Zusammenstoß mit einbiegendem / kreuzendem Fahrzeug
,2024,8,13,4,Unfall mit Leichtverletzten,1.0,5.0,0.0,1.0,1.0,0.0,0.0,0.0,0.0,8.466438111000059,49.49049340300007,1.0,,,Unfall durch ruhenden Verkehr,"Fahrrad, Pkw",Zusammenstoß mit anfahrendem/ anhaltendem/ ruhendem Fahrzeug
,2024,8,12,4,Unfall mit Leichtverletzten,5.0,2.0,0.0,1.0,1.0,0.0,0.0,0.0,0.0,8.482463281000037,49.47916282400007,1.0,,,Abbiegeunfall,"Fahrrad, Pkw",Zusammenstoß mit einbiegendem / kreuzendem Fahrzeug
,2024,8,19,3,Unfall mit Leichtverletzten,5.0,3.0,0.0,1.0,1.0,0.0,0.0,0.0,0.0,8.46799863800004,49.48478643400006,1.0,,,Einbiegen / Kreuzen-Unfall,"Fahrrad, Pkw",Zusammenstoß mit einbiegendem / kreuzendem Fahrzeug
,2024,8,14,3,Unfall mit Leichtverletzten,3.0,2.0,0.0,1.0,0.0,0.0,0.0,1.0,0.0,8.470772477000025,49.50854753000005,1.0,,,Abbiegeunfall,"Fahrrad, LKW",Zusammenstoß mit seitlich in gleicher Richtung fahrendem Fahrzeug
,2024,8,19,2,Unfall mit Schwerverletzten,7.0,7.0,0.0,1.0,0.0,0.0,0.0,0.0,0.0,8.519572240000059,49.46367276800004,1.0,,,sonstiger Unfall,Fahrrad,Aufprall auf Fahrbahnhindernis
,2024,8,17,2,Unfall mit Leichtverletzten,0.0,7.0,0.0,1.0,0.0,0.0,0.0,0.0,0.0,8.533048390000033,49.44825482800008,1.0,,,sonstiger Unfall,Fahrrad,Unfall anderer Art
,2024,8,14,2,Unfall mit Leichtverletzten,3.0,2.0,0.0,1.0,1.0,0.0,0.0,0.0,0.0,8.468641009000066,49.49177563200004,1.0,,,Abbiegeunfall,"Fahrrad, Pkw",Zusammenstoß mit seitlich in gleicher Richtung fahrendem Fahrzeug
,2024,8,13,2,Unfall mit Leichtverletzten,5.0,3.0,0.0,1.0,1.0,0.0,0.0,0.0,0.0,8.478503911000075,49.46027624900007,1.0,,,Einbiegen / Kreuzen-Unfall,"Fahrrad, Pkw",Zusammenstoß mit einbiegendem / kreuzendem Fahrzeug
,2024,8,11,2,Unfall mit Leichtverletzten,0.0,7.0,0.0,1.0,0.0,0.0,0.0,0.0,1.0,8.534419300000025,49.48766562600008,1.0,,,sonstiger Unfall,"Fahrrad, Tram/Bus (bis 2017 auch LKW)",Unfall anderer Art
,2024,8,8,2,Unfall mit Leichtverletzten,0.0,7.0,0.0,1.0,0.0,0.0,0.0,0.0,0.0,8.479698978000044,49.453050707000045,1.0,,,sonstiger Unfall,Fahrrad,Unfall anderer Art
,2024,8,8,2,Unfall mit Leichtverletzten,0.0,7.0,0.0,1.0,0.0,0.0,0.0,0.0,0.0,8.50835881200004,49.482173983000045,1.0,,,sonstiger Unfall,Fahrrad,Unfall anderer Art
,2024,8,18,1,Unfall mit Leichtverletzten,5.0,2.0,0.0,1.0,1.0,0.0,0.0,0.0,0.0,8.465816484000072,49.50752674200004,1.0,,,Abbiegeunfall,"Fahrrad, Pkw",Zusammenstoß mit einbiegendem / kreuzendem Fahrzeug
,2024,8,17,1,Unfall mit Leichtverletzten,0.0,7.0,0.0,1.0,0.0,0.0,0.0,0.0,0.0,8.533691372000021,49.42492443100008,1.0,,,sonstiger Unfall,Fahrrad,Unfall anderer Art
,2024,8,13,1,Unfall mit Leichtverletzten,5.0,3.0,0.0,1.0,1.0,0.0,0.0,0.0,0.0,8.49333814800002,49.48680272900003,1.0,,,Einbiegen / Kreuzen-Unfall,"Fahrrad, Pkw",Zusammenstoß mit einbiegendem / kreuzendem Fahrzeug
,2024,7,22,7,Unfall mit Leichtverletzten,0.0,7.0,2.0,1.0,0.0,0.0,0.0,0.0,0.0,8.563219865000065,49.466955879000075,1.0,,,sonstiger Unfall,Fahrrad,Unfall anderer Art
,2024,7,22,7,Unfall mit Leichtverletzten,8.0,1.0,2.0,1.0,0.0,0.0,0.0,0.0,0.0,8.471309638000037,49.53299625100004,1.0,,,Fahrunfall,Fahrrad,Abkommen von Fahrbahn nach rechts
,2024,7,15,7,Unfall mit Leichtverletzten,5.0,7.0,0.0,1.0,1.0,0.0,0.0,0.0,0.0,8.474933145000023,49.50407422300003,1.0,,,sonstiger Unfall,"Fahrrad, Pkw",Zusammenstoß mit einbiegendem / kreuzendem Fahrzeug
,2024,7,11,7,Unfall mit Leichtverletzten,2.0,7.0,0.0,1.0,1.0,0.0,0.0,0.0,0.0,8.465053946000069,49.48904298600007,1.0,,,sonstiger Unfall,"Fahrrad, Pkw",Zusammenstoß mit vorausfahrendem / wartendem Fahrzeug
,2024,7,10,7,Unfall mit Leichtverletzten,5.0,3.0,0.0,1.0,1.0,0.0,0.0,0.0,0.0,8.473669419000032,49.48374650700004,1.0,,,Einbiegen / Kreuzen-Unfall,"Fahrrad, Pkw",Zusammenstoß mit einbiegendem / kreuzendem Fahrzeug
,2024,7,14,6,Unfall mit Leichtverletzten,5.0,3.0,0.0,1.0,0.0,0.0,0.0,1.0,0.0,8.455823500000065,49.48745143000008,1.0,,,Einbiegen / Kreuzen-Unfall,"Fahrrad, LKW",Zusammenstoß mit einbiegendem / kreuzendem Fahrzeug
,2024,7,12,6,Unfall mit Leichtverletzten,5.0,3.0,0.0,1.0,1.0,0.0,0.0,0.0,0.0,8.46265031400003,49.490049570000046,1.0,,,Einbiegen / Kreuzen-Unfall,"Fahrrad, Pkw",Zusammenstoß mit einbiegendem / kreuzendem Fahrzeug
,2024,7,11,6,Unfall mit Leichtverletzten,5.0,3.0,0.0,1.0,1.0,0.0,0.0,0.0,0.0,8.474407426000027,49.48543251300004,1.0,,,Einbiegen / Kreuzen-Unfall,"Fahrrad, Pkw",Zusammenstoß mit einbiegendem / kreuzendem Fahrzeug
,2024,7,6,6,Unfall mit Leichtverletzten,3.0,2.0,0.0,1.0,0.0,0.0,0.0,0.0,1.0,8.460144035000042,49.49309150700003,1.0,,,Abbiegeunfall,"Fahrrad, Tram/Bus (bis 2017 auch LKW)",Zusammenstoß mit seitlich in gleicher Richtung fahrendem Fahrzeug
,2024,7,2,6,Unfall mit Leichtverletzten,9.0,7.0,2.0,1.0,0.0,0.0,0.0,0.0,0.0,8.515253270000073,49.48866182300002,1.0,,,sonstiger Unfall,Fahrrad,Abkommen von Fahrbahn nach links
,2024,7,21,5,Unfall mit Leichtverletzten,2.0,6.0,0.0,1.0,1.0,0.0,0.0,0.0,0.0,8.458535586000039,49.49367231000008,1.0,,,Unfall im Längsverkehr,"Fahrrad, Pkw",Zusammenstoß mit vorausfahrendem / wartendem Fahrzeug
,2024,7,17,5,Unfall mit Leichtverletzten,7.0,7.0,0.0,1.0,0.0,0.0,0.0,0.0,0.0,8.46085490400003,49.49983408100008,1.0,,,sonstiger Unfall,Fahrrad,Aufprall auf Fahrbahnhindernis
,2024,7,17,5,Unfall mit Leichtverletzten,6.0,7.0,0.0,0.0,1.0,1.0,0.0,0.0,0.0,8.491290612000057,49.45328090300006,0.0,,,sonstiger Unfall,"Pkw, Fußgänger",Zusammenstoß zwischen Fahrzeug und Fußgänger
,2024,7,17,5,Unfall mit Leichtverletzten,6.0,6.0,0.0,0.0,0.0,1.0,0.0,0.0,1.0,8.470776968000052,49.48488537400005,0.0,,,Unfall im Längsverkehr,"Fußgänger, Tram/Bus (bis 2017 auch LKW)",Zusammenstoß zwischen Fahrzeug und Fußgänger
,2024,7,7,5,Unfall mit Leichtverletzten,0.0,7.0,0.0,1.0,0.0,0.0,0.0,0.0,0.0,8.467045218000067,49.47459901900004,1.0,,,sonstiger Unfall,Fahrrad,Unfall anderer Art
,2024,7,19,4,Unfall mit Leichtverletzten,5.0,3.0,0.0,1.0,1.0,0.0,0.0,0.0,0.0,8.495673578000037,49.50185810100004,1.0,,,Einbiegen / Kreuzen-Unfall,"Fahrrad, Pkw",Zusammenstoß mit einbiegendem / kreuzendem Fahrzeug
,2024,7,16,4,Unfall mit Leichtverletzten,6.0,7.0,0.0,0.0,0.0,1.0,0.0,0.0,1.0,8.47308351700002,49.483112275000046,0.0,,,sonstiger Unfall,"Fußgänger, Tram/Bus (bis 2017 auch LKW)",Zusammenstoß zwischen Fahrzeug und Fußgänger
,2024,7,16,4,Unfall mit Leichtverletzten,5.0,3.0,0.0,1.0,1.0,0.0,0.0,0.0,0.0,8.446441661000051,49.50743797400003,1.0,,,Einbiegen / Kreuzen-Unfall,"Fahrrad, Pkw",Zusammenstoß mit einbiegendem / kreuzendem Fahrzeug
,2024,7,13,4,Unfall mit Leichtverletzten,5.0,2.0,0.0,1.0,0.0,0.0,0.0,0.0,1.0,8.495967437000047,49.47877990200004,1.0,,,Abbiegeunfall,"Fahrrad, Tram/Bus (bis 2017 auch LKW)",Zusammenstoß mit einbiegendem / kreuzendem Fahrzeug
,2024,7,12,4,Unfall mit Leichtverletzten,3.0,6.0,0.0,1.0,0.0,0.0,0.0,0.0,0.0,8.485518084000034,49.48556542000006,1.0,,,Unfall im Längsverkehr,Fahrrad,Zusammenstoß mit seitlich in gleicher Richtung fahrendem Fahrzeug
,2024,7,12,4,Unfall mit Schwerverletzten,5.0,2.0,0.0,1.0,1.0,0.0,0.0,0.0,0.0,8.508483199000068,49.51593359700007,1.0,,,Abbiegeunfall,"Fahrrad, Pkw",Zusammenstoß mit einbiegendem / kreuzendem Fahrzeug
,2024,7,11,4,Unfall mit Schwerverletzten,1.0,7.0,0.0,1.0,0.0,0.0,0.0,0.0,0.0,8.472226313000021,49.49277698100008,1.0,,,sonstiger Unfall,Fahrrad,Zusammenstoß mit anfahrendem/ anhaltendem/ ruhendem Fahrzeug
,2024,7,9,4,Unfall mit Leichtverletzten,0.0,7.0,0.0,1.0,0.0,0.0,0.0,0.0,0.0,8.482928173000062,49.49315029900004,1.0,,,sonstiger Unfall,Fahrrad,Unfall anderer Art
,2024,7,9,4,Unfall mit Leichtverletzten,3.0,5.0,0.0,1.0,1.0,0.0,0.0,0.0,0.0,8.48345071600005,49.47767775400007,1.0,,,Unfall durch ruhenden Verkehr,"Fahrrad, Pkw",Zusammenstoß mit seitlich in gleicher Richtung fahrendem Fahrzeug
,2024,7,20,3,Unfall mit Leichtverletzten,4.0,6.0,0.0,1.0,0.0,0.0,0.0,0.0,0.0,8.486656810000056,49.44720385300008,1.0,,,Unfall im Längsverkehr,Fahrrad,Zusammenstoß mit entgegenkommendem Fahrzeug
,2024,7,19,3,Unfall mit Leichtverletzten,3.0,6.0,0.0,1.0,0.0,0.0,0.0,0.0,1.0,8.479137863000062,49.47709484000006,1.0,,,Unfall im Längsverkehr,"Fahrrad, Tram/Bus (bis 2017 auch LKW)",Zusammenstoß mit seitlich in gleicher Richtung fahrendem Fahrzeug
,2024,7,18,3,Unfall mit Schwerverletzten,6.0,4.0,0.0,0.0,0.0,1.0,0.0,0.0,1.0,8.47003416900003,49.50486518000008,0.0,,,Überschreiten-Unfall,"Fußgänger, Tram/Bus (bis 2017 auch LKW)",Zusammenstoß zwischen Fahrzeug und Fußgänger
,2024,7,17,3,Unfall mit Leichtverletzten,5.0,3.0,0.0,1.0,1.0,0.0,0.0,0.0,0.0,8.462228365000044,49.48478667500007,1.0,,,Einbiegen / Kreuzen-Unfall,"Fahrrad, Pkw",Zusammenstoß mit einbiegendem / kreuzendem Fahrzeug
,2024,7,16,3,Unfall mit Schwerverletzten,4.0,6.0,0.0,1.0,1.0,0.0,0.0,0.0,0.0,8.53037837200003,49.489120703000026,1.0,,,Unfall im Längsverkehr,"Fahrrad, Pkw",Zusammenstoß mit entgegenkommendem Fahrzeug
,2024,7,15,3,Unfall mit Leichtverletzten,6.0,6.0,0.0,0.0,1.0,1.0,0.0,0.0,0.0,8.481696902000067,49.455559934000064,0.0,,,Unfall im Längsverkehr,"Pkw, Fußgänger",Zusammenstoß zwischen Fahrzeug und Fußgänger
,2024,7,9,3,Unfall mit Leichtverletzten,3.0,6.0,0.0,1.0,1.0,0.0,0.0,0.0,0.0,8.44776865600005,49.54361072000006,1.0,,,Unfall im Längsverkehr,"Fahrrad, Pkw",Zusammenstoß mit seitlich in gleicher Richtung fahrendem Fahrzeug
,2024,7,8,3,Unfall mit Leichtverletzten,5.0,3.0,0.0,1.0,0.0,0.0,0.0,0.0,0.0,8.493055578000053,49.50066644800006,1.0,,,Einbiegen / Kreuzen-Unfall,Fahrrad,Zusammenstoß mit einbiegendem / kreuzendem Fahrzeug
,2024,7,8,3,Unfall mit Leichtverletzten,0.0,7.0,0.0,1.0,0.0,0.0,0.0,0.0,0.0,8.48587542000007,49.52561503300007,1.0,,,sonstiger Unfall,Fahrrad,Unfall anderer Art
,2024,7,7,3,Unfall mit Leichtverletzten,5.0,3.0,0.0,1.0,1.0,0.0,0.0,0.0,0.0,8.569223708000038,49.46092317000006,1.0,,,Einbiegen / Kreuzen-Unfall,"Fahrrad, Pkw",Zusammenstoß mit einbiegendem / kreuzendem Fahrzeug
,2024,7,17,2,Unfall mit Leichtverletzten,5.0,2.0,0.0,1.0,1.0,0.0,0.0,0.0,0.0,8.512465399000064,49.488836615000025,1.0,,,Abbiegeunfall,"Fahrrad, Pkw",Zusammenstoß mit einbiegendem / kreuzendem Fahrzeug
,2024,7,16,2,Unfall mit Leichtverletzten,4.0,6.0,0.0,1.0,0.0,0.0,0.0,0.0,0.0,8.497576064000043,49.50293476100006,1.0,,,Unfall im Längsverkehr,Fahrrad,Zusammenstoß mit entgegenkommendem Fahrzeug
,2024,7,16,2,Unfall mit Leichtverletzten,6.0,4.0,0.0,0.0,1.0,1.0,0.0,0.0,0.0,8.472287747000053,49.49897870800004,0.0,,,Überschreiten-Unfall,"Pkw, Fußgänger",Zusammenstoß zwischen Fahrzeug und Fußgänger
,2024,7,13,2,Unfall mit Leichtverletzten,6.0,4.0,0.0,0.0,1.0,1.0,0.0,0.0,0.0,8.523664133000068,49.48835357400003,0.0,,,Überschreiten-Unfall,"Pkw, Fußgänger",Zusammenstoß zwischen Fahrzeug und Fußgänger
,2024,7,13,2,Unfall mit Leichtverletzten,7.0,7.0,0.0,0.0,0.0,1.0,0.0,1.0,0.0,8.47083968800007,49.487788892000026,0.0,,,sonstiger Unfall,"Fußgänger, LKW",Aufprall auf Fahrbahnhindernis
,2024,7,11,2,Unfall mit Leichtverletzten,6.0,4.0,0.0,0.0,1.0,1.0,0.0,0.0,0.0,8.448989829000027,49.54230451800004,0.0,,,Überschreiten-Unfall,"Pkw, Fußgänger",Zusammenstoß zwischen Fahrzeug und Fußgänger
,2024,7,10,2,Unfall mit Leichtverletzten,6.0,7.0,0.0,0.0,1.0,1.0,0.0,0.0,0.0,8.476552671000036,49.48689044000008,0.0,,,sonstiger Unfall,"Pkw, Fußgänger",Zusammenstoß zwischen Fahrzeug und Fußgänger
,2024,7,7,2,Unfall mit Leichtverletzten,3.0,2.0,0.0,1.0,0.0,0.0,0.0,1.0,0.0,8.477824849000058,49.47647759200004,1.0,,,Abbiegeunfall,"Fahrrad, LKW",Zusammenstoß mit seitlich in gleicher Richtung fahrendem Fahrzeug
,2024,7,7,2,Unfall mit Leichtverletzten,6.0,4.0,0.0,0.0,0.0,1.0,0.0,0.0,1.0,8.470622958000035,49.50866345100008,0.0,,,Überschreiten-Unfall,"Fußgänger, Tram/Bus (bis 2017 auch LKW)",Zusammenstoß zwischen Fahrzeug und Fußgänger
,2024,7,22,1,Unfall mit Leichtverletzten,0.0,7.0,2.0,1.0,0.0,0.0,0.0,0.0,0.0,8.461708171000055,49.48846135000008,1.0,,,sonstiger Unfall,Fahrrad,Unfall anderer Art
,2024,7,17,1,Unfall mit Leichtverletzten,6.0,4.0,0.0,0.0,1.0,1.0,0.0,0.0,0.0,8.470374350000043,49.49101741100003,0.0,,,Überschreiten-Unfall,"Pkw, Fußgänger",Zusammenstoß zwischen Fahrzeug und Fußgänger
,2024,7,10,1,Unfall mit Leichtverletzten,5.0,3.0,0.0,1.0,1.0,0.0,0.0,0.0,0.0,8.494146827000066,49.515936598000046,1.0,,,Einbiegen / Kreuzen-Unfall,"Fahrrad, Pkw",Zusammenstoß mit einbiegendem / kreuzendem Fahrzeug
,2024,7,10,1,Unfall mit Leichtverletzten,0.0,7.0,0.0,0.0,1.0,1.0,0.0,0.0,0.0,8.472961309000027,49.47819125900003,0.0,,,sonstiger Unfall,"Pkw, Fußgänger",Unfall anderer Art
,2024,6,19,7,Unfall mit Leichtverletzten,0.0,7.0,0.0,0.0,0.0,1.0,0.0,0.0,1.0,8.468285953000077,49.490026930000056,0.0,,,sonstiger Unfall,"Fußgänger, Tram/Bus (bis 2017 auch LKW)",Unfall anderer Art
,2024,6,16,7,Unfall mit Leichtverletzten,5.0,3.0,0.0,1.0,1.0,0.0,0.0,0.0,0.0,8.481938159000038,49.46490090700007,1.0,,,Einbiegen / Kreuzen-Unfall,"Fahrrad, Pkw",Zusammenstoß mit einbiegendem / kreuzendem Fahrzeug
,2024,6,9,7,Unfall mit Leichtverletzten,5.0,3.0,0.0,1.0,1.0,0.0,0.0,0.0,0.0,8.468369708000068,49.52923566200008,1.0,,,Einbiegen / Kreuzen-Unfall,"Fahrrad, Pkw",Zusammenstoß mit einbiegendem / kreuzendem Fahrzeug
,2024,6,2,7,Unfall mit Leichtverletzten,0.0,7.0,2.0,1.0,0.0,0.0,0.0,0.0,0.0,8.484204085000044,49.47112750400004,1.0,,,sonstiger Unfall,Fahrrad,Unfall anderer Art
,2024,6,1,7,Unfall mit Leichtverletzten,2.0,7.0,2.0,1.0,1.0,0.0,0.0,0.0,0.0,8.480097783000076,49.56185112500003,1.0,,,sonstiger Unfall,"Fahrrad, Pkw",Zusammenstoß mit vorausfahrendem / wartendem Fahrzeug
,2024,6,21,6,Unfall mit Leichtverletzten,5.0,3.0,1.0,1.0,1.0,0.0,0.0,0.0,0.0,8.466525832000059,49.490533982000045,1.0,,,Einbiegen / Kreuzen-Unfall,"Fahrrad, Pkw",Zusammenstoß mit einbiegendem / kreuzendem Fahrzeug
,2024,6,18,6,Unfall mit Schwerverletzten,5.0,3.0,0.0,1.0,1.0,0.0,0.0,0.0,0.0,8.544510359000071,49.48292411700004,1.0,,,Einbiegen / Kreuzen-Unfall,"Fahrrad, Pkw",Zusammenstoß mit einbiegendem / kreuzendem Fahrzeug
,2024,6,16,6,Unfall mit Leichtverletzten,6.0,4.0,0.0,0.0,1.0,1.0,0.0,0.0,0.0,8.49434259000003,49.51633532800008,0.0,,,Überschreiten-Unfall,"Pkw, Fußgänger",Zusammenstoß zwischen Fahrzeug und Fußgänger
,2024,6,20,5,Unfall mit Leichtverletzten,5.0,3.0,0.0,1.0,1.0,0.0,0.0,0.0,0.0,8.485652998000035,49.530159999000034,1.0,,,Einbiegen / Kreuzen-Unfall,"Fahrrad, Pkw",Zusammenstoß mit einbiegendem / kreuzendem Fahrzeug
,2024,6,16,5,Unfall mit Leichtverletzten,6.0,2.0,0.0,0.0,1.0,1.0,0.0,0.0,0.0,8.505742824000038,49.50687271500004,0.0,,,Abbiegeunfall,"Pkw, Fußgänger",Zusammenstoß zwischen Fahrzeug und Fußgänger
,2024,6,10,5,Unfall mit Leichtverletzten,6.0,4.0,0.0,0.0,1.0,1.0,0.0,0.0,0.0,8.475798756000074,49.473517755000046,0.0,,,Überschreiten-Unfall,"Pkw, Fußgänger",Zusammenstoß zwischen Fahrzeug und Fußgänger
,2024,6,10,5,Unfall mit Schwerverletzten,0.0,7.0,0.0,1.0,0.0,0.0,0.0,0.0,0.0,8.474132141000041,49.48120042400007,1.0,,,sonstiger Unfall,Fahrrad,Unfall anderer Art
,2024,6,10,5,Unfall mit Schwerverletzten,6.0,2.0,0.0,0.0,1.0,1.0,0.0,0.0,0.0,8.49153816100005,49.49691540700008,0.0,,,Abbiegeunfall,"Pkw, Fußgänger",Zusammenstoß zwischen Fahrzeug und Fußgänger
,2024,6,10,5,Unfall mit Leichtverletzten,5.0,3.0,0.0,1.0,1.0,0.0,0.0,0.0,0.0,8.480266752000034,49.45662431200003,1.0,,,Einbiegen / Kreuzen-Unfall,"Fahrrad, Pkw",Zusammenstoß mit einbiegendem / kreuzendem Fahrzeug