OBJECTID,UJAHR,UMONAT,USTUNDE,UWOCHENTAG,UKATEGORIE,UART,UTYP1,ULICHTVERH,IstRad,IstPKW,IstFuss,IstKrad,IstGkfz,IstSonstige,Longitude,Latitude,IstRadBetroffen,Kommentar,Stadtteil,typ,involved,art
,2023,3,14,5,Unfall mit Leichtverletzten,5.0,3.0,0.0,1.0,1.0,0.0,0.0,0.0,0.0,8.46699841000003,49.471563338000074,1.0,,,Einbiegen / Kreuzen-Unfall,"Fahrrad, Pkw",Zusammenstoß mit einbiegendem / kreuzendem Fahrzeug
,2023,3,13,5,Unfall mit Schwerverletzten,3.0,2.0,0.0,1.0,1.0,0.0,0.0,0.0,0.0,8.490127622000045,49.46135837800006,1.0,,,Abbiegeunfall,"Fahrrad, Pkw",Zusammenstoß mit seitlich in gleicher Richtung fahrendem Fahrzeug
,2023,3,12,5,Unfall mit Leichtverletzten,6.0,2.0,0.0,0.0,0.0,1.0,0.0,1.0,0.0,8.479832094000074,49.48261727400006,0.0,,,Abbiegeunfall,"Fußgänger, LKW",Zusammenstoß zwischen Fahrzeug und Fußgänger
,2023,3,11,5,Unfall mit Schwerverletzten,5.0,3.0,0.0,1.0,1.0,0.0,0.0,0.0,0.0,8.490111373000047,49.45791856500006,1.0,,,Einbiegen / Kreuzen-Unfall,"Fahrrad, Pkw",Zusammenstoß mit einbiegendem / kreuzendem Fahrzeug
,2023,3,10,5,Unfall mit Leichtverletzten,5.0,3.0,0.0,1.0,1.0,0.0,0.0,0.0,0.0,8.488313625000046,49.49754080000008,1.0,,,Einbiegen / Kreuzen-Unfall,"Fahrrad, Pkw",Zusammenstoß mit einbiegendem / kreuzendem Fahrzeug
,2023,3,8,5,Unfall mit Leichtverletzten,5.0,3.0,0.0,1.0,1.0,0.0,0.0,0.0,0.0,8.480560572000059,49.52215112400006,1.0,,,Einbiegen / Kreuzen-Unfall,"Fahrrad, Pkw",Zusammenstoß mit einbiegendem / kreuzendem Fahrzeug
,2023,3,7,5,Unfall mit Leichtverletzten,5.0,3.0,0.0,1.0,0.0,0.0,0.0,0.0,1.0,8.529345613000032,49.490437687000046,1.0,,,Einbiegen / Kreuzen-Unfall,"Fahrrad, Tram/Bus (bis 2017 auch LKW)",Zusammenstoß mit einbiegendem / kreuzendem Fahrzeug
,2023,3,20,4,Unfall mit Leichtverletzten,4.0,2.0,2.0,1.0,1.0,0.0,0.0,0.0,0.0,8.49201221800007,49.45896788800008,1.0,,,Abbiegeunfall,"Fahrrad, Pkw",Zusammenstoß mit entgegenkommendem Fahrzeug
,2023,3,17,4,Unfall mit Leichtverletzten,6.0,4.0,0.0,0.0,1.0,1.0,0.0,0.0,0.0,8.466649881000023,49.49317040900007,0.0,,,Überschreiten-Unfall,"Pkw, Fußgänger",Zusammenstoß zwischen Fahrzeug und Fußgänger
,2023,3,14,4,Unfall mit Schwerverletzten,4.0,6.0,0.0,1.0,1.0,0.0,0.0,0.0,0.0,8.489743390000058,49.52831450600007,1.0,,,Unfall im Längsverkehr,"Fahrrad, Pkw",Zusammenstoß mit entgegenkommendem Fahrzeug
,2023,3,7,4,Unfall mit Leichtverletzten,6.0,4.0,0.0,0.0,0.0,1.0,0.0,0.0,1.0,8.470627979000028,49.50868345300007,0.0,,,Überschreiten-Unfall,"Fußgänger, Tram/Bus (bis 2017 auch LKW)",Zusammenstoß zwischen Fahrzeug und Fußgänger
,2023,3,7,4,Unfall mit Schwerverletzten,5.0,3.0,0.0,1.0,1.0,0.0,0.0,0.0,0.0,8.497224325000047,49.51795430400006,1.0,,,Einbiegen / Kreuzen-Unfall,"Fahrrad, Pkw",Zusammenstoß mit einbiegendem / kreuzendem Fahrzeug
,2023,3,7,4,Unfall mit Leichtverletzten,5.0,3.0,0.0,1.0,0.0,0.0,0.0,0.0,1.0,8.522164584000052,49.51160347900003,1.0,,,Einbiegen / Kreuzen-Unfall,"Fahrrad, Tram/Bus (bis 2017 auch LKW)",Zusammenstoß mit einbiegendem / kreuzendem Fahrzeug
,2023,3,5,4,Unfall mit Schwerverletzten,5.0,3.0,2.0,1.0,1.0,0.0,0.0,0.0,0.0,8.449830848000033,49.50489455700006,1.0,,,Einbiegen / Kreuzen-Unfall,"Fahrrad, Pkw",Zusammenstoß mit einbiegendem / kreuzendem Fahrzeug
,2023,3,19,3,Unfall mit Leichtverletzten,2.0,6.0,2.0,1.0,0.0,0.0,0.0,0.0,1.0,8.504011589000072,49.47783790400007,1.0,,,Unfall im Längsverkehr,"Fahrrad, Tram/Bus (bis 2017 auch LKW)",Zusammenstoß mit vorausfahrendem / wartendem Fahrzeug
,2023,3,16,3,Unfall mit Leichtverletzten,5.0,5.0,0.0,1.0,1.0,0.0,1.0,0.0,0.0,8.488781826000036,49.46277418500006,1.0,,,Unfall durch ruhenden Verkehr,"Fahrrad, Pkw, Kraftrad",Zusammenstoß mit einbiegendem / kreuzendem Fahrzeug
,2023,3,7,3,Unfall mit Leichtverletzten,5.0,3.0,0.0,1.0,1.0,0.0,0.0,0.0,0.0,8.504498124000065,49.44510095500005,1.0,,,Einbiegen / Kreuzen-Unfall,"Fahrrad, Pkw",Zusammenstoß mit einbiegendem / kreuzendem Fahrzeug
,2023,3,17,2,Unfall mit Leichtverletzten,3.0,2.0,0.0,1.0,1.0,0.0,0.0,0.0,0.0,8.475887296000053,49.48707106400008,1.0,,,Abbiegeunfall,"Fahrrad, Pkw",Zusammenstoß mit seitlich in gleicher Richtung fahrendem Fahrzeug
,2023,3,16,2,Unfall mit Leichtverletzten,0.0,7.0,0.0,1.0,0.0,0.0,0.0,0.0,0.0,8.483706505000043,49.46984006000008,1.0,,,sonstiger Unfall,Fahrrad,Unfall anderer Art
,2023,3,13,2,Unfall mit Schwerverletzten,5.0,3.0,0.0,1.0,1.0,0.0,0.0,0.0,0.0,8.523605737000025,49.43873798700008,1.0,,,Einbiegen / Kreuzen-Unfall,"Fahrrad, Pkw",Zusammenstoß mit einbiegendem / kreuzendem Fahrzeug
,2023,3,13,1,Unfall mit Leichtverletzten,6.0,7.0,0.0,0.0,1.0,1.0,0.0,0.0,0.0,8.471662884000068,49.46467307000007,0.0,,,sonstiger Unfall,"Pkw, Fußgänger",Zusammenstoß zwischen Fahrzeug und Fußgänger
,2023,2,22,7,Unfall mit Leichtverletzten,3.0,6.0,2.0,1.0,1.0,0.0,0.0,0.0,0.0,8.476179681000076,49.48723897600007,1.0,,,Unfall im Längsverkehr,"Fahrrad, Pkw",Zusammenstoß mit seitlich in gleicher Richtung fahrendem Fahrzeug
,2023,2,13,7,Unfall mit Leichtverletzten,6.0,2.0,0.0,0.0,1.0,1.0,0.0,0.0,0.0,8.465017757000055,49.48905730900003,0.0,,,Abbiegeunfall,"Pkw, Fußgänger",Zusammenstoß zwischen Fahrzeug und Fußgänger
,2023,2,2,7,Unfall mit Leichtverletzten,6.0,2.0,2.0,0.0,1.0,1.0,0.0,0.0,0.0,8.465837072000056,49.48984359900004,0.0,,,Abbiegeunfall,"Pkw, Fußgänger",Zusammenstoß zwischen Fahrzeug und Fußgänger
,2023,2,18,6,Unfall mit Leichtverletzten,6.0,2.0,2.0,0.0,1.0,1.0,0.0,0.0,0.0,8.475076835000038,49.45165624800006,0.0,,,Abbiegeunfall,"Pkw, Fußgänger",Zusammenstoß zwischen Fahrzeug und Fußgänger
,2023,2,15,6,Unfall mit Leichtverletzten,0.0,3.0,0.0,1.0,1.0,0.0,0.0,0.0,0.0,8.477244412000061,49.48597080700006,1.0,,,Einbiegen / Kreuzen-Unfall,"Fahrrad, Pkw",Unfall anderer Art
,2023,2,11,6,Unfall mit Leichtverletzten,5.0,3.0,0.0,1.0,1.0,0.0,0.0,0.0,0.0,8.49020414000006,49.52813467100003,1.0,,,Einbiegen / Kreuzen-Unfall,"Fahrrad, Pkw",Zusammenstoß mit einbiegendem / kreuzendem Fahrzeug
,2023,2,17,5,Unfall mit Leichtverletzten,6.0,4.0,1.0,1.0,0.0,1.0,0.0,0.0,0.0,8.47870935800006,49.46214651900005,1.0,,,Überschreiten-Unfall,"Fahrrad, Fußgänger",Zusammenstoß zwischen Fahrzeug und Fußgänger
,2023,2,12,5,Unfall mit Leichtverletzten,5.0,3.0,0.0,1.0,1.0,0.0,0.0,0.0,0.0,8.464062599000044,49.49156555900004,1.0,,,Einbiegen / Kreuzen-Unfall,"Fahrrad, Pkw",Zusammenstoß mit einbiegendem / kreuzendem Fahrzeug
,2023,2,9,5,Unfall mit Leichtverletzten,6.0,2.0,0.0,0.0,1.0,1.0,0.0,0.0,0.0,8.52046355400006,49.48967965000002,0.0,,,Abbiegeunfall,"Pkw, Fußgänger",Zusammenstoß zwischen Fahrzeug und Fußgänger
,2023,2,6,5,Unfall mit Leichtverletzten,5.0,3.0,0.0,1.0,1.0,0.0,0.0,0.0,0.0,8.505503557000054,49.47614842600007,1.0,,,Einbiegen / Kreuzen-Unfall,"Fahrrad, Pkw",Zusammenstoß mit einbiegendem / kreuzendem Fahrzeug
,2023,2,18,4,Unfall mit Leichtverletzten,0.0,6.0,1.0,1.0,1.0,0.0,0.0,0.0,0.0,8.510205989000042,49.50775982700002,1.0,,,Unfall im Längsverkehr,"Fahrrad, Pkw",Unfall anderer Art
,2023,2,9,4,Unfall mit Schwerverletzten,5.0,3.0,0.0,1.0,1.0,0.0,0.0,0.0,0.0,8.497121696000022,49.45085152400002,1.0,,,Einbiegen / Kreuzen-Unfall,"Fahrrad, Pkw",Zusammenstoß mit einbiegendem / kreuzendem Fahrzeug
,2023,2,19,3,Unfall mit Leichtverletzten,5.0,3.0,2.0,1.0,1.0,0.0,0.0,0.0,0.0,8.457080357000052,49.49209935300007,1.0,,,Einbiegen / Kreuzen-Unfall,"Fahrrad, Pkw",Zusammenstoß mit einbiegendem / kreuzendem Fahrzeug
,2023,2,18,3,Unfall mit Schwerverletzten,6.0,3.0,1.0,0.0,1.0,1.0,0.0,0.0,0.0,8.504714243000024,49.504205211000055,0.0,,,Einbiegen / Kreuzen-Unfall,"Pkw, Fußgänger",Zusammenstoß zwischen Fahrzeug und Fußgänger
,2023,2,7,3,Unfall mit Schwerverletzten,5.0,3.0,0.0,1.0,1.0,0.0,0.0,0.0,0.0,8.467390058000035,49.490190816000045,1.0,,,Einbiegen / Kreuzen-Unfall,"Fahrrad, Pkw",Zusammenstoß mit einbiegendem / kreuzendem Fahrzeug
,2023,2,19,2,Unfall mit Leichtverletzten,5.0,3.0,2.0,1.0,1.0,0.0,0.0,0.0,0.0,8.489276246000031,49.46238468300004,1.0,,,Einbiegen / Kreuzen-Unfall,"Fahrrad, Pkw",Zusammenstoß mit einbiegendem / kreuzendem Fahrzeug
,2023,2,14,2,Unfall mit Leichtverletzten,5.0,3.0,0.0,1.0,1.0,0.0,0.0,0.0,0.0,8.481125505000023,49.45683246100003,1.0,,,Einbiegen / Kreuzen-Unfall,"Fahrrad, Pkw",Zusammenstoß mit einbiegendem / kreuzendem Fahrzeug
,2023,2,11,2,Unfall mit Leichtverletzten,5.0,3.0,0.0,1.0,0.0,0.0,0.0,0.0,1.0,8.470819713000026,49.49275946800003,1.0,,,Einbiegen / Kreuzen-Unfall,"Fahrrad, Tram/Bus (bis 2017 auch LKW)",Zusammenstoß mit einbiegendem / kreuzendem Fahrzeug
,2023,2,10,2,Unfall mit Schwerverletzten,6.0,4.0,0.0,0.0,1.0,1.0,0.0,0.0,0.0,8.501515735000055,49.45501144900004,0.0,,,Überschreiten-Unfall,"Pkw, Fußgänger",Zusammenstoß zwischen Fahrzeug und Fußgänger
,2023,2,8,2,Unfall mit Leichtverletzten,4.0,2.0,0.0,1.0,1.0,0.0,0.0,0.0,0.0,8.477125994000062,49.496478098000075,1.0,,,Abbiegeunfall,"Fahrrad, Pkw",Zusammenstoß mit entgegenkommendem Fahrzeug
,2023,2,7,2,Unfall mit Leichtverletzten,6.0,2.0,1.0,0.0,1.0,1.0,0.0,0.0,0.0,8.492305755000075,49.46108523700008,0.0,,,Abbiegeunfall,"Pkw, Fußgänger",Zusammenstoß zwischen Fahrzeug und Fußgänger
,2023,2,11,1,Unfall mit Schwerverletzten,0.0,7.0,0.0,1.0,0.0,0.0,0.0,0.0,0.0,8.558179627000072,49.46969052600008,1.0,,,sonstiger Unfall,Fahrrad,Unfall anderer Art
,2023,1,19,7,Unfall mit Leichtverletzten,3.0,6.0,2.0,1.0,1.0,0.0,0.0,0.0,0.0,8.475421993000054,49.49009608400007,1.0,,,Unfall im Längsverkehr,"Fahrrad, Pkw",Zusammenstoß mit seitlich in gleicher Richtung fahrendem Fahrzeug
,2023,1,15,7,Unfall mit Leichtverletzten,3.0,6.0,0.0,1.0,1.0,0.0,0.0,0.0,0.0,8.545538118000024,49.48996347800005,1.0,,,Unfall im Längsverkehr,"Fahrrad, Pkw",Zusammenstoß mit seitlich in gleicher Richtung fahrendem Fahrzeug
,2023,1,18,5,Unfall mit Leichtverletzten,5.0,2.0,2.0,1.0,1.0,0.0,0.0,0.0,0.0,8.51520025800005,49.50961775800005,1.0,,,Abbiegeunfall,"Fahrrad, Pkw",Zusammenstoß mit einbiegendem / kreuzendem Fahrzeug
,2023,1,17,5,Unfall mit Leichtverletzten,6.0,4.0,2.0,0.0,0.0,1.0,0.0,0.0,1.0,8.522987943000032,49.47736620200004,0.0,,,Überschreiten-Unfall,"Fußgänger, Tram/Bus (bis 2017 auch LKW)",Zusammenstoß zwischen Fahrzeug und Fußgänger
,2023,1,16,5,Unfall mit Leichtverletzten,0.0,7.0,0.0,1.0,0.0,0.0,0.0,0.0,0.0,8.497174724000047,49.50266984600007,1.0,,,sonstiger Unfall,Fahrrad,Unfall anderer Art
,2023,1,13,5,Unfall mit Leichtverletzten,5.0,3.0,0.0,1.0,1.0,0.0,0.0,0.0,0.0,8.498962466000023,49.45375825200006,1.0,,,Einbiegen / Kreuzen-Unfall,"Fahrrad, Pkw",Zusammenstoß mit einbiegendem / kreuzendem Fahrzeug
,2023,1,7,5,Unfall mit Leichtverletzten,1.0,6.0,1.0,1.0,0.0,0.0,0.0,0.0,0.0,8.577928118000045,49.45891735100008,1.0,,,Unfall im Längsverkehr,Fahrrad,Zusammenstoß mit anfahrendem/ anhaltendem/ ruhendem Fahrzeug
,2023,1,19,4,Unfall mit Schwerverletzten,6.0,4.0,2.0,0.0,0.0,1.0,0.0,0.0,1.0,8.47690568300004,49.51680388300008,0.0,,,Überschreiten-Unfall,"Fußgänger, Tram/Bus (bis 2017 auch LKW)",Zusammenstoß zwischen Fahrzeug und Fußgänger
,2023,1,16,4,Unfall mit Leichtverletzten,0.0,7.0,2.0,1.0,0.0,0.0,0.0,0.0,0.0,8.504471186000046,49.477831450000046,1.0,,,sonstiger Unfall,Fahrrad,Unfall anderer Art
,2023,1,6,4,Unfall mit Leichtverletzten,0.0,1.0,2.0,1.0,0.0,0.0,0.0,0.0,0.0,8.524581247000071,49.44035570900007,1.0,,,Fahrunfall,Fahrrad,Unfall anderer Art
,2023,1,19,3,Unfall mit Leichtverletzten,6.0,2.0,2.0,0.0,1.0,1.0,0.0,0.0,0.0,8.505039814000042,49.52216499000008,0.0,,,Abbiegeunfall,"Pkw, Fußgänger",Zusammenstoß zwischen Fahrzeug und Fußgänger
,2023,1,17,3,Unfall mit Leichtverletzten,5.0,3.0,0.0,1.0,1.0,0.0,0.0,0.0,0.0,8.519465184000069,49.421430962000045,1.0,,,Einbiegen / Kreuzen-Unfall,"Fahrrad, Pkw",Zusammenstoß mit einbiegendem / kreuzendem Fahrzeug
,2023,1,15,3,Unfall mit Leichtverletzten,3.0,6.0,0.0,1.0,1.0,0.0,0.0,1.0,0.0,8.485514244000058,49.46667132400007,1.0,,,Unfall im Längsverkehr,"Fahrrad, Pkw, LKW",Zusammenstoß mit seitlich in gleicher Richtung fahrendem Fahrzeug
,2023,1,10,3,Unfall mit Schwerverletzten,3.0,2.0,0.0,1.0,1.0,0.0,0.0,0.0,0.0,8.520796464000057,49.47749539300003,1.0,,,Abbiegeunfall,"Fahrrad, Pkw",Zusammenstoß mit seitlich in gleicher Richtung fahrendem Fahrzeug
,2023,1,9,3,Unfall mit Leichtverletzten,5.0,3.0,0.0,1.0,1.0,0.0,0.0,0.0,0.0,8.488146653000058,49.46356678700005,1.0,,,Einbiegen / Kreuzen-Unfall,"Fahrrad, Pkw",Zusammenstoß mit einbiegendem / kreuzendem Fahrzeug
,2023,1,8,3,Unfall mit Leichtverletzten,6.0,4.0,0.0,0.0,0.0,1.0,0.0,0.0,1.0,8.47264885800007,49.48518168600003,0.0,,,Überschreiten-Unfall,"Fußgänger, Tram/Bus (bis 2017 auch LKW)",Zusammenstoß zwischen Fahrzeug und Fußgänger
,2023,1,7,3,Unfall mit Leichtverletzten,3.0,2.0,0.0,1.0,1.0,0.0,0.0,0.0,0.0,8.479720392000047,49.488495415000045,1.0,,,Abbiegeunfall,"Fahrrad, Pkw",Zusammenstoß mit seitlich in gleicher Richtung fahrendem Fahrzeug
,2023,1,17,2,Unfall mit Leichtverletzten,3.0,6.0,2.0,1.0,1.0,0.0,0.0,0.0,0.0,8.56925416200005,49.442228904000046,1.0,,,Unfall im Längsverkehr,"Fahrrad, Pkw",Zusammenstoß mit seitlich in gleicher Richtung fahrendem Fahrzeug
,2023,1,17,2,Unfall mit Leichtverletzten,4.0,6.0,1.0,1.0,1.0,0.0,0.0,0.0,0.0,8.56445337100007,49.45798853400004,1.0,,,Unfall im Längsverkehr,"Fahrrad, Pkw",Zusammenstoß mit entgegenkommendem Fahrzeug
,2023,1,14,2,Unfall mit Schwerverletzten,6.0,4.0,0.0,0.0,1.0,1.0,0.0,0.0,0.0,8.494320379000044,49.45544550100004,0.0,,,Überschreiten-Unfall,"Pkw, Fußgänger",Zusammenstoß zwischen Fahrzeug und Fußgänger
,2023,1,12,2,Unfall mit Leichtverletzten,5.0,3.0,0.0,1.0,1.0,0.0,0.0,0.0,0.0,8.482136276000062,49.47419088600003,1.0,,,Einbiegen / Kreuzen-Unfall,"Fahrrad, Pkw",Zusammenstoß mit einbiegendem / kreuzendem Fahrzeug
,2023,1,11,2,Unfall mit Leichtverletzten,1.0,5.0,0.0,1.0,1.0,0.0,0.0,0.0,0.0,8.495339255000033,49.49890513200006,1.0,,,Unfall durch ruhenden Verkehr,"Fahrrad, Pkw",Zusammenstoß mit anfahrendem/ anhaltendem/ ruhendem Fahrzeug
,2023,1,11,2,Unfall mit Leichtverletzten,6.0,4.0,0.0,0.0,1.0,1.0,0.0,0.0,0.0,8.518022677000033,49.51230569100005,0.0,,,Überschreiten-Unfall,"Pkw, Fußgänger",Zusammenstoß zwischen Fahrzeug und Fußgänger
,2023,1,8,2,Unfall mit Schwerverletzten,5.0,3.0,0.0,1.0,1.0,0.0,0.0,0.0,0.0,8.506783176000056,49.50949281200008,1.0,,,Einbiegen / Kreuzen-Unfall,"Fahrrad, Pkw",Zusammenstoß mit einbiegendem / kreuzendem Fahrzeug
,2023,1,8,2,Unfall mit Leichtverletzten,5.0,3.0,0.0,1.0,1.0,0.0,0.0,0.0,0.0,8.466424079000035,49.49057395100005,1.0,,,Einbiegen / Kreuzen-Unfall,"Fahrrad, Pkw",Zusammenstoß mit einbiegendem / kreuzendem Fahrzeug
,2023,1,16,1,Unfall mit Leichtverletzten,0.0,7.0,0.0,1.0,0.0,0.0,0.0,0.0,0.0,8.477608694000025,49.51761100200008,1.0,,,sonstiger Unfall,Fahrrad,Unfall anderer Art
207481.0,2022,12,13,7,Unfall mit Leichtverletzten,5.0,2.0,0.0,1.0,1.0,0.0,0.0,0.0,0.0,8.50310316500003,49.50329757200009,1.0,,,Abbiegeunfall,"Fahrrad, Pkw",Zusammenstoß mit einbiegendem / kreuzendem Fahrzeug
206867.0,2022,12,12,7,Unfall mit Schwerverletzten,5.0,3.0,0.0,1.0,1.0,0.0,0.0,0.0,0.0,8.48102095000007,49.478200545,1.0,,,Einbiegen / Kreuzen-Unfall,"Fahrrad, Pkw",Zusammenstoß mit einbiegendem / kreuzendem Fahrzeug
207921.0,2022,12,12,7,Unfall mit Leichtverletzten,6.0,3.0,0.0,0.0,0.0,1.0,0.0,0.0,1.0,8.47059410200006,49.4925193670001,0.0,,,Einbiegen / Kreuzen-Unfall,"Fußgänger, Tram/Bus (bis 2017 auch LKW)",Zusammenstoß zwischen Fahrzeug und Fußgänger
208465.0,2022,12,19,6,Unfall mit Leichtverletzten,5.0,7.0,2.0,1.0,1.0,0.0,0.0,0.0,0.0,8.52699674000007,49.433997353000095,1.0,,,sonstiger Unfall,"Fahrrad, Pkw",Zusammenstoß mit einbiegendem / kreuzendem Fahrzeug
206901.0,2022,12,15,6,Unfall mit Leichtverletzten,5.0,3.0,0.0,1.0,1.0,0.0,0.0,0.0,0.0,8.48107647200004,49.456818131,1.0,,,Einbiegen / Kreuzen-Unfall,"Fahrrad, Pkw",Zusammenstoß mit einbiegendem / kreuzendem Fahrzeug
207795.0,2022,12,14,6,Unfall mit Schwerverletzten,7.0,1.0,0.0,1.0,0.0,0.0,0.0,0.0,0.0,8.46527909600007,49.4867516800001,1.0,,,Fahrunfall,Fahrrad,Aufprall auf Fahrbahnhindernis
207850.0,2022,12,13,6,Unfall mit Leichtverletzten,1.0,5.0,0.0,1.0,1.0,0.0,0.0,0.0,0.0,8.47673784000006,49.481042506000094,1.0,,,Unfall durch ruhenden Verkehr,"Fahrrad, Pkw",Zusammenstoß mit anfahrendem/ anhaltendem/ ruhendem Fahrzeug
207816.0,2022,12,11,6,Unfall mit Leichtverletzten,5.0,3.0,0.0,1.0,1.0,0.0,0.0,0.0,0.0,8.49250847200005,49.506952706,1.0,,,Einbiegen / Kreuzen-Unfall,"Fahrrad, Pkw",Zusammenstoß mit einbiegendem / kreuzendem Fahrzeug
208630.0,2022,12,11,6,Unfall mit Leichtverletzten,5.0,3.0,0.0,1.0,1.0,0.0,0.0,0.0,0.0,8.48723287500007,49.4648921290001,1.0,,,Einbiegen / Kreuzen-Unfall,"Fahrrad, Pkw",Zusammenstoß mit einbiegendem / kreuzendem Fahrzeug
208592.0,2022,12,10,6,Unfall mit Leichtverletzten,5.0,3.0,0.0,1.0,1.0,0.0,0.0,0.0,0.0,8.48757844500005,49.462548554000094,1.0,,,Einbiegen / Kreuzen-Unfall,"Fahrrad, Pkw",Zusammenstoß mit einbiegendem / kreuzendem Fahrzeug
207188.0,2022,12,8,6,Unfall mit Leichtverletzten,0.0,1.0,1.0,1.0,0.0,0.0,0.0,0.0,0.0,8.52787114600005,49.4312238470001,1.0,,,Fahrunfall,Fahrrad,Unfall anderer Art
208024.0,2022,12,11,5,Unfall mit Leichtverletzten,6.0,4.0,0.0,0.0,1.0,1.0,0.0,0.0,0.0,8.47649077100004,49.465123568000095,0.0,,,Überschreiten-Unfall,"Pkw, Fußgänger",Zusammenstoß zwischen Fahrzeug und Fußgänger
207374.0,2022,12,9,5,Unfall mit Leichtverletzten,3.0,2.0,0.0,1.0,1.0,0.0,0.0,0.0,0.0,8.47235156900007,49.49735888200009,1.0,,,Abbiegeunfall,"Fahrrad, Pkw",Zusammenstoß mit seitlich in gleicher Richtung fahrendem Fahrzeug
208437.0,2022,12,22,4,Unfall mit Leichtverletzten,5.0,3.0,2.0,1.0,1.0,0.0,0.0,0.0,0.0,8.47620118700007,49.496130923000095,1.0,,,Einbiegen / Kreuzen-Unfall,"Fahrrad, Pkw",Zusammenstoß mit einbiegendem / kreuzendem Fahrzeug
208421.0,2022,12,11,4,Unfall mit Leichtverletzten,2.0,6.0,0.0,1.0,1.0,0.0,0.0,1.0,0.0,8.45779622700007,49.547721498,1.0,,,Unfall im Längsverkehr,"Fahrrad, Pkw, LKW",Zusammenstoß mit vorausfahrendem / wartendem Fahrzeug
208255.0,2022,12,6,4,Unfall mit Leichtverletzten,6.0,2.0,2.0,0.0,1.0,1.0,0.0,0.0,0.0,8.50493897100006,49.4959476720001,0.0,,,Abbiegeunfall,"Pkw, Fußgänger",Zusammenstoß zwischen Fahrzeug und Fußgänger
208341.0,2022,12,19,3,Unfall mit Leichtverletzten,0.0,7.0,2.0,1.0,0.0,0.0,0.0,0.0,0.0,8.47976777500003,49.476569332000096,1.0,,,sonstiger Unfall,Fahrrad,Unfall anderer Art
95224.0,2022,12,18,3,Unfall mit Leichtverletzten,6.0,4.0,2.0,0.0,1.0,1.0,0.0,0.0,0.0,8.50014494100003,49.5244956600001,0.0,,,Überschreiten-Unfall,"Pkw, Fußgänger",Zusammenstoß zwischen Fahrzeug und Fußgänger
208573.0,2022,12,17,3,Unfall mit Leichtverletzten,4.0,2.0,2.0,1.0,1.0,0.0,0.0,0.0,0.0,8.48457097500005,49.4859334990001,1.0,,,Abbiegeunfall,"Fahrrad, Pkw",Zusammenstoß mit entgegenkommendem Fahrzeug
208555.0,2022,12,12,3,Unfall mit Leichtverletzten,6.0,7.0,0.0,0.0,1.0,1.0,0.0,0.0,0.0,8.47800503000008,49.49516475200009,0.0,,,sonstiger Unfall,"Pkw, Fußgänger",Zusammenstoß zwischen Fahrzeug und Fußgänger
208080.0,2022,12,11,3,Unfall mit Leichtverletzten,5.0,3.0,0.0,1.0,1.0,0.0,0.0,0.0,0.0,8.51409688100006,49.509654476,1.0,,,Einbiegen / Kreuzen-Unfall,"Fahrrad, Pkw",Zusammenstoß mit einbiegendem / kreuzendem Fahrzeug
207491.0,2022,12,21,2,Unfall mit Leichtverletzten,6.0,7.0,2.0,0.0,1.0,1.0,0.0,0.0,0.0,8.46668012500004,49.47838240200009,0.0,,,sonstiger Unfall,"Pkw, Fußgänger",Zusammenstoß zwischen Fahrzeug und Fußgänger
207540.0,2022,12,18,2,Unfall mit Leichtverletzten,5.0,3.0,2.0,1.0,1.0,0.0,0.0,0.0,0.0,8.48373441500007,49.469831567,1.0,,,Einbiegen / Kreuzen-Unfall,"Fahrrad, Pkw",Zusammenstoß mit einbiegendem / kreuzendem Fahrzeug
207947.0,2022,12,17,2,Unfall mit Leichtverletzten,6.0,2.0,2.0,0.0,1.0,1.0,0.0,0.0,0.0,8.46502608600002,49.488963064000096,0.0,,,Abbiegeunfall,"Pkw, Fußgänger",Zusammenstoß zwischen Fahrzeug und Fußgänger
96439.0,2022,12,10,2,Unfall mit Leichtverletzten,5.0,2.0,0.0,1.0,0.0,0.0,0.0,0.0,1.0,8.48716821300007,49.475119607000096,1.0,,,Abbiegeunfall,"Fahrrad, Tram/Bus (bis 2017 auch LKW)",Zusammenstoß mit einbiegendem / kreuzendem Fahrzeug
208181.0,2022,12,14,1,Unfall mit Leichtverletzten,6.0,7.0,0.0,0.0,1.0,1.0,0.0,0.0,0.0,8.47033855400002,49.479834029000095,0.0,,,sonstiger Unfall,"Pkw, Fußgänger",Zusammenstoß zwischen Fahrzeug und Fußgänger
94314.0,2022,11,20,7,Unfall mit Leichtverletzten,5.0,2.0,2.0,1.0,1.0,0.0,0.0,0.0,0.0,8.48568185100004,49.530149307,1.0,,,Abbiegeunfall,"Fahrrad, Pkw",Zusammenstoß mit einbiegendem / kreuzendem Fahrzeug
207271.0,2022,11,17,7,Unfall mit Leichtverletzten,0.0,5.0,1.0,1.0,1.0,0.0,0.0,0.0,0.0,8.46388373500002,49.491569989,1.0,,,Unfall durch ruhenden Verkehr,"Fahrrad, Pkw",Unfall anderer Art
207479.0,2022,11,12,7,Unfall mit Leichtverletzten,0.0,7.0,0.0,1.0,0.0,0.0,0.0,0.0,1.0,8.47287934500002,49.48408131200009,1.0,,,sonstiger Unfall,"Fahrrad, Tram/Bus (bis 2017 auch LKW)",Unfall anderer Art
207630.0,2022,11,11,7,Unfall mit Leichtverletzten,3.0,2.0,0.0,1.0,1.0,0.0,0.0,0.0,0.0,8.46968175300003,49.4902447590001,1.0,,,Abbiegeunfall,"Fahrrad, Pkw",Zusammenstoß mit seitlich in gleicher Richtung fahrendem Fahrzeug