OBJECTID,UJAHR,UMONAT,USTUNDE,UWOCHENTAG,UKATEGORIE,UART,UTYP1,ULICHTVERH,IstRad,IstPKW,IstFuss,IstKrad,IstGkfz,IstSonstige,Longitude,Latitude,IstRadBetroffen,Kommentar,Stadtteil,typ,involved,art
201131.0,2022,6,9,3,Unfall mit Leichtverletzten,5.0,2.0,0.0,1.0,0.0,0.0,0.0,0.0,1.0,8.49388078900006,49.511634157000096,1.0,,,Abbiegeunfall,"Fahrrad, Tram/Bus (bis 2017 auch LKW)",Zusammenstoß mit einbiegendem / kreuzendem Fahrzeug
200729.0,2022,6,0,3,Unfall mit Leichtverletzten,5.0,3.0,2.0,1.0,0.0,0.0,0.0,0.0,1.0,8.45408443000002,49.534599805,1.0,,,Einbiegen / Kreuzen-Unfall,"Fahrrad, Tram/Bus (bis 2017 auch LKW)",Zusammenstoß mit einbiegendem / kreuzendem Fahrzeug
200667.0,2022,6,19,2,Unfall mit Leichtverletzten,5.0,3.0,0.0,1.0,1.0,0.0,0.0,0.0,0.0,8.50962013300006,49.446198821000095,1.0,,,Einbiegen / Kreuzen-Unfall,"Fahrrad, Pkw",Zusammenstoß mit einbiegendem / kreuzendem Fahrzeug
200569.0,2022,6,9,2,Unfall mit Leichtverletzten,5.0,3.0,0.0,1.0,1.0,0.0,0.0,0.0,0.0,8.48107020000003,49.456816298,1.0,,,Einbiegen / Kreuzen-Unfall,"Fahrrad, Pkw",Zusammenstoß mit einbiegendem / kreuzendem Fahrzeug
201347.0,2022,6,9,2,Unfall mit Leichtverletzten,1.0,5.0,0.0,1.0,1.0,0.0,0.0,0.0,0.0,8.47091422700004,49.497750864000096,1.0,,,Unfall durch ruhenden Verkehr,"Fahrrad, Pkw",Zusammenstoß mit anfahrendem/ anhaltendem/ ruhendem Fahrzeug
,2022,6,18,1,Unfall mit Getöteten,,,,1.0,,,,,,8.53064,49.42725,,"12.06.2022: Sonntag kam es kurz nach 18 Uhr in Ellerstadt/Rheinland-Pfalz zu einem Tötungsdelikt. Nach derzeitigem Ermittlungsstand soll ein 36-Jähriger seinen 69-jährigen Vater getötet haben. Anschließend flüchtete der Täter noch vor Eintreffen der Polizeikräfte mit einem Pkw. In der Folge kollidierte der 36-Jährige im Verlauf der Rhenaniastraße in Mannheim mit insgesamt vier Fahrradfahrern. Hierbei erlitt eine 71-jährige Fahrradfahrerin tödliche Verletzungen. Drei weitere Fahrradfahrer wurden durch den Rettungsdienst mit schweren Verletzungen in umliegende Krankenhäuser eingeliefert. Im Anschluss flüchtete der 36-jährige Fahrer fußläufig aus seinem stark beschädigten Fahrzeug und sprang während seiner Flucht in den angrenzenden Rhein. Durch Polizeikräfte konnte der Mann, welcher sich vermutlich in einem psychischen Ausnahmezustand befand, schließlich festgenommen werden. Der Ehemann der 71-jährigen Radfahrerin verstarb später im Krankenhaus seinen Verletzungen.",Rheinau,Unbekannt,Fahrrad,Unbekannt
,2022,6,18,1,Unfall mit Getöteten,,,,1.0,,,,,,8.530755087076592,49.42713224739849,,Im Zusammenhang mit dem Unfall in der Rhenaniastraße in Mannheim ist der 78-jährige Ehemann der 71-jährigen Radfahrerin später im Krankenhaus ebenfalls an den Folgen seiner Verletzungen verstorben.,Rheinau,Unbekannt,Fahrrad,Unbekannt
198556.0,2022,5,19,7,Unfall mit Leichtverletzten,1.0,5.0,0.0,1.0,1.0,0.0,0.0,0.0,1.0,8.46550052500004,49.490934995,1.0,,,Unfall durch ruhenden Verkehr,"Fahrrad, Pkw, Tram/Bus (bis 2017 auch LKW)",Zusammenstoß mit anfahrendem/ anhaltendem/ ruhendem Fahrzeug
85876.0,2022,5,13,7,Unfall mit Leichtverletzten,6.0,4.0,0.0,0.0,1.0,1.0,0.0,0.0,0.0,8.49704415900004,49.50265089,0.0,,,Überschreiten-Unfall,"Pkw, Fußgänger",Zusammenstoß zwischen Fahrzeug und Fußgänger
85298.0,2022,5,10,7,Unfall mit Leichtverletzten,5.0,3.0,0.0,1.0,1.0,0.0,0.0,0.0,0.0,8.50145810200007,49.489406135000095,1.0,,,Einbiegen / Kreuzen-Unfall,"Fahrrad, Pkw",Zusammenstoß mit einbiegendem / kreuzendem Fahrzeug
198373.0,2022,5,0,7,Unfall mit Leichtverletzten,0.0,7.0,2.0,1.0,0.0,0.0,0.0,0.0,0.0,8.47035573600004,49.492260118,1.0,,,sonstiger Unfall,Fahrrad,Unfall anderer Art
85305.0,2022,5,19,6,Unfall mit Leichtverletzten,5.0,3.0,0.0,1.0,1.0,0.0,0.0,0.0,0.0,8.47340437900004,49.495406346,1.0,,,Einbiegen / Kreuzen-Unfall,"Fahrrad, Pkw",Zusammenstoß mit einbiegendem / kreuzendem Fahrzeug
83967.0,2022,5,18,6,Unfall mit Schwerverletzten,6.0,4.0,0.0,0.0,1.0,1.0,0.0,0.0,0.0,8.51898767800003,49.490184843000094,0.0,,,Überschreiten-Unfall,"Pkw, Fußgänger",Zusammenstoß zwischen Fahrzeug und Fußgänger
198245.0,2022,5,18,6,Unfall mit Schwerverletzten,6.0,4.0,0.0,0.0,1.0,1.0,0.0,0.0,0.0,8.47365031100003,49.496798454,0.0,,,Überschreiten-Unfall,"Pkw, Fußgänger",Zusammenstoß zwischen Fahrzeug und Fußgänger
200246.0,2022,5,17,6,Unfall mit Leichtverletzten,5.0,3.0,0.0,1.0,1.0,0.0,0.0,0.0,0.0,8.46709781200008,49.474670802,1.0,,,Einbiegen / Kreuzen-Unfall,"Fahrrad, Pkw",Zusammenstoß mit einbiegendem / kreuzendem Fahrzeug
198371.0,2022,5,16,6,Unfall mit Leichtverletzten,5.0,3.0,0.0,1.0,1.0,0.0,0.0,0.0,0.0,8.48455548100003,49.468036716,1.0,,,Einbiegen / Kreuzen-Unfall,"Fahrrad, Pkw",Zusammenstoß mit einbiegendem / kreuzendem Fahrzeug
198771.0,2022,5,15,6,Unfall mit Leichtverletzten,3.0,2.0,0.0,1.0,0.0,0.0,0.0,1.0,0.0,8.48830269500007,49.46359485800009,1.0,,,Abbiegeunfall,"Fahrrad, LKW",Zusammenstoß mit seitlich in gleicher Richtung fahrendem Fahrzeug
198349.0,2022,5,14,6,Unfall mit Leichtverletzten,2.0,6.0,0.0,1.0,1.0,0.0,0.0,0.0,0.0,8.51199458500002,49.505249457,1.0,,,Unfall im Längsverkehr,"Fahrrad, Pkw",Zusammenstoß mit vorausfahrendem / wartendem Fahrzeug
199781.0,2022,5,13,6,Unfall mit Leichtverletzten,5.0,3.0,0.0,1.0,1.0,0.0,0.0,0.0,0.0,8.48924908400005,49.4603951170001,1.0,,,Einbiegen / Kreuzen-Unfall,"Fahrrad, Pkw",Zusammenstoß mit einbiegendem / kreuzendem Fahrzeug
84127.0,2022,5,22,5,Unfall mit Schwerverletzten,1.0,5.0,2.0,1.0,1.0,0.0,0.0,0.0,0.0,8.48581922300002,49.530010679,1.0,,,Unfall durch ruhenden Verkehr,"Fahrrad, Pkw",Zusammenstoß mit anfahrendem/ anhaltendem/ ruhendem Fahrzeug
200004.0,2022,5,21,5,Unfall mit Leichtverletzten,6.0,3.0,2.0,0.0,0.0,1.0,0.0,0.0,1.0,8.48549227600006,49.4891002090001,0.0,,,Einbiegen / Kreuzen-Unfall,"Fußgänger, Tram/Bus (bis 2017 auch LKW)",Zusammenstoß zwischen Fahrzeug und Fußgänger
199176.0,2022,5,16,5,Unfall mit Schwerverletzten,5.0,5.0,0.0,1.0,1.0,0.0,0.0,0.0,0.0,8.47185559200005,49.546636294000095,1.0,,,Unfall durch ruhenden Verkehr,"Fahrrad, Pkw",Zusammenstoß mit einbiegendem / kreuzendem Fahrzeug
199827.0,2022,5,15,5,Unfall mit Leichtverletzten,5.0,3.0,0.0,1.0,1.0,0.0,0.0,0.0,0.0,8.47735609300003,49.462583269,1.0,,,Einbiegen / Kreuzen-Unfall,"Fahrrad, Pkw",Zusammenstoß mit einbiegendem / kreuzendem Fahrzeug
198561.0,2022,5,14,5,Unfall mit Leichtverletzten,5.0,2.0,0.0,1.0,1.0,0.0,0.0,0.0,0.0,8.54649991200006,49.5017228790001,1.0,,,Abbiegeunfall,"Fahrrad, Pkw",Zusammenstoß mit einbiegendem / kreuzendem Fahrzeug
199928.0,2022,5,13,5,Unfall mit Leichtverletzten,5.0,3.0,0.0,1.0,1.0,0.0,0.0,0.0,0.0,8.49518249100004,49.452424136,1.0,,,Einbiegen / Kreuzen-Unfall,"Fahrrad, Pkw",Zusammenstoß mit einbiegendem / kreuzendem Fahrzeug
199265.0,2022,5,9,5,Unfall mit Leichtverletzten,5.0,5.0,0.0,1.0,1.0,0.0,0.0,0.0,0.0,8.49362470300002,49.456778476000096,1.0,,,Unfall durch ruhenden Verkehr,"Fahrrad, Pkw",Zusammenstoß mit einbiegendem / kreuzendem Fahrzeug
83896.0,2022,5,7,5,Unfall mit Leichtverletzten,5.0,3.0,0.0,1.0,1.0,0.0,0.0,0.0,0.0,8.47144941500005,49.4810400150001,1.0,,,Einbiegen / Kreuzen-Unfall,"Fahrrad, Pkw",Zusammenstoß mit einbiegendem / kreuzendem Fahrzeug
198920.0,2022,5,21,4,Unfall mit Leichtverletzten,7.0,7.0,2.0,1.0,0.0,0.0,0.0,0.0,1.0,8.46284163900003,49.449499234,1.0,,,sonstiger Unfall,"Fahrrad, Tram/Bus (bis 2017 auch LKW)",Aufprall auf Fahrbahnhindernis
199642.0,2022,5,19,4,Unfall mit Leichtverletzten,5.0,5.0,0.0,1.0,1.0,0.0,0.0,0.0,0.0,8.48919642100003,49.462483336,1.0,,,Unfall durch ruhenden Verkehr,"Fahrrad, Pkw",Zusammenstoß mit einbiegendem / kreuzendem Fahrzeug
198381.0,2022,5,16,4,Unfall mit Leichtverletzten,5.0,2.0,0.0,1.0,1.0,0.0,0.0,0.0,0.0,8.48681052200004,49.476349210000095,1.0,,,Abbiegeunfall,"Fahrrad, Pkw",Zusammenstoß mit einbiegendem / kreuzendem Fahrzeug
85476.0,2022,5,13,4,Unfall mit Leichtverletzten,5.0,3.0,0.0,1.0,1.0,0.0,0.0,0.0,0.0,8.52437809600002,49.440016035,1.0,,,Einbiegen / Kreuzen-Unfall,"Fahrrad, Pkw",Zusammenstoß mit einbiegendem / kreuzendem Fahrzeug
200162.0,2022,5,13,4,Unfall mit Leichtverletzten,1.0,5.0,0.0,1.0,1.0,0.0,0.0,0.0,0.0,8.47507208200005,49.4892498200001,1.0,,,Unfall durch ruhenden Verkehr,"Fahrrad, Pkw",Zusammenstoß mit anfahrendem/ anhaltendem/ ruhendem Fahrzeug
199318.0,2022,5,12,4,Unfall mit Leichtverletzten,5.0,3.0,0.0,1.0,1.0,0.0,0.0,0.0,0.0,8.48222114500004,49.5095019180001,1.0,,,Einbiegen / Kreuzen-Unfall,"Fahrrad, Pkw",Zusammenstoß mit einbiegendem / kreuzendem Fahrzeug
199997.0,2022,5,10,4,Unfall mit Leichtverletzten,6.0,4.0,0.0,0.0,1.0,1.0,0.0,0.0,0.0,8.46876080600003,49.4939249340001,0.0,,,Überschreiten-Unfall,"Pkw, Fußgänger",Zusammenstoß zwischen Fahrzeug und Fußgänger
199803.0,2022,5,9,4,Unfall mit Leichtverletzten,6.0,2.0,0.0,0.0,1.0,1.0,0.0,0.0,0.0,8.49572901400006,49.450429178,0.0,,,Abbiegeunfall,"Pkw, Fußgänger",Zusammenstoß zwischen Fahrzeug und Fußgänger
199166.0,2022,5,6,4,Unfall mit Schwerverletzten,3.0,6.0,0.0,1.0,1.0,0.0,0.0,0.0,0.0,8.50561894300006,49.476485778,1.0,,,Unfall im Längsverkehr,"Fahrrad, Pkw",Zusammenstoß mit seitlich in gleicher Richtung fahrendem Fahrzeug
198986.0,2022,5,21,3,Unfall mit Leichtverletzten,4.0,6.0,1.0,1.0,0.0,0.0,0.0,0.0,1.0,8.47052099300004,49.50214082000009,1.0,,,Unfall im Längsverkehr,"Fahrrad, Tram/Bus (bis 2017 auch LKW)",Zusammenstoß mit entgegenkommendem Fahrzeug
198441.0,2022,5,14,3,Unfall mit Leichtverletzten,0.0,3.0,0.0,1.0,1.0,0.0,0.0,0.0,0.0,8.52453861400005,49.474476403,1.0,,,Einbiegen / Kreuzen-Unfall,"Fahrrad, Pkw",Unfall anderer Art
199269.0,2022,5,14,3,Unfall mit Leichtverletzten,0.0,7.0,0.0,1.0,0.0,0.0,0.0,0.0,0.0,8.55097386200003,49.511207382000094,1.0,,,sonstiger Unfall,Fahrrad,Unfall anderer Art
199401.0,2022,5,13,3,Unfall mit Leichtverletzten,6.0,7.0,0.0,1.0,0.0,1.0,0.0,0.0,0.0,8.48572145200006,49.5066343130001,1.0,,,sonstiger Unfall,"Fahrrad, Fußgänger",Zusammenstoß zwischen Fahrzeug und Fußgänger
199952.0,2022,5,12,3,Unfall mit Leichtverletzten,6.0,3.0,0.0,0.0,0.0,1.0,0.0,0.0,1.0,8.46710959100005,49.485064525,0.0,,,Einbiegen / Kreuzen-Unfall,"Fußgänger, Tram/Bus (bis 2017 auch LKW)",Zusammenstoß zwischen Fahrzeug und Fußgänger
199047.0,2022,5,10,3,Unfall mit Getöteten,3.0,2.0,0.0,1.0,0.0,0.0,0.0,1.0,0.0,8.48176434100003,49.53195357,1.0,"03.05.2022, Sonderburger Straße. Ein 58-jähriger Radfahrer war gegen gegen 10:15 Uhr beim Überqueren der Leo-Sternbach-Straße von dem Fahrer eines Sattelzugs erfasst und überrollt worden. Er erlag trotz umgehender Reanimationsmaßnahmen durch den Rettungsdienst noch am Unfallort seinen Verletzungen.",Schönau,Abbiegeunfall,"Fahrrad, LKW",Zusammenstoß mit seitlich in gleicher Richtung fahrendem Fahrzeug
198265.0,2022,5,8,3,Unfall mit Leichtverletzten,6.0,7.0,0.0,1.0,0.0,1.0,0.0,0.0,0.0,8.48163008300003,49.495585981,1.0,,,sonstiger Unfall,"Fahrrad, Fußgänger",Zusammenstoß zwischen Fahrzeug und Fußgänger
198563.0,2022,5,6,3,Unfall mit Leichtverletzten,5.0,7.0,0.0,1.0,1.0,0.0,0.0,0.0,0.0,8.46392814600006,49.485174391,1.0,,,sonstiger Unfall,"Fahrrad, Pkw",Zusammenstoß mit einbiegendem / kreuzendem Fahrzeug
198319.0,2022,5,15,2,Unfall mit Schwerverletzten,5.0,3.0,0.0,1.0,1.0,0.0,0.0,0.0,0.0,8.48210704500002,49.51241367400009,1.0,,,Einbiegen / Kreuzen-Unfall,"Fahrrad, Pkw",Zusammenstoß mit einbiegendem / kreuzendem Fahrzeug
198423.0,2022,5,15,2,Unfall mit Leichtverletzten,5.0,3.0,0.0,1.0,1.0,0.0,0.0,0.0,0.0,8.48877124400008,49.498304026,1.0,,,Einbiegen / Kreuzen-Unfall,"Fahrrad, Pkw",Zusammenstoß mit einbiegendem / kreuzendem Fahrzeug
199104.0,2022,5,15,2,Unfall mit Leichtverletzten,2.0,2.0,0.0,1.0,1.0,0.0,0.0,0.0,0.0,8.45382469200007,49.486335375000095,1.0,,,Abbiegeunfall,"Fahrrad, Pkw",Zusammenstoß mit vorausfahrendem / wartendem Fahrzeug
200307.0,2022,5,15,2,Unfall mit Leichtverletzten,6.0,4.0,0.0,0.0,1.0,1.0,0.0,0.0,0.0,8.47188896600005,49.491495951,0.0,,,Überschreiten-Unfall,"Pkw, Fußgänger",Zusammenstoß zwischen Fahrzeug und Fußgänger
198593.0,2022,5,13,2,Unfall mit Leichtverletzten,1.0,5.0,0.0,1.0,1.0,0.0,0.0,0.0,0.0,8.46632673500005,49.473618282000096,1.0,,,Unfall durch ruhenden Verkehr,"Fahrrad, Pkw",Zusammenstoß mit anfahrendem/ anhaltendem/ ruhendem Fahrzeug
199235.0,2022,5,13,2,Unfall mit Leichtverletzten,5.0,3.0,0.0,1.0,1.0,0.0,0.0,0.0,0.0,8.49573407500003,49.453067267000094,1.0,,,Einbiegen / Kreuzen-Unfall,"Fahrrad, Pkw",Zusammenstoß mit einbiegendem / kreuzendem Fahrzeug
198930.0,2022,5,12,2,Unfall mit Leichtverletzten,1.0,5.0,0.0,1.0,1.0,0.0,0.0,0.0,0.0,8.45990356800007,49.4910473530001,1.0,,,Unfall durch ruhenden Verkehr,"Fahrrad, Pkw",Zusammenstoß mit anfahrendem/ anhaltendem/ ruhendem Fahrzeug
85135.0,2022,5,10,2,Unfall mit Leichtverletzten,5.0,2.0,0.0,1.0,1.0,0.0,0.0,0.0,0.0,8.47973417600002,49.488511874,1.0,,,Abbiegeunfall,"Fahrrad, Pkw",Zusammenstoß mit einbiegendem / kreuzendem Fahrzeug
199430.0,2022,5,9,2,Unfall mit Leichtverletzten,6.0,7.0,0.0,0.0,0.0,1.0,0.0,0.0,1.0,8.50103393000006,49.454782475000094,0.0,,,sonstiger Unfall,"Fußgänger, Tram/Bus (bis 2017 auch LKW)",Zusammenstoß zwischen Fahrzeug und Fußgänger
198257.0,2022,5,18,1,Unfall mit Leichtverletzten,0.0,7.0,0.0,1.0,1.0,0.0,0.0,0.0,0.0,8.47670612700006,49.499772898000096,1.0,,,sonstiger Unfall,"Fahrrad, Pkw",Unfall anderer Art
198364.0,2022,5,18,1,Unfall mit Schwerverletzten,0.0,7.0,0.0,1.0,0.0,0.0,0.0,0.0,0.0,8.47992598100006,49.47166284000009,1.0,,,sonstiger Unfall,Fahrrad,Unfall anderer Art
198943.0,2022,5,15,1,Unfall mit Schwerverletzten,0.0,7.0,0.0,1.0,0.0,0.0,0.0,0.0,0.0,8.54590702300004,49.492277083,1.0,,,sonstiger Unfall,Fahrrad,Unfall anderer Art
199112.0,2022,4,15,7,Unfall mit Leichtverletzten,6.0,4.0,0.0,0.0,1.0,1.0,0.0,0.0,0.0,8.47009329200006,49.5055270290001,0.0,,,Überschreiten-Unfall,"Pkw, Fußgänger",Zusammenstoß zwischen Fahrzeug und Fußgänger
198585.0,2022,4,14,6,Unfall mit Leichtverletzten,1.0,5.0,0.0,1.0,1.0,0.0,0.0,0.0,0.0,8.46982543000007,49.501417605,1.0,,,Unfall durch ruhenden Verkehr,"Fahrrad, Pkw",Zusammenstoß mit anfahrendem/ anhaltendem/ ruhendem Fahrzeug
199216.0,2022,4,13,6,Unfall mit Leichtverletzten,1.0,2.0,0.0,1.0,1.0,0.0,0.0,0.0,0.0,8.52555770800006,49.490653422,1.0,,,Abbiegeunfall,"Fahrrad, Pkw",Zusammenstoß mit anfahrendem/ anhaltendem/ ruhendem Fahrzeug
197305.0,2022,4,6,6,Unfall mit Leichtverletzten,5.0,3.0,0.0,1.0,1.0,0.0,0.0,0.0,0.0,8.48148525900007,49.52786016900009,1.0,,,Einbiegen / Kreuzen-Unfall,"Fahrrad, Pkw",Zusammenstoß mit einbiegendem / kreuzendem Fahrzeug
197884.0,2022,4,21,5,Unfall mit Schwerverletzten,6.0,4.0,2.0,0.0,1.0,1.0,0.0,0.0,0.0,8.52858431800007,49.507578423,0.0,,,Überschreiten-Unfall,"Pkw, Fußgänger",Zusammenstoß zwischen Fahrzeug und Fußgänger
197435.0,2022,4,16,5,Unfall mit Leichtverletzten,6.0,4.0,0.0,0.0,1.0,1.0,0.0,0.0,0.0,8.48815421100005,49.4635570830001,0.0,,,Überschreiten-Unfall,"Pkw, Fußgänger",Zusammenstoß zwischen Fahrzeug und Fußgänger
197826.0,2022,4,16,5,Unfall mit Leichtverletzten,1.0,5.0,0.0,1.0,1.0,0.0,0.0,0.0,0.0,8.49742216000004,49.453509017,1.0,,,Unfall durch ruhenden Verkehr,"Fahrrad, Pkw",Zusammenstoß mit anfahrendem/ anhaltendem/ ruhendem Fahrzeug
197616.0,2022,4,15,5,Unfall mit Leichtverletzten,8.0,1.0,0.0,1.0,0.0,0.0,0.0,0.0,0.0,8.45691631300002,49.491533205000096,1.0,,,Fahrunfall,Fahrrad,Abkommen von Fahrbahn nach rechts
198062.0,2022,4,15,5,Unfall mit Leichtverletzten,0.0,3.0,0.0,0.0,1.0,1.0,0.0,0.0,0.0,8.48804911000008,49.522877308,0.0,,,Einbiegen / Kreuzen-Unfall,"Pkw, Fußgänger",Unfall anderer Art
197372.0,2022,4,14,5,Unfall mit Schwerverletzten,6.0,4.0,0.0,0.0,0.0,1.0,1.0,0.0,0.0,8.48487287500006,49.535632686,0.0,,,Überschreiten-Unfall,"Fußgänger, Kraftrad",Zusammenstoß zwischen Fahrzeug und Fußgänger
198133.0,2022,4,13,5,Unfall mit Leichtverletzten,0.0,7.0,0.0,1.0,1.0,0.0,0.0,0.0,0.0,8.47128474600004,49.479364833,1.0,,,sonstiger Unfall,"Fahrrad, Pkw",Unfall anderer Art
197386.0,2022,4,11,5,Unfall mit Leichtverletzten,0.0,1.0,0.0,1.0,0.0,0.0,0.0,0.0,0.0,8.49080856300003,49.530899522,1.0,,,Fahrunfall,Fahrrad,Unfall anderer Art
198569.0,2022,4,8,5,Unfall mit Schwerverletzten,9.0,1.0,0.0,1.0,0.0,0.0,0.0,0.0,0.0,8.49214584000003,49.5067569080001,1.0,,,Fahrunfall,Fahrrad,Abkommen von Fahrbahn nach links
198221.0,2022,4,6,5,Unfall mit Schwerverletzten,5.0,3.0,0.0,1.0,0.0,0.0,0.0,0.0,1.0,8.44945327300007,49.54071214300009,1.0,,,Einbiegen / Kreuzen-Unfall,"Fahrrad, Tram/Bus (bis 2017 auch LKW)",Zusammenstoß mit einbiegendem / kreuzendem Fahrzeug
198329.0,2022,4,16,4,Unfall mit Leichtverletzten,5.0,2.0,0.0,1.0,0.0,0.0,1.0,0.0,0.0,8.47369880500003,49.4837639780001,1.0,,,Abbiegeunfall,"Fahrrad, Kraftrad",Zusammenstoß mit einbiegendem / kreuzendem Fahrzeug
197501.0,2022,4,15,4,Unfall mit Leichtverletzten,5.0,3.0,0.0,1.0,1.0,0.0,0.0,0.0,0.0,8.49072984000003,49.483060197,1.0,,,Einbiegen / Kreuzen-Unfall,"Fahrrad, Pkw",Zusammenstoß mit einbiegendem / kreuzendem Fahrzeug
198063.0,2022,4,12,4,Unfall mit Leichtverletzten,5.0,3.0,0.0,1.0,1.0,0.0,0.0,0.0,0.0,8.47727983800007,49.45400175,1.0,,,Einbiegen / Kreuzen-Unfall,"Fahrrad, Pkw",Zusammenstoß mit einbiegendem / kreuzendem Fahrzeug
199142.0,2022,4,10,4,Unfall mit Leichtverletzten,5.0,3.0,0.0,1.0,0.0,0.0,0.0,0.0,0.0,8.45806178600003,49.491661214,1.0,,,Einbiegen / Kreuzen-Unfall,Fahrrad,Zusammenstoß mit einbiegendem / kreuzendem Fahrzeug
82744.0,2022,4,15,3,Unfall mit Leichtverletzten,5.0,2.0,0.0,1.0,1.0,0.0,0.0,0.0,0.0,8.48716464000006,49.4751157100001,1.0,,,Abbiegeunfall,"Fahrrad, Pkw",Zusammenstoß mit einbiegendem / kreuzendem Fahrzeug
197503.0,2022,4,15,3,Unfall mit Leichtverletzten,5.0,3.0,0.0,1.0,1.0,0.0,0.0,0.0,0.0,8.47866509800002,49.4979587,1.0,,,Einbiegen / Kreuzen-Unfall,"Fahrrad, Pkw",Zusammenstoß mit einbiegendem / kreuzendem Fahrzeug
197991.0,2022,4,15,3,Unfall mit Leichtverletzten,5.0,3.0,0.0,1.0,1.0,0.0,0.0,0.0,0.0,8.44581067900003,49.5441988220001,1.0,,,Einbiegen / Kreuzen-Unfall,"Fahrrad, Pkw",Zusammenstoß mit einbiegendem / kreuzendem Fahrzeug
83328.0,2022,4,14,3,Unfall mit Leichtverletzten,0.0,4.0,0.0,0.0,0.0,1.0,0.0,0.0,1.0,8.48428823500007,49.493562916,0.0,,,Überschreiten-Unfall,"Fußgänger, Tram/Bus (bis 2017 auch LKW)",Unfall anderer Art
198223.0,2022,4,13,3,Unfall mit Leichtverletzten,6.0,4.0,0.0,0.0,1.0,1.0,0.0,0.0,0.0,8.47728128900008,49.527251335000095,0.0,,,Überschreiten-Unfall,"Pkw, Fußgänger",Zusammenstoß zwischen Fahrzeug und Fußgänger
198572.0,2022,4,7,3,Unfall mit Leichtverletzten,0.0,1.0,0.0,1.0,0.0,0.0,0.0,0.0,0.0,8.46982034000007,49.496599764000095,1.0,,,Fahrunfall,Fahrrad,Unfall anderer Art
82358.0,2022,4,13,2,Unfall mit Leichtverletzten,1.0,3.0,0.0,1.0,1.0,0.0,0.0,0.0,0.0,8.49370679700007,49.500873189000096,1.0,,,Einbiegen / Kreuzen-Unfall,"Fahrrad, Pkw",Zusammenstoß mit anfahrendem/ anhaltendem/ ruhendem Fahrzeug
198274.0,2022,4,7,2,Unfall mit Leichtverletzten,0.0,7.0,0.0,1.0,0.0,0.0,0.0,0.0,0.0,8.50517160100003,49.443302922,1.0,,,sonstiger Unfall,Fahrrad,Unfall anderer Art
197619.0,2022,4,20,1,Unfall mit Leichtverletzten,0.0,1.0,0.0,1.0,0.0,0.0,0.0,0.0,0.0,8.47895049200002,49.482898393,1.0,,,Fahrunfall,Fahrrad,Unfall anderer Art
197579.0,2022,4,17,1,Unfall mit Leichtverletzten,5.0,2.0,0.0,1.0,1.0,0.0,0.0,0.0,0.0,8.47636835900005,49.4846871870001,1.0,,,Abbiegeunfall,"Fahrrad, Pkw",Zusammenstoß mit einbiegendem / kreuzendem Fahrzeug
197369.0,2022,4,14,1,Unfall mit Leichtverletzten,1.0,6.0,0.0,1.0,1.0,0.0,0.0,0.0,0.0,8.47850464300006,49.47761123200009,1.0,,,Unfall im Längsverkehr,"Fahrrad, Pkw",Zusammenstoß mit anfahrendem/ anhaltendem/ ruhendem Fahrzeug
197567.0,2022,4,0,1,Unfall mit Leichtverletzten,1.0,5.0,2.0,1.0,1.0,0.0,0.0,0.0,0.0,8.46886757900006,49.4875616780001,1.0,,,Unfall durch ruhenden Verkehr,"Fahrrad, Pkw",Zusammenstoß mit anfahrendem/ anhaltendem/ ruhendem Fahrzeug
196509.0,2022,3,20,7,Unfall mit Schwerverletzten,6.0,4.0,2.0,0.0,1.0,1.0,0.0,0.0,0.0,8.48805255400003,49.5020422800001,0.0,,,Überschreiten-Unfall,"Pkw, Fußgänger",Zusammenstoß zwischen Fahrzeug und Fußgänger
197182.0,2022,3,15,7,Unfall mit Leichtverletzten,1.0,5.0,0.0,1.0,1.0,0.0,0.0,0.0,0.0,8.44713989500002,49.5426365270001,1.0,,,Unfall durch ruhenden Verkehr,"Fahrrad, Pkw",Zusammenstoß mit anfahrendem/ anhaltendem/ ruhendem Fahrzeug
196617.0,2022,3,12,7,Unfall mit Leichtverletzten,0.0,4.0,0.0,1.0,0.0,1.0,0.0,0.0,0.0,8.53728753900003,49.454557047,1.0,,,Überschreiten-Unfall,"Fahrrad, Fußgänger",Unfall anderer Art
196869.0,2022,3,12,7,Unfall mit Leichtverletzten,5.0,3.0,0.0,1.0,0.0,0.0,1.0,0.0,0.0,8.47170274200005,49.492629691,1.0,,,Einbiegen / Kreuzen-Unfall,"Fahrrad, Kraftrad",Zusammenstoß mit einbiegendem / kreuzendem Fahrzeug
196422.0,2022,3,11,7,Unfall mit Leichtverletzten,3.0,5.0,0.0,1.0,1.0,0.0,0.0,0.0,0.0,8.46752619900008,49.490456854000094,1.0,,,Unfall durch ruhenden Verkehr,"Fahrrad, Pkw",Zusammenstoß mit seitlich in gleicher Richtung fahrendem Fahrzeug
196457.0,2022,3,11,7,Unfall mit Schwerverletzten,0.0,5.0,0.0,1.0,1.0,0.0,0.0,0.0,0.0,8.47520346600004,49.496604828,1.0,,,Unfall durch ruhenden Verkehr,"Fahrrad, Pkw",Unfall anderer Art