OBJECTID,UJAHR,UMONAT,USTUNDE,UWOCHENTAG,UKATEGORIE,UART,UTYP1,ULICHTVERH,IstRad,IstPKW,IstFuss,IstKrad,IstGkfz,IstSonstige,Longitude,Latitude,IstRadBetroffen,Kommentar,Stadtteil,typ,involved,art
198105.0,2022,3,11,7,Unfall mit Leichtverletzten,5.0,3.0,0.0,1.0,1.0,0.0,0.0,0.0,0.0,8.48631630700004,49.474362189,1.0,,,Einbiegen / Kreuzen-Unfall,"Fahrrad, Pkw",Zusammenstoß mit einbiegendem / kreuzendem Fahrzeug
196455.0,2022,3,17,6,Unfall mit Leichtverletzten,6.0,4.0,0.0,0.0,0.0,1.0,0.0,0.0,1.0,8.49145420100007,49.49697940200009,0.0,,,Überschreiten-Unfall,"Fußgänger, Tram/Bus (bis 2017 auch LKW)",Zusammenstoß zwischen Fahrzeug und Fußgänger
196652.0,2022,3,15,6,Unfall mit Schwerverletzten,6.0,2.0,0.0,0.0,1.0,1.0,0.0,0.0,0.0,8.47767687500004,49.478426633,0.0,,,Abbiegeunfall,"Pkw, Fußgänger",Zusammenstoß zwischen Fahrzeug und Fußgänger
196694.0,2022,3,15,6,Unfall mit Leichtverletzten,0.0,1.0,0.0,1.0,0.0,0.0,0.0,0.0,0.0,8.49618492900004,49.503868663,1.0,,,Fahrunfall,Fahrrad,Unfall anderer Art
197010.0,2022,3,12,6,Unfall mit Leichtverletzten,3.0,6.0,0.0,1.0,0.0,0.0,0.0,0.0,0.0,8.48837663100005,49.50029083,1.0,,,Unfall im Längsverkehr,Fahrrad,Zusammenstoß mit seitlich in gleicher Richtung fahrendem Fahrzeug
196576.0,2022,3,8,6,Unfall mit Leichtverletzten,0.0,7.0,0.0,0.0,0.0,1.0,0.0,0.0,1.0,8.47356963200002,49.4842080010001,0.0,,,sonstiger Unfall,"Fußgänger, Tram/Bus (bis 2017 auch LKW)",Unfall anderer Art
197622.0,2022,3,6,6,Unfall mit Leichtverletzten,5.0,3.0,0.0,1.0,1.0,0.0,0.0,0.0,0.0,8.55256785900002,49.468951023,1.0,,,Einbiegen / Kreuzen-Unfall,"Fahrrad, Pkw",Zusammenstoß mit einbiegendem / kreuzendem Fahrzeug
196224.0,2022,3,16,5,Unfall mit Leichtverletzten,0.0,7.0,0.0,1.0,0.0,0.0,0.0,0.0,0.0,8.47949403900003,49.497858238,1.0,,,sonstiger Unfall,Fahrrad,Unfall anderer Art
197778.0,2022,3,16,5,Unfall mit Schwerverletzten,4.0,7.0,0.0,1.0,1.0,0.0,0.0,0.0,0.0,8.48319636800005,49.479851861,1.0,,,sonstiger Unfall,"Fahrrad, Pkw",Zusammenstoß mit entgegenkommendem Fahrzeug
196736.0,2022,3,8,5,Unfall mit Leichtverletzten,4.0,2.0,0.0,1.0,1.0,0.0,0.0,0.0,0.0,8.47806398300003,49.489966279,1.0,,,Abbiegeunfall,"Fahrrad, Pkw",Zusammenstoß mit entgegenkommendem Fahrzeug
81862.0,2022,3,5,5,Unfall mit Leichtverletzten,5.0,2.0,2.0,1.0,1.0,0.0,0.0,0.0,0.0,8.49641221700006,49.502315510000095,1.0,,,Abbiegeunfall,"Fahrrad, Pkw",Zusammenstoß mit einbiegendem / kreuzendem Fahrzeug
197173.0,2022,3,20,4,Unfall mit Leichtverletzten,6.0,4.0,1.0,0.0,1.0,1.0,0.0,0.0,0.0,8.47360048300004,49.491977136000095,0.0,,,Überschreiten-Unfall,"Pkw, Fußgänger",Zusammenstoß zwischen Fahrzeug und Fußgänger
196861.0,2022,3,17,4,Unfall mit Leichtverletzten,0.0,1.0,0.0,1.0,0.0,0.0,0.0,0.0,0.0,8.46400510500007,49.475182946000096,1.0,,,Fahrunfall,Fahrrad,Unfall anderer Art
198182.0,2022,3,17,4,Unfall mit Leichtverletzten,0.0,4.0,0.0,0.0,0.0,1.0,0.0,0.0,1.0,8.46589877500003,49.486839897,0.0,,,Überschreiten-Unfall,"Fußgänger, Tram/Bus (bis 2017 auch LKW)",Unfall anderer Art
196951.0,2022,3,15,4,Unfall mit Leichtverletzten,0.0,1.0,0.0,1.0,0.0,0.0,0.0,0.0,0.0,8.48726572000004,49.455324760000096,1.0,,,Fahrunfall,Fahrrad,Unfall anderer Art
196411.0,2022,3,13,4,Unfall mit Leichtverletzten,5.0,3.0,0.0,1.0,1.0,0.0,0.0,0.0,0.0,8.48809857000003,49.52904729000009,1.0,,,Einbiegen / Kreuzen-Unfall,"Fahrrad, Pkw",Zusammenstoß mit einbiegendem / kreuzendem Fahrzeug
196904.0,2022,3,13,4,Unfall mit Leichtverletzten,5.0,3.0,0.0,1.0,1.0,0.0,0.0,0.0,0.0,8.47089424300003,49.501994693,1.0,,,Einbiegen / Kreuzen-Unfall,"Fahrrad, Pkw",Zusammenstoß mit einbiegendem / kreuzendem Fahrzeug
197888.0,2022,3,13,4,Unfall mit Leichtverletzten,6.0,4.0,0.0,0.0,1.0,1.0,0.0,0.0,0.0,8.47650910400006,49.479246260000096,0.0,,,Überschreiten-Unfall,"Pkw, Fußgänger",Zusammenstoß zwischen Fahrzeug und Fußgänger
197126.0,2022,3,12,4,Unfall mit Leichtverletzten,6.0,4.0,0.0,0.0,1.0,1.0,0.0,0.0,0.0,8.48817233100004,49.4635338150001,0.0,,,Überschreiten-Unfall,"Pkw, Fußgänger",Zusammenstoß zwischen Fahrzeug und Fußgänger
82144.0,2022,3,9,4,Unfall mit Leichtverletzten,3.0,3.0,0.0,1.0,1.0,0.0,0.0,0.0,0.0,8.47782998200006,49.476473382000094,1.0,,,Einbiegen / Kreuzen-Unfall,"Fahrrad, Pkw",Zusammenstoß mit seitlich in gleicher Richtung fahrendem Fahrzeug
196635.0,2022,3,18,3,Unfall mit Leichtverletzten,3.0,2.0,0.0,1.0,1.0,0.0,0.0,0.0,0.0,8.46932898100005,49.487448295,1.0,,,Abbiegeunfall,"Fahrrad, Pkw",Zusammenstoß mit seitlich in gleicher Richtung fahrendem Fahrzeug
196216.0,2022,3,17,3,Unfall mit Leichtverletzten,6.0,3.0,0.0,0.0,0.0,1.0,0.0,0.0,1.0,8.46485385200003,49.486294106000095,0.0,,,Einbiegen / Kreuzen-Unfall,"Fußgänger, Tram/Bus (bis 2017 auch LKW)",Zusammenstoß zwischen Fahrzeug und Fußgänger
197183.0,2022,3,17,3,Unfall mit Leichtverletzten,1.0,5.0,0.0,1.0,1.0,0.0,0.0,0.0,0.0,8.48141874500004,49.475023676,1.0,,,Unfall durch ruhenden Verkehr,"Fahrrad, Pkw",Zusammenstoß mit anfahrendem/ anhaltendem/ ruhendem Fahrzeug
197062.0,2022,3,15,3,Unfall mit Leichtverletzten,5.0,3.0,0.0,1.0,0.0,0.0,0.0,0.0,1.0,8.48494117400003,49.484451708000094,1.0,,,Einbiegen / Kreuzen-Unfall,"Fahrrad, Tram/Bus (bis 2017 auch LKW)",Zusammenstoß mit einbiegendem / kreuzendem Fahrzeug
196886.0,2022,3,9,3,Unfall mit Leichtverletzten,5.0,3.0,0.0,1.0,1.0,0.0,0.0,0.0,0.0,8.48108624000002,49.539125481,1.0,,,Einbiegen / Kreuzen-Unfall,"Fahrrad, Pkw",Zusammenstoß mit einbiegendem / kreuzendem Fahrzeug
82919.0,2022,3,8,3,Unfall mit Leichtverletzten,0.0,1.0,0.0,1.0,0.0,0.0,0.0,0.0,0.0,8.49805269300003,49.5032266060001,1.0,,,Fahrunfall,Fahrrad,Unfall anderer Art
82344.0,2022,3,18,2,Unfall mit Schwerverletzten,5.0,3.0,0.0,1.0,1.0,0.0,0.0,0.0,0.0,8.47539860500007,49.485184758000095,1.0,,,Einbiegen / Kreuzen-Unfall,"Fahrrad, Pkw",Zusammenstoß mit einbiegendem / kreuzendem Fahrzeug
82749.0,2022,3,16,2,Unfall mit Leichtverletzten,1.0,5.0,0.0,1.0,1.0,0.0,0.0,0.0,0.0,8.52706486200003,49.433750217000096,1.0,,,Unfall durch ruhenden Verkehr,"Fahrrad, Pkw",Zusammenstoß mit anfahrendem/ anhaltendem/ ruhendem Fahrzeug
196768.0,2022,3,15,2,Unfall mit Leichtverletzten,5.0,3.0,0.0,1.0,1.0,0.0,0.0,0.0,0.0,8.49194272800003,49.515432828,1.0,,,Einbiegen / Kreuzen-Unfall,"Fahrrad, Pkw",Zusammenstoß mit einbiegendem / kreuzendem Fahrzeug
196888.0,2022,3,14,2,Unfall mit Leichtverletzten,6.0,7.0,0.0,0.0,1.0,1.0,0.0,0.0,0.0,8.51621531200004,49.50744740300009,0.0,,,sonstiger Unfall,"Pkw, Fußgänger",Zusammenstoß zwischen Fahrzeug und Fußgänger
197244.0,2022,3,17,1,Unfall mit Leichtverletzten,0.0,6.0,0.0,1.0,1.0,0.0,0.0,0.0,0.0,8.47049847900007,49.483761481,1.0,,,Unfall im Längsverkehr,"Fahrrad, Pkw",Unfall anderer Art
197445.0,2022,3,16,1,Unfall mit Leichtverletzten,5.0,3.0,0.0,1.0,1.0,0.0,0.0,0.0,0.0,8.48430801600006,49.468127773,1.0,,,Einbiegen / Kreuzen-Unfall,"Fahrrad, Pkw",Zusammenstoß mit einbiegendem / kreuzendem Fahrzeug
196497.0,2022,3,12,1,Unfall mit Leichtverletzten,3.0,5.0,0.0,1.0,1.0,0.0,0.0,0.0,0.0,8.47034625500004,49.508638881000095,1.0,,,Unfall durch ruhenden Verkehr,"Fahrrad, Pkw",Zusammenstoß mit seitlich in gleicher Richtung fahrendem Fahrzeug
82729.0,2022,3,9,1,Unfall mit Leichtverletzten,5.0,3.0,0.0,1.0,1.0,0.0,0.0,0.0,0.0,8.46501753200005,49.481909785,1.0,,,Einbiegen / Kreuzen-Unfall,"Fahrrad, Pkw",Zusammenstoß mit einbiegendem / kreuzendem Fahrzeug
195598.0,2022,2,11,7,Unfall mit Leichtverletzten,4.0,2.0,0.0,1.0,1.0,0.0,0.0,0.0,0.0,8.45718307300007,49.551392984000096,1.0,,,Abbiegeunfall,"Fahrrad, Pkw",Zusammenstoß mit entgegenkommendem Fahrzeug
196525.0,2022,2,10,6,Unfall mit Leichtverletzten,3.0,2.0,0.0,1.0,0.0,0.0,0.0,1.0,0.0,8.45570085300005,49.4869809470001,1.0,,,Abbiegeunfall,"Fahrrad, LKW",Zusammenstoß mit seitlich in gleicher Richtung fahrendem Fahrzeug
196863.0,2022,2,8,6,Unfall mit Leichtverletzten,6.0,4.0,0.0,0.0,1.0,1.0,0.0,0.0,0.0,8.47232577300002,49.497046625000095,0.0,,,Überschreiten-Unfall,"Pkw, Fußgänger",Zusammenstoß zwischen Fahrzeug und Fußgänger
196010.0,2022,2,20,5,Unfall mit Leichtverletzten,1.0,5.0,2.0,1.0,1.0,0.0,0.0,0.0,0.0,8.48597319100003,49.525773729,1.0,,,Unfall durch ruhenden Verkehr,"Fahrrad, Pkw",Zusammenstoß mit anfahrendem/ anhaltendem/ ruhendem Fahrzeug
196402.0,2022,2,12,5,Unfall mit Leichtverletzten,6.0,4.0,0.0,0.0,1.0,1.0,0.0,0.0,0.0,8.47054847800007,49.487906608000095,0.0,,,Überschreiten-Unfall,"Pkw, Fußgänger",Zusammenstoß zwischen Fahrzeug und Fußgänger
195725.0,2022,2,20,4,Unfall mit Leichtverletzten,0.0,4.0,2.0,0.0,0.0,1.0,0.0,0.0,1.0,8.47023974400003,49.5034960740001,0.0,,,Überschreiten-Unfall,"Fußgänger, Tram/Bus (bis 2017 auch LKW)",Unfall anderer Art
195341.0,2022,2,17,4,Unfall mit Leichtverletzten,0.0,3.0,0.0,1.0,1.0,0.0,0.0,0.0,0.0,8.52530599300007,49.473669262,1.0,,,Einbiegen / Kreuzen-Unfall,"Fahrrad, Pkw",Unfall anderer Art
196626.0,2022,2,17,4,Unfall mit Leichtverletzten,5.0,2.0,0.0,1.0,1.0,0.0,0.0,0.0,0.0,8.48941326100004,49.495752391000096,1.0,,,Abbiegeunfall,"Fahrrad, Pkw",Zusammenstoß mit einbiegendem / kreuzendem Fahrzeug
80758.0,2022,2,11,4,Unfall mit Leichtverletzten,5.0,3.0,0.0,1.0,1.0,0.0,0.0,0.0,0.0,8.51223282600006,49.489004935,1.0,,,Einbiegen / Kreuzen-Unfall,"Fahrrad, Pkw",Zusammenstoß mit einbiegendem / kreuzendem Fahrzeug
196067.0,2022,2,16,3,Unfall mit Leichtverletzten,6.0,4.0,0.0,0.0,0.0,1.0,0.0,0.0,1.0,8.45701492700005,49.493728754000095,0.0,,,Überschreiten-Unfall,"Fußgänger, Tram/Bus (bis 2017 auch LKW)",Zusammenstoß zwischen Fahrzeug und Fußgänger
79567.0,2022,2,18,2,Unfall mit Leichtverletzten,5.0,3.0,2.0,1.0,1.0,0.0,0.0,0.0,0.0,8.48819015200007,49.497594718000094,1.0,,,Einbiegen / Kreuzen-Unfall,"Fahrrad, Pkw",Zusammenstoß mit einbiegendem / kreuzendem Fahrzeug
80821.0,2022,2,18,2,Unfall mit Leichtverletzten,5.0,3.0,1.0,1.0,1.0,0.0,0.0,0.0,0.0,8.48819815200005,49.497603998,1.0,,,Einbiegen / Kreuzen-Unfall,"Fahrrad, Pkw",Zusammenstoß mit einbiegendem / kreuzendem Fahrzeug
195343.0,2022,2,18,2,Unfall mit Leichtverletzten,6.0,7.0,1.0,0.0,1.0,1.0,0.0,0.0,0.0,8.46994504000003,49.4912601080001,0.0,,,sonstiger Unfall,"Pkw, Fußgänger",Zusammenstoß zwischen Fahrzeug und Fußgänger
195665.0,2022,2,17,2,Unfall mit Leichtverletzten,4.0,2.0,1.0,1.0,1.0,0.0,0.0,0.0,0.0,8.50265706100004,49.449205792,1.0,,,Abbiegeunfall,"Fahrrad, Pkw",Zusammenstoß mit entgegenkommendem Fahrzeug
197204.0,2022,2,15,2,Unfall mit Leichtverletzten,5.0,3.0,0.0,1.0,1.0,0.0,0.0,0.0,0.0,8.53709124700003,49.483856578,1.0,,,Einbiegen / Kreuzen-Unfall,"Fahrrad, Pkw",Zusammenstoß mit einbiegendem / kreuzendem Fahrzeug
80121.0,2022,1,21,7,Unfall mit Schwerverletzten,5.0,3.0,2.0,1.0,1.0,0.0,0.0,0.0,0.0,8.52446567400006,49.44011799100009,1.0,,,Einbiegen / Kreuzen-Unfall,"Fahrrad, Pkw",Zusammenstoß mit einbiegendem / kreuzendem Fahrzeug
195521.0,2022,1,18,7,Unfall mit Leichtverletzten,2.0,6.0,2.0,1.0,1.0,0.0,0.0,0.0,0.0,8.47083559100003,49.490911031000095,1.0,,,Unfall im Längsverkehr,"Fahrrad, Pkw",Zusammenstoß mit vorausfahrendem / wartendem Fahrzeug
195591.0,2022,1,14,7,Unfall mit Leichtverletzten,6.0,4.0,0.0,1.0,0.0,1.0,0.0,0.0,0.0,8.49663769400007,49.530656470000096,1.0,,,Überschreiten-Unfall,"Fahrrad, Fußgänger",Zusammenstoß zwischen Fahrzeug und Fußgänger
195746.0,2022,1,13,7,Unfall mit Leichtverletzten,5.0,3.0,0.0,1.0,1.0,0.0,0.0,0.0,0.0,8.49376762100007,49.456395645,1.0,,,Einbiegen / Kreuzen-Unfall,"Fahrrad, Pkw",Zusammenstoß mit einbiegendem / kreuzendem Fahrzeug
195552.0,2022,1,7,7,Unfall mit Schwerverletzten,4.0,2.0,0.0,1.0,1.0,0.0,0.0,0.0,0.0,8.49013881300004,49.478316237000094,1.0,,,Abbiegeunfall,"Fahrrad, Pkw",Zusammenstoß mit entgegenkommendem Fahrzeug
195807.0,2022,1,17,6,Unfall mit Schwerverletzten,6.0,2.0,1.0,0.0,1.0,1.0,0.0,0.0,0.0,8.47542237400006,49.485046887000095,0.0,,,Abbiegeunfall,"Pkw, Fußgänger",Zusammenstoß zwischen Fahrzeug und Fußgänger
195173.0,2022,1,15,6,Unfall mit Leichtverletzten,5.0,3.0,0.0,1.0,1.0,0.0,0.0,0.0,0.0,8.54655676300007,49.496538349,1.0,,,Einbiegen / Kreuzen-Unfall,"Fahrrad, Pkw",Zusammenstoß mit einbiegendem / kreuzendem Fahrzeug
196076.0,2022,1,15,6,Unfall mit Schwerverletzten,6.0,4.0,0.0,0.0,1.0,1.0,0.0,0.0,0.0,8.47004599600007,49.505533032000095,0.0,,,Überschreiten-Unfall,"Pkw, Fußgänger",Zusammenstoß zwischen Fahrzeug und Fußgänger
195860.0,2022,1,13,6,Unfall mit Leichtverletzten,1.0,3.0,0.0,1.0,0.0,0.0,0.0,0.0,1.0,8.50348812400006,49.503056164,1.0,,,Einbiegen / Kreuzen-Unfall,"Fahrrad, Tram/Bus (bis 2017 auch LKW)",Zusammenstoß mit anfahrendem/ anhaltendem/ ruhendem Fahrzeug
195730.0,2022,1,20,5,Unfall mit Leichtverletzten,6.0,2.0,2.0,0.0,0.0,1.0,0.0,0.0,1.0,8.46948247100005,49.4647706210001,0.0,,,Abbiegeunfall,"Fußgänger, Tram/Bus (bis 2017 auch LKW)",Zusammenstoß zwischen Fahrzeug und Fußgänger
79002.0,2022,1,18,5,Unfall mit Leichtverletzten,5.0,3.0,2.0,1.0,1.0,0.0,0.0,0.0,0.0,8.49012491800005,49.528168229000094,1.0,,,Einbiegen / Kreuzen-Unfall,"Fahrrad, Pkw",Zusammenstoß mit einbiegendem / kreuzendem Fahrzeug
79719.0,2022,1,15,5,Unfall mit Leichtverletzten,5.0,3.0,0.0,1.0,1.0,0.0,0.0,0.0,0.0,8.48577567100006,49.4952834900001,1.0,,,Einbiegen / Kreuzen-Unfall,"Fahrrad, Pkw",Zusammenstoß mit einbiegendem / kreuzendem Fahrzeug
195595.0,2022,1,8,5,Unfall mit Leichtverletzten,5.0,3.0,0.0,1.0,1.0,0.0,0.0,0.0,0.0,8.48204936100007,49.478904714000095,1.0,,,Einbiegen / Kreuzen-Unfall,"Fahrrad, Pkw",Zusammenstoß mit einbiegendem / kreuzendem Fahrzeug
195773.0,2022,1,21,4,Unfall mit Leichtverletzten,6.0,4.0,2.0,0.0,1.0,1.0,0.0,0.0,0.0,8.47117129100008,49.47932115300009,0.0,,,Überschreiten-Unfall,"Pkw, Fußgänger",Zusammenstoß zwischen Fahrzeug und Fußgänger
195546.0,2022,1,17,4,Unfall mit Leichtverletzten,4.0,6.0,2.0,1.0,0.0,0.0,0.0,0.0,0.0,8.48207707000006,49.523454884,1.0,,,Unfall im Längsverkehr,Fahrrad,Zusammenstoß mit entgegenkommendem Fahrzeug
195722.0,2022,1,17,4,Unfall mit Leichtverletzten,5.0,5.0,1.0,1.0,1.0,0.0,0.0,0.0,0.0,8.48960433800005,49.5053982380001,1.0,,,Unfall durch ruhenden Verkehr,"Fahrrad, Pkw",Zusammenstoß mit einbiegendem / kreuzendem Fahrzeug
196154.0,2022,1,17,4,Unfall mit Leichtverletzten,6.0,4.0,2.0,0.0,1.0,1.0,0.0,0.0,0.0,8.47226401800003,49.4882197850001,0.0,,,Überschreiten-Unfall,"Pkw, Fußgänger",Zusammenstoß zwischen Fahrzeug und Fußgänger
195887.0,2022,1,13,4,Unfall mit Leichtverletzten,0.0,7.0,0.0,0.0,1.0,1.0,0.0,0.0,0.0,8.47557353000008,49.4962908360001,0.0,,,sonstiger Unfall,"Pkw, Fußgänger",Unfall anderer Art
195602.0,2022,1,6,4,Unfall mit Leichtverletzten,0.0,4.0,2.0,0.0,0.0,1.0,0.0,0.0,1.0,8.48175342900004,49.531941666000094,0.0,,,Überschreiten-Unfall,"Fußgänger, Tram/Bus (bis 2017 auch LKW)",Unfall anderer Art
195600.0,2022,1,16,3,Unfall mit Leichtverletzten,0.0,7.0,0.0,1.0,0.0,0.0,0.0,0.0,0.0,8.47155282000006,49.472273822,1.0,,,sonstiger Unfall,Fahrrad,Unfall anderer Art
79123.0,2022,1,7,3,Unfall mit Schwerverletzten,6.0,4.0,2.0,0.0,1.0,1.0,0.0,0.0,0.0,8.51900453100006,49.4901952810001,0.0,,,Überschreiten-Unfall,"Pkw, Fußgänger",Zusammenstoß zwischen Fahrzeug und Fußgänger
195867.0,2022,1,15,2,Unfall mit Leichtverletzten,5.0,3.0,0.0,1.0,1.0,0.0,0.0,0.0,0.0,8.44726853800006,49.5416684960001,1.0,,,Einbiegen / Kreuzen-Unfall,"Fahrrad, Pkw",Zusammenstoß mit einbiegendem / kreuzendem Fahrzeug
196145.0,2022,1,10,2,Unfall mit Leichtverletzten,3.0,6.0,0.0,1.0,1.0,0.0,0.0,0.0,0.0,8.46876135800005,49.491789834,1.0,,,Unfall im Längsverkehr,"Fahrrad, Pkw",Zusammenstoß mit seitlich in gleicher Richtung fahrendem Fahrzeug
78210.0,2022,1,17,1,Unfall mit Leichtverletzten,7.0,1.0,2.0,1.0,0.0,0.0,0.0,0.0,0.0,8.49524982700007,49.4792290610001,1.0,,,Fahrunfall,Fahrrad,Aufprall auf Fahrbahnhindernis
189142.0,2021,12,19,6,Unfall mit Leichtverletzten,6.0,4.0,2.0,0.0,0.0,1.0,0.0,0.0,1.0,8.470556678000037,49.49247866400003,0.0,,,Überschreiten-Unfall,"Fußgänger, Tram/Bus (bis 2017 auch LKW)",Zusammenstoß zwischen Fahrzeug und Fußgänger
189724.0,2021,12,19,6,Unfall mit Leichtverletzten,5.0,3.0,2.0,1.0,1.0,0.0,0.0,0.0,0.0,8.478507788000059,49.49779929300007,1.0,,,Einbiegen / Kreuzen-Unfall,"Fahrrad, Pkw",Zusammenstoß mit einbiegendem / kreuzendem Fahrzeug
189358.0,2021,12,17,6,Unfall mit Leichtverletzten,5.0,2.0,2.0,1.0,1.0,0.0,0.0,0.0,0.0,8.477646417000074,49.484170537000075,1.0,,,Abbiegeunfall,"Fahrrad, Pkw",Zusammenstoß mit einbiegendem / kreuzendem Fahrzeug
189948.0,2021,12,17,6,Unfall mit Leichtverletzten,5.0,3.0,2.0,1.0,1.0,0.0,0.0,0.0,0.0,8.459150692000037,49.49240950000007,1.0,,,Einbiegen / Kreuzen-Unfall,"Fahrrad, Pkw",Zusammenstoß mit einbiegendem / kreuzendem Fahrzeug
189824.0,2021,12,16,6,Unfall mit Leichtverletzten,5.0,3.0,2.0,1.0,1.0,0.0,0.0,0.0,0.0,8.485654115000045,49.47650719200004,1.0,,,Einbiegen / Kreuzen-Unfall,"Fahrrad, Pkw",Zusammenstoß mit einbiegendem / kreuzendem Fahrzeug
188994.0,2021,12,15,6,Unfall mit Leichtverletzten,3.0,2.0,0.0,1.0,0.0,0.0,0.0,0.0,0.0,8.495032219000052,49.45284343600008,1.0,,,Abbiegeunfall,Fahrrad,Zusammenstoß mit seitlich in gleicher Richtung fahrendem Fahrzeug
188981.0,2021,12,11,6,Unfall mit Leichtverletzten,0.0,3.0,0.0,1.0,1.0,0.0,0.0,0.0,0.0,8.478517098000054,49.46027913100005,1.0,,,Einbiegen / Kreuzen-Unfall,"Fahrrad, Pkw",Unfall anderer Art
189939.0,2021,12,10,6,Unfall mit Leichtverletzten,3.0,6.0,0.0,1.0,1.0,0.0,0.0,0.0,0.0,8.46819453300003,49.50409724200006,1.0,,,Unfall im Längsverkehr,"Fahrrad, Pkw",Zusammenstoß mit seitlich in gleicher Richtung fahrendem Fahrzeug
190347.0,2021,12,18,5,Unfall mit Leichtverletzten,0.0,2.0,2.0,0.0,1.0,1.0,0.0,0.0,0.0,8.490130110000052,49.47830637700008,0.0,,,Abbiegeunfall,"Pkw, Fußgänger",Unfall anderer Art
86231.0,2021,12,11,5,Unfall mit Leichtverletzten,1.0,5.0,0.0,1.0,1.0,0.0,0.0,0.0,0.0,8.480272485000057,49.48924745700003,1.0,,,Unfall durch ruhenden Verkehr,"Fahrrad, Pkw",Zusammenstoß mit anfahrendem/ anhaltendem/ ruhendem Fahrzeug
190513.0,2021,12,10,5,Unfall mit Leichtverletzten,1.0,7.0,0.0,1.0,1.0,0.0,0.0,0.0,0.0,8.473241014000052,49.48153540900007,1.0,,,sonstiger Unfall,"Fahrrad, Pkw",Zusammenstoß mit anfahrendem/ anhaltendem/ ruhendem Fahrzeug
85508.0,2021,12,9,5,Unfall mit Schwerverletzten,6.0,4.0,0.0,0.0,1.0,1.0,0.0,0.0,0.0,8.551341101000048,49.45987433100004,0.0,,,Überschreiten-Unfall,"Pkw, Fußgänger",Zusammenstoß zwischen Fahrzeug und Fußgänger
190184.0,2021,12,7,5,Unfall mit Leichtverletzten,5.0,3.0,2.0,1.0,1.0,0.0,0.0,0.0,0.0,8.477595871000062,49.484279249000046,1.0,,,Einbiegen / Kreuzen-Unfall,"Fahrrad, Pkw",Zusammenstoß mit einbiegendem / kreuzendem Fahrzeug
189945.0,2021,12,15,4,Unfall mit Schwerverletzten,5.0,3.0,0.0,1.0,1.0,0.0,0.0,0.0,0.0,8.46250825900006,49.47872712900005,1.0,,,Einbiegen / Kreuzen-Unfall,"Fahrrad, Pkw",Zusammenstoß mit einbiegendem / kreuzendem Fahrzeug
189427.0,2021,12,12,4,Unfall mit Leichtverletzten,5.0,3.0,0.0,1.0,1.0,0.0,0.0,0.0,0.0,8.47304506300003,49.47263331100004,1.0,,,Einbiegen / Kreuzen-Unfall,"Fahrrad, Pkw",Zusammenstoß mit einbiegendem / kreuzendem Fahrzeug
191063.0,2021,12,17,3,Unfall mit Leichtverletzten,6.0,7.0,2.0,0.0,0.0,1.0,0.0,0.0,1.0,8.472096349000026,49.45063795100003,0.0,,,sonstiger Unfall,"Fußgänger, Tram/Bus (bis 2017 auch LKW)",Zusammenstoß zwischen Fahrzeug und Fußgänger
190696.0,2021,12,10,3,Unfall mit Leichtverletzten,6.0,2.0,0.0,0.0,1.0,1.0,0.0,0.0,0.0,8.511971900000049,49.51609685600005,0.0,,,Abbiegeunfall,"Pkw, Fußgänger",Zusammenstoß zwischen Fahrzeug und Fußgänger
189322.0,2021,12,19,2,Unfall mit Schwerverletzten,0.0,6.0,2.0,1.0,1.0,0.0,0.0,0.0,0.0,8.512734847000047,49.53472314900006,1.0,,,Unfall im Längsverkehr,"Fahrrad, Pkw",Unfall anderer Art
189845.0,2021,12,18,2,Unfall mit Leichtverletzten,1.0,5.0,2.0,1.0,1.0,0.0,0.0,0.0,0.0,8.466157468000063,49.48897773500005,1.0,,,Unfall durch ruhenden Verkehr,"Fahrrad, Pkw",Zusammenstoß mit anfahrendem/ anhaltendem/ ruhendem Fahrzeug
86697.0,2021,12,17,2,Unfall mit Leichtverletzten,6.0,4.0,1.0,0.0,1.0,1.0,0.0,0.0,0.0,8.521043320000047,49.49389182000005,0.0,,,Überschreiten-Unfall,"Pkw, Fußgänger",Zusammenstoß zwischen Fahrzeug und Fußgänger
87143.0,2021,12,16,2,Unfall mit Getöteten,6.0,4.0,2.0,0.0,1.0,1.0,0.0,0.0,0.0,8.54718387500003,49.51337905600008,0.0,,,Überschreiten-Unfall,"Pkw, Fußgänger",Zusammenstoß zwischen Fahrzeug und Fußgänger
190893.0,2021,12,14,2,Unfall mit Leichtverletzten,3.0,2.0,0.0,1.0,1.0,0.0,0.0,0.0,0.0,8.50159829000006,49.50437636300006,1.0,,,Abbiegeunfall,"Fahrrad, Pkw",Zusammenstoß mit seitlich in gleicher Richtung fahrendem Fahrzeug
189706.0,2021,12,12,2,Unfall mit Leichtverletzten,0.0,1.0,0.0,1.0,0.0,0.0,0.0,0.0,0.0,8.507800272000054,49.48657969900007,1.0,,,Fahrunfall,Fahrrad,Unfall anderer Art
189009.0,2021,12,11,2,Unfall mit Schwerverletzten,5.0,3.0,0.0,1.0,0.0,0.0,0.0,1.0,0.0,8.556443953000041,49.51661406400007,1.0,,,Einbiegen / Kreuzen-Unfall,"Fahrrad, LKW",Zusammenstoß mit einbiegendem / kreuzendem Fahrzeug
189890.0,2021,12,9,2,Unfall mit Leichtverletzten,0.0,1.0,0.0,1.0,0.0,0.0,0.0,0.0,0.0,8.517777440000032,49.430143311000045,1.0,,,Fahrunfall,Fahrrad,Unfall anderer Art