OBJECTID,UJAHR,UMONAT,USTUNDE,UWOCHENTAG,UKATEGORIE,UART,UTYP1,ULICHTVERH,IstRad,IstPKW,IstFuss,IstKrad,IstGkfz,IstSonstige,Longitude,Latitude,IstRadBetroffen,Kommentar,Stadtteil,typ,involved,art
186514.0,2021,9,16,2,Unfall mit Leichtverletzten,5.0,3.0,0.0,1.0,1.0,0.0,0.0,0.0,0.0,8.481137701000023,49.45683602600008,1.0,,,Einbiegen / Kreuzen-Unfall,"Fahrrad, Pkw",Zusammenstoß mit einbiegendem / kreuzendem Fahrzeug
187838.0,2021,9,16,2,Unfall mit Leichtverletzten,0.0,7.0,0.0,1.0,1.0,0.0,0.0,0.0,0.0,8.504725005000068,49.51446416200008,1.0,,,sonstiger Unfall,"Fahrrad, Pkw",Unfall anderer Art
187791.0,2021,9,15,2,Unfall mit Leichtverletzten,5.0,3.0,0.0,1.0,0.0,0.0,0.0,0.0,1.0,8.472961780000048,49.49542136900004,1.0,,,Einbiegen / Kreuzen-Unfall,"Fahrrad, Tram/Bus (bis 2017 auch LKW)",Zusammenstoß mit einbiegendem / kreuzendem Fahrzeug
187846.0,2021,9,15,2,Unfall mit Schwerverletzten,0.0,1.0,0.0,1.0,0.0,0.0,0.0,0.0,0.0,8.493697550000036,49.500798561000074,1.0,,,Fahrunfall,Fahrrad,Unfall anderer Art
187364.0,2021,9,11,2,Unfall mit Leichtverletzten,5.0,3.0,0.0,1.0,1.0,0.0,0.0,0.0,0.0,8.488671571000054,49.45500224200004,1.0,,,Einbiegen / Kreuzen-Unfall,"Fahrrad, Pkw",Zusammenstoß mit einbiegendem / kreuzendem Fahrzeug
187226.0,2021,9,8,2,Unfall mit Leichtverletzten,0.0,3.0,0.0,1.0,1.0,0.0,0.0,0.0,0.0,8.521103764000031,49.49219443800007,1.0,,,Einbiegen / Kreuzen-Unfall,"Fahrrad, Pkw",Unfall anderer Art
83154.0,2021,9,6,2,Unfall mit Leichtverletzten,5.0,3.0,1.0,1.0,0.0,0.0,0.0,0.0,0.0,8.459456609000028,49.48268784300007,1.0,,,Einbiegen / Kreuzen-Unfall,Fahrrad,Zusammenstoß mit einbiegendem / kreuzendem Fahrzeug
186378.0,2021,9,0,1,Unfall mit Leichtverletzten,1.0,5.0,2.0,1.0,1.0,0.0,0.0,0.0,0.0,8.540787486000056,49.48480276000004,1.0,,,Unfall durch ruhenden Verkehr,"Fahrrad, Pkw",Zusammenstoß mit anfahrendem/ anhaltendem/ ruhendem Fahrzeug
186601.0,2021,8,19,7,Unfall mit Leichtverletzten,4.0,6.0,0.0,1.0,0.0,0.0,1.0,0.0,0.0,8.473608593000051,49.54801760400005,1.0,,,Unfall im Längsverkehr,"Fahrrad, Kraftrad",Zusammenstoß mit entgegenkommendem Fahrzeug
184941.0,2021,8,15,7,Unfall mit Leichtverletzten,6.0,7.0,0.0,1.0,0.0,1.0,0.0,0.0,0.0,8.467726440000035,49.49066514000003,1.0,,,sonstiger Unfall,"Fahrrad, Fußgänger",Zusammenstoß zwischen Fahrzeug und Fußgänger
185604.0,2021,8,14,7,Unfall mit Leichtverletzten,0.0,6.0,0.0,1.0,1.0,0.0,0.0,0.0,0.0,8.517432148000069,49.51254301100005,1.0,,,Unfall im Längsverkehr,"Fahrrad, Pkw",Unfall anderer Art
185662.0,2021,8,10,7,Unfall mit Leichtverletzten,5.0,3.0,0.0,1.0,1.0,0.0,0.0,0.0,0.0,8.486543888000028,49.52656023600008,1.0,,,Einbiegen / Kreuzen-Unfall,"Fahrrad, Pkw",Zusammenstoß mit einbiegendem / kreuzendem Fahrzeug
186889.0,2021,8,3,7,Unfall mit Leichtverletzten,5.0,3.0,2.0,1.0,1.0,0.0,0.0,0.0,0.0,8.465227697000046,49.489183610000055,1.0,,,Einbiegen / Kreuzen-Unfall,"Fahrrad, Pkw",Zusammenstoß mit einbiegendem / kreuzendem Fahrzeug
184973.0,2021,8,14,6,Unfall mit Leichtverletzten,6.0,4.0,0.0,1.0,0.0,1.0,0.0,0.0,0.0,8.473402587000066,49.485820655000055,1.0,,,Überschreiten-Unfall,"Fahrrad, Fußgänger",Zusammenstoß zwischen Fahrzeug und Fußgänger
186476.0,2021,8,12,6,Unfall mit Leichtverletzten,0.0,6.0,0.0,1.0,0.0,0.0,0.0,0.0,1.0,8.565144339000028,49.46527271400004,1.0,,,Unfall im Längsverkehr,"Fahrrad, Tram/Bus (bis 2017 auch LKW)",Unfall anderer Art
185636.0,2021,8,11,6,Unfall mit Leichtverletzten,5.0,3.0,0.0,1.0,1.0,0.0,0.0,0.0,0.0,8.481834165000066,49.52864418800005,1.0,,,Einbiegen / Kreuzen-Unfall,"Fahrrad, Pkw",Zusammenstoß mit einbiegendem / kreuzendem Fahrzeug
185549.0,2021,8,10,6,Unfall mit Leichtverletzten,0.0,7.0,0.0,1.0,0.0,0.0,0.0,0.0,0.0,8.51687196000006,49.48414565000007,1.0,,,sonstiger Unfall,Fahrrad,Unfall anderer Art
186615.0,2021,8,10,6,Unfall mit Leichtverletzten,5.0,5.0,0.0,1.0,1.0,0.0,0.0,0.0,0.0,8.449611147000041,49.54956428500003,1.0,,,Unfall durch ruhenden Verkehr,"Fahrrad, Pkw",Zusammenstoß mit einbiegendem / kreuzendem Fahrzeug
184979.0,2021,8,9,6,Unfall mit Leichtverletzten,5.0,3.0,0.0,1.0,1.0,0.0,0.0,0.0,0.0,8.474324177000028,49.472638345000064,1.0,,,Einbiegen / Kreuzen-Unfall,"Fahrrad, Pkw",Zusammenstoß mit einbiegendem / kreuzendem Fahrzeug
81168.0,2021,8,16,5,Unfall mit Leichtverletzten,5.0,3.0,0.0,1.0,1.0,0.0,0.0,0.0,0.0,8.487379772000054,49.47512404600008,1.0,,,Einbiegen / Kreuzen-Unfall,"Fahrrad, Pkw",Zusammenstoß mit einbiegendem / kreuzendem Fahrzeug
81690.0,2021,8,16,5,Unfall mit Leichtverletzten,3.0,2.0,0.0,1.0,1.0,0.0,0.0,0.0,0.0,8.501057911000032,49.477987994000046,1.0,,,Abbiegeunfall,"Fahrrad, Pkw",Zusammenstoß mit seitlich in gleicher Richtung fahrendem Fahrzeug
185419.0,2021,8,19,4,Unfall mit Leichtverletzten,3.0,2.0,0.0,1.0,1.0,0.0,0.0,0.0,0.0,8.484123965000038,49.49638442500003,1.0,,,Abbiegeunfall,"Fahrrad, Pkw",Zusammenstoß mit seitlich in gleicher Richtung fahrendem Fahrzeug
185215.0,2021,8,17,4,Unfall mit Leichtverletzten,6.0,4.0,0.0,0.0,1.0,1.0,0.0,0.0,0.0,8.505324030000054,49.50060079000008,0.0,,,Überschreiten-Unfall,"Pkw, Fußgänger",Zusammenstoß zwischen Fahrzeug und Fußgänger
186113.0,2021,8,14,4,Unfall mit Leichtverletzten,3.0,2.0,0.0,1.0,1.0,0.0,0.0,0.0,0.0,8.49878170900007,49.52037132000004,1.0,,,Abbiegeunfall,"Fahrrad, Pkw",Zusammenstoß mit seitlich in gleicher Richtung fahrendem Fahrzeug
184816.0,2021,8,13,4,Unfall mit Leichtverletzten,5.0,2.0,0.0,1.0,1.0,0.0,0.0,0.0,0.0,8.484284939000077,49.51032308700008,1.0,,,Abbiegeunfall,"Fahrrad, Pkw",Zusammenstoß mit einbiegendem / kreuzendem Fahrzeug
186645.0,2021,8,13,3,Unfall mit Leichtverletzten,5.0,3.0,0.0,1.0,1.0,0.0,0.0,0.0,0.0,8.474444507000044,49.47272167300008,1.0,,,Einbiegen / Kreuzen-Unfall,"Fahrrad, Pkw",Zusammenstoß mit einbiegendem / kreuzendem Fahrzeug
185521.0,2021,8,10,3,Unfall mit Schwerverletzten,6.0,4.0,0.0,0.0,1.0,1.0,0.0,0.0,0.0,8.464886613000033,49.487596461000074,0.0,,,Überschreiten-Unfall,"Pkw, Fußgänger",Zusammenstoß zwischen Fahrzeug und Fußgänger
185987.0,2021,8,10,3,Unfall mit Leichtverletzten,3.0,2.0,0.0,1.0,0.0,0.0,0.0,1.0,0.0,8.483629361000055,49.49728443700008,1.0,,,Abbiegeunfall,"Fahrrad, LKW",Zusammenstoß mit seitlich in gleicher Richtung fahrendem Fahrzeug
184877.0,2021,8,23,2,Unfall mit Leichtverletzten,6.0,4.0,2.0,0.0,1.0,1.0,0.0,0.0,0.0,8.473592348000068,49.48385023100008,0.0,,,Überschreiten-Unfall,"Pkw, Fußgänger",Zusammenstoß zwischen Fahrzeug und Fußgänger
185414.0,2021,8,11,2,Unfall mit Leichtverletzten,0.0,1.0,0.0,1.0,0.0,0.0,0.0,0.0,0.0,8.47554404500005,49.48003983500007,1.0,,,Fahrunfall,Fahrrad,Unfall anderer Art
185290.0,2021,8,6,2,Unfall mit Leichtverletzten,4.0,6.0,0.0,1.0,0.0,0.0,0.0,0.0,0.0,8.471376709000026,49.49349682500008,1.0,,,Unfall im Längsverkehr,Fahrrad,Zusammenstoß mit entgegenkommendem Fahrzeug
79996.0,2021,7,20,7,Unfall mit Leichtverletzten,0.0,1.0,0.0,1.0,0.0,0.0,0.0,0.0,0.0,8.505700468000043,49.50685866400005,1.0,,,Fahrunfall,Fahrrad,Unfall anderer Art
184555.0,2021,7,19,7,Unfall mit Leichtverletzten,0.0,7.0,0.0,1.0,0.0,0.0,0.0,0.0,0.0,8.486427224000067,49.44719604200003,1.0,,,sonstiger Unfall,Fahrrad,Unfall anderer Art
184615.0,2021,7,18,7,Unfall mit Schwerverletzten,6.0,4.0,0.0,0.0,1.0,1.0,0.0,0.0,0.0,8.507043409000062,49.50996023300007,0.0,,,Überschreiten-Unfall,"Pkw, Fußgänger",Zusammenstoß zwischen Fahrzeug und Fußgänger
184864.0,2021,7,17,7,Unfall mit Leichtverletzten,0.0,7.0,0.0,0.0,1.0,1.0,0.0,0.0,0.0,8.482313164000061,49.49535239800008,0.0,,,sonstiger Unfall,"Pkw, Fußgänger",Unfall anderer Art
81079.0,2021,7,15,7,Unfall mit Leichtverletzten,0.0,7.0,0.0,1.0,0.0,1.0,0.0,0.0,0.0,8.466438502000074,49.50797123700005,1.0,,,sonstiger Unfall,"Fahrrad, Fußgänger",Unfall anderer Art
185121.0,2021,7,15,7,Unfall mit Leichtverletzten,0.0,1.0,0.0,1.0,0.0,0.0,0.0,0.0,0.0,8.471148865000032,49.493409205000034,1.0,,,Fahrunfall,Fahrrad,Unfall anderer Art
183929.0,2021,7,7,7,Unfall mit Leichtverletzten,5.0,2.0,0.0,1.0,1.0,0.0,0.0,0.0,0.0,8.493109165000021,49.52180587600003,1.0,,,Abbiegeunfall,"Fahrrad, Pkw",Zusammenstoß mit einbiegendem / kreuzendem Fahrzeug
183916.0,2021,7,21,6,Unfall mit Leichtverletzten,0.0,1.0,0.0,1.0,0.0,0.0,0.0,0.0,0.0,8.47544754200004,49.50828415800004,1.0,,,Fahrunfall,Fahrrad,Unfall anderer Art
184620.0,2021,7,17,6,Unfall mit Leichtverletzten,6.0,7.0,0.0,0.0,1.0,1.0,0.0,0.0,0.0,8.468242321000048,49.47771578700008,0.0,,,sonstiger Unfall,"Pkw, Fußgänger",Zusammenstoß zwischen Fahrzeug und Fußgänger
184875.0,2021,7,17,6,Unfall mit Leichtverletzten,5.0,3.0,0.0,1.0,1.0,0.0,0.0,0.0,0.0,8.455239003000031,49.536369853000046,1.0,,,Einbiegen / Kreuzen-Unfall,"Fahrrad, Pkw",Zusammenstoß mit einbiegendem / kreuzendem Fahrzeug
184173.0,2021,7,11,6,Unfall mit Leichtverletzten,1.0,3.0,0.0,1.0,1.0,0.0,0.0,0.0,0.0,8.508879425000032,49.505986334000056,1.0,,,Einbiegen / Kreuzen-Unfall,"Fahrrad, Pkw",Zusammenstoß mit anfahrendem/ anhaltendem/ ruhendem Fahrzeug
184737.0,2021,7,8,6,Unfall mit Leichtverletzten,5.0,3.0,0.0,1.0,1.0,0.0,0.0,0.0,0.0,8.473733165000056,49.50826474000007,1.0,,,Einbiegen / Kreuzen-Unfall,"Fahrrad, Pkw",Zusammenstoß mit einbiegendem / kreuzendem Fahrzeug
185348.0,2021,7,7,6,Unfall mit Leichtverletzten,6.0,7.0,0.0,0.0,1.0,1.0,0.0,0.0,0.0,8.496189291000064,49.44737306200005,0.0,,,sonstiger Unfall,"Pkw, Fußgänger",Zusammenstoß zwischen Fahrzeug und Fußgänger
185706.0,2021,7,16,5,Unfall mit Schwerverletzten,5.0,3.0,0.0,1.0,0.0,0.0,0.0,0.0,1.0,8.522369801000025,49.51156436100007,1.0,,,Einbiegen / Kreuzen-Unfall,"Fahrrad, Tram/Bus (bis 2017 auch LKW)",Zusammenstoß mit einbiegendem / kreuzendem Fahrzeug
183782.0,2021,7,13,5,Unfall mit Leichtverletzten,1.0,5.0,0.0,1.0,0.0,0.0,1.0,0.0,0.0,8.481437232000076,49.47500154000005,1.0,,,Unfall durch ruhenden Verkehr,"Fahrrad, Kraftrad",Zusammenstoß mit anfahrendem/ anhaltendem/ ruhendem Fahrzeug
183852.0,2021,7,10,5,Unfall mit Leichtverletzten,5.0,3.0,0.0,1.0,1.0,0.0,0.0,0.0,0.0,8.52578236000005,49.42022021200006,1.0,,,Einbiegen / Kreuzen-Unfall,"Fahrrad, Pkw",Zusammenstoß mit einbiegendem / kreuzendem Fahrzeug
184582.0,2021,7,8,5,Unfall mit Leichtverletzten,4.0,2.0,0.0,1.0,0.0,1.0,0.0,0.0,0.0,8.474371912000038,49.456453387000074,1.0,,,Abbiegeunfall,"Fahrrad, Fußgänger",Zusammenstoß mit entgegenkommendem Fahrzeug
185774.0,2021,7,0,5,Unfall mit Leichtverletzten,6.0,4.0,2.0,0.0,1.0,1.0,0.0,0.0,0.0,8.498770893000028,49.52042205000004,0.0,,,Überschreiten-Unfall,"Pkw, Fußgänger",Zusammenstoß zwischen Fahrzeug und Fußgänger
184132.0,2021,7,20,4,Unfall mit Leichtverletzten,5.0,3.0,0.0,1.0,1.0,0.0,0.0,0.0,0.0,8.480981715000041,49.54703448700008,1.0,,,Einbiegen / Kreuzen-Unfall,"Fahrrad, Pkw",Zusammenstoß mit einbiegendem / kreuzendem Fahrzeug
184604.0,2021,7,18,4,Unfall mit Leichtverletzten,3.0,2.0,0.0,1.0,1.0,0.0,0.0,0.0,0.0,8.46998353600003,49.50418297700002,1.0,,,Abbiegeunfall,"Fahrrad, Pkw",Zusammenstoß mit seitlich in gleicher Richtung fahrendem Fahrzeug
185733.0,2021,7,16,4,Unfall mit Leichtverletzten,0.0,1.0,0.0,1.0,0.0,0.0,0.0,0.0,0.0,8.476416908000033,49.48490989200008,1.0,,,Fahrunfall,Fahrrad,Unfall anderer Art
184531.0,2021,7,11,4,Unfall mit Leichtverletzten,6.0,7.0,0.0,0.0,0.0,1.0,0.0,0.0,1.0,8.550287334000075,49.49254364000007,0.0,,,sonstiger Unfall,"Fußgänger, Tram/Bus (bis 2017 auch LKW)",Zusammenstoß zwischen Fahrzeug und Fußgänger
184539.0,2021,7,19,3,Unfall mit Leichtverletzten,1.0,2.0,0.0,1.0,1.0,0.0,0.0,0.0,0.0,8.47021901000005,49.49329017300005,1.0,,,Abbiegeunfall,"Fahrrad, Pkw",Zusammenstoß mit anfahrendem/ anhaltendem/ ruhendem Fahrzeug
78912.0,2021,7,17,3,Unfall mit Leichtverletzten,5.0,3.0,0.0,1.0,1.0,0.0,0.0,0.0,0.0,8.487615808000044,49.47538019900002,1.0,,,Einbiegen / Kreuzen-Unfall,"Fahrrad, Pkw",Zusammenstoß mit einbiegendem / kreuzendem Fahrzeug
184996.0,2021,7,17,3,Unfall mit Leichtverletzten,5.0,3.0,0.0,1.0,1.0,0.0,0.0,0.0,0.0,8.44815886300006,49.55003112500003,1.0,,,Einbiegen / Kreuzen-Unfall,"Fahrrad, Pkw",Zusammenstoß mit einbiegendem / kreuzendem Fahrzeug
78782.0,2021,7,16,3,Unfall mit Schwerverletzten,5.0,3.0,0.0,1.0,0.0,0.0,0.0,0.0,0.0,8.471570271000076,49.51232074800004,1.0,,,Einbiegen / Kreuzen-Unfall,Fahrrad,Zusammenstoß mit einbiegendem / kreuzendem Fahrzeug
184040.0,2021,7,15,3,Unfall mit Leichtverletzten,6.0,4.0,0.0,0.0,1.0,1.0,0.0,0.0,0.0,8.497997578000025,49.520636308000064,0.0,,,Überschreiten-Unfall,"Pkw, Fußgänger",Zusammenstoß zwischen Fahrzeug und Fußgänger
185247.0,2021,7,9,3,Unfall mit Leichtverletzten,5.0,2.0,0.0,1.0,1.0,0.0,0.0,0.0,0.0,8.523506754000039,49.43853982500008,1.0,,,Abbiegeunfall,"Fahrrad, Pkw",Zusammenstoß mit einbiegendem / kreuzendem Fahrzeug
184385.0,2021,7,18,2,Unfall mit Leichtverletzten,6.0,4.0,0.0,1.0,0.0,1.0,0.0,0.0,0.0,8.464163082000027,49.491461620000045,1.0,,,Überschreiten-Unfall,"Fahrrad, Fußgänger",Zusammenstoß zwischen Fahrzeug und Fußgänger
184102.0,2021,7,17,2,Unfall mit Leichtverletzten,3.0,5.0,0.0,1.0,1.0,0.0,0.0,0.0,0.0,8.467732794000028,49.48613215300002,1.0,,,Unfall durch ruhenden Verkehr,"Fahrrad, Pkw",Zusammenstoß mit seitlich in gleicher Richtung fahrendem Fahrzeug
185740.0,2021,7,17,2,Unfall mit Leichtverletzten,0.0,1.0,0.0,1.0,0.0,0.0,0.0,0.0,0.0,8.504814705000058,49.48746620100008,1.0,,,Fahrunfall,Fahrrad,Unfall anderer Art
184632.0,2021,7,15,2,Unfall mit Leichtverletzten,3.0,6.0,0.0,1.0,1.0,0.0,0.0,0.0,0.0,8.474885734000054,49.48337503600004,1.0,,,Unfall im Längsverkehr,"Fahrrad, Pkw",Zusammenstoß mit seitlich in gleicher Richtung fahrendem Fahrzeug
183861.0,2021,7,14,2,Unfall mit Leichtverletzten,0.0,7.0,0.0,1.0,0.0,0.0,0.0,0.0,0.0,8.50413651200006,49.50188051000004,1.0,,,sonstiger Unfall,Fahrrad,Unfall anderer Art
183814.0,2021,7,12,2,Unfall mit Leichtverletzten,0.0,6.0,0.0,1.0,0.0,1.0,0.0,0.0,0.0,8.459792451000055,49.494856766000055,1.0,,,Unfall im Längsverkehr,"Fahrrad, Fußgänger",Unfall anderer Art
184465.0,2021,7,11,2,Unfall mit Leichtverletzten,0.0,4.0,0.0,0.0,1.0,1.0,0.0,0.0,0.0,8.47524801000003,49.54811721900006,0.0,,,Überschreiten-Unfall,"Pkw, Fußgänger",Unfall anderer Art
184597.0,2021,7,9,2,Unfall mit Leichtverletzten,5.0,3.0,0.0,1.0,1.0,0.0,0.0,0.0,0.0,8.486324225000033,49.47435910500008,1.0,,,Einbiegen / Kreuzen-Unfall,"Fahrrad, Pkw",Zusammenstoß mit einbiegendem / kreuzendem Fahrzeug
185702.0,2021,7,8,2,Unfall mit Leichtverletzten,1.0,5.0,0.0,1.0,1.0,0.0,0.0,0.0,0.0,8.491965605000075,49.49410267500008,1.0,,,Unfall durch ruhenden Verkehr,"Fahrrad, Pkw",Zusammenstoß mit anfahrendem/ anhaltendem/ ruhendem Fahrzeug
184190.0,2021,7,7,2,Unfall mit Leichtverletzten,9.0,1.0,0.0,1.0,0.0,0.0,0.0,0.0,0.0,8.499537502000067,49.521159444000034,1.0,,,Fahrunfall,Fahrrad,Abkommen von Fahrbahn nach links
184046.0,2021,7,2,2,Unfall mit Leichtverletzten,0.0,6.0,2.0,1.0,0.0,0.0,0.0,0.0,0.0,8.476084444000037,49.48259902700005,1.0,,,Unfall im Längsverkehr,Fahrrad,Unfall anderer Art
184177.0,2021,7,20,1,Unfall mit Leichtverletzten,0.0,5.0,0.0,1.0,1.0,0.0,0.0,0.0,0.0,8.511326595000071,49.516982143000064,1.0,,,Unfall durch ruhenden Verkehr,"Fahrrad, Pkw",Unfall anderer Art
183907.0,2021,7,16,1,Unfall mit Leichtverletzten,0.0,7.0,0.0,1.0,0.0,0.0,0.0,0.0,0.0,8.479080662000058,49.48040906600005,1.0,,,sonstiger Unfall,Fahrrad,Unfall anderer Art
79200.0,2021,7,8,1,Unfall mit Schwerverletzten,6.0,4.0,0.0,0.0,1.0,1.0,0.0,0.0,0.0,8.45928931800006,49.492475056000046,0.0,,,Überschreiten-Unfall,"Pkw, Fußgänger",Zusammenstoß zwischen Fahrzeug und Fußgänger
183721.0,2021,6,20,7,Unfall mit Leichtverletzten,6.0,4.0,0.0,0.0,1.0,1.0,0.0,0.0,0.0,8.536091749000036,49.45488950500004,0.0,,,Überschreiten-Unfall,"Pkw, Fußgänger",Zusammenstoß zwischen Fahrzeug und Fußgänger
183686.0,2021,6,17,7,Unfall mit Leichtverletzten,5.0,3.0,0.0,1.0,1.0,0.0,0.0,0.0,0.0,8.559865494000064,49.46876364600007,1.0,,,Einbiegen / Kreuzen-Unfall,"Fahrrad, Pkw",Zusammenstoß mit einbiegendem / kreuzendem Fahrzeug
183580.0,2021,6,11,7,Unfall mit Leichtverletzten,0.0,4.0,0.0,1.0,0.0,1.0,0.0,0.0,0.0,8.489000880000049,49.49819639400005,1.0,,,Überschreiten-Unfall,"Fahrrad, Fußgänger",Unfall anderer Art
182185.0,2021,6,9,7,Unfall mit Schwerverletzten,4.0,2.0,0.0,1.0,1.0,0.0,0.0,0.0,0.0,8.475065051000058,49.49090193700005,1.0,,,Abbiegeunfall,"Fahrrad, Pkw",Zusammenstoß mit entgegenkommendem Fahrzeug
183475.0,2021,6,9,7,Unfall mit Leichtverletzten,0.0,7.0,0.0,1.0,1.0,0.0,0.0,0.0,0.0,8.484601608000048,49.52331496200002,1.0,,,sonstiger Unfall,"Fahrrad, Pkw",Unfall anderer Art
183620.0,2021,6,11,6,Unfall mit Schwerverletzten,6.0,4.0,0.0,0.0,1.0,1.0,0.0,0.0,0.0,8.469804816000021,49.489185717000055,0.0,,,Überschreiten-Unfall,"Pkw, Fußgänger",Zusammenstoß zwischen Fahrzeug und Fußgänger
182697.0,2021,6,10,6,Unfall mit Leichtverletzten,0.0,7.0,0.0,1.0,0.0,0.0,0.0,0.0,0.0,8.48492419300004,49.46143936500005,1.0,,,sonstiger Unfall,Fahrrad,Unfall anderer Art
183290.0,2021,6,18,5,Unfall mit Leichtverletzten,6.0,4.0,0.0,0.0,1.0,1.0,0.0,0.0,0.0,8.493991683000047,49.51167389100005,0.0,,,Überschreiten-Unfall,"Pkw, Fußgänger",Zusammenstoß zwischen Fahrzeug und Fußgänger
182144.0,2021,6,17,5,Unfall mit Leichtverletzten,5.0,3.0,0.0,1.0,1.0,0.0,0.0,0.0,0.0,8.451887406000026,49.54356142000007,1.0,,,Einbiegen / Kreuzen-Unfall,"Fahrrad, Pkw",Zusammenstoß mit einbiegendem / kreuzendem Fahrzeug
183127.0,2021,6,13,5,Unfall mit Leichtverletzten,0.0,7.0,0.0,1.0,0.0,0.0,0.0,0.0,0.0,8.53221809300004,49.48447033600007,1.0,,,sonstiger Unfall,Fahrrad,Unfall anderer Art
182710.0,2021,6,12,5,Unfall mit Schwerverletzten,0.0,1.0,0.0,1.0,0.0,0.0,0.0,0.0,0.0,8.471560597000064,49.49323743200006,1.0,,,Fahrunfall,Fahrrad,Unfall anderer Art
183545.0,2021,6,7,5,Unfall mit Leichtverletzten,0.0,7.0,0.0,1.0,0.0,0.0,0.0,0.0,0.0,8.48403822900002,49.47764049800002,1.0,,,sonstiger Unfall,Fahrrad,Unfall anderer Art
183505.0,2021,6,20,4,Unfall mit Leichtverletzten,5.0,2.0,0.0,1.0,1.0,0.0,0.0,0.0,0.0,8.469316909000042,49.48743496100008,1.0,,,Abbiegeunfall,"Fahrrad, Pkw",Zusammenstoß mit einbiegendem / kreuzendem Fahrzeug
182863.0,2021,6,19,4,Unfall mit Leichtverletzten,5.0,3.0,0.0,1.0,0.0,0.0,0.0,0.0,0.0,8.463222945000041,49.49872188400008,1.0,,,Einbiegen / Kreuzen-Unfall,Fahrrad,Zusammenstoß mit einbiegendem / kreuzendem Fahrzeug
79231.0,2021,6,18,4,Unfall mit Schwerverletzten,5.0,5.0,0.0,1.0,1.0,0.0,0.0,0.0,0.0,8.462732651000067,49.50525026700007,1.0,,,Unfall durch ruhenden Verkehr,"Fahrrad, Pkw",Zusammenstoß mit einbiegendem / kreuzendem Fahrzeug
183111.0,2021,6,18,4,Unfall mit Leichtverletzten,5.0,3.0,0.0,1.0,1.0,0.0,0.0,0.0,0.0,8.483743290000064,49.46982886700005,1.0,,,Einbiegen / Kreuzen-Unfall,"Fahrrad, Pkw",Zusammenstoß mit einbiegendem / kreuzendem Fahrzeug
183080.0,2021,6,17,4,Unfall mit Leichtverletzten,5.0,2.0,0.0,1.0,1.0,0.0,0.0,0.0,0.0,8.48381945500006,49.49724016700002,1.0,,,Abbiegeunfall,"Fahrrad, Pkw",Zusammenstoß mit einbiegendem / kreuzendem Fahrzeug
182769.0,2021,6,11,4,Unfall mit Leichtverletzten,0.0,3.0,0.0,1.0,1.0,0.0,0.0,0.0,0.0,8.503346086000022,49.45100672300004,1.0,,,Einbiegen / Kreuzen-Unfall,"Fahrrad, Pkw",Unfall anderer Art
77094.0,2021,6,10,4,Unfall mit Leichtverletzten,3.0,2.0,0.0,1.0,0.0,0.0,0.0,0.0,0.0,8.482062480000025,49.52558044800002,1.0,,,Abbiegeunfall,Fahrrad,Zusammenstoß mit seitlich in gleicher Richtung fahrendem Fahrzeug
183360.0,2021,6,9,4,Unfall mit Leichtverletzten,3.0,6.0,0.0,1.0,0.0,0.0,0.0,0.0,1.0,8.44933016300007,49.542295212000056,1.0,,,Unfall im Längsverkehr,"Fahrrad, Tram/Bus (bis 2017 auch LKW)",Zusammenstoß mit seitlich in gleicher Richtung fahrendem Fahrzeug
182746.0,2021,6,15,3,Unfall mit Leichtverletzten,5.0,3.0,0.0,1.0,1.0,0.0,0.0,0.0,0.0,8.507932044000029,49.51228666800006,1.0,,,Einbiegen / Kreuzen-Unfall,"Fahrrad, Pkw",Zusammenstoß mit einbiegendem / kreuzendem Fahrzeug
183430.0,2021,6,15,3,Unfall mit Leichtverletzten,5.0,3.0,0.0,1.0,1.0,0.0,0.0,0.0,0.0,8.487439607000056,49.464640546000055,1.0,,,Einbiegen / Kreuzen-Unfall,"Fahrrad, Pkw",Zusammenstoß mit einbiegendem / kreuzendem Fahrzeug
182740.0,2021,6,14,3,Unfall mit Leichtverletzten,6.0,5.0,0.0,0.0,1.0,1.0,0.0,0.0,0.0,8.480755944000066,49.48187236900003,0.0,,,Unfall durch ruhenden Verkehr,"Pkw, Fußgänger",Zusammenstoß zwischen Fahrzeug und Fußgänger
183348.0,2021,6,12,3,Unfall mit Schwerverletzten,8.0,7.0,0.0,1.0,0.0,0.0,0.0,0.0,0.0,8.534498753000037,49.47494732300004,1.0,,,sonstiger Unfall,Fahrrad,Abkommen von Fahrbahn nach rechts
184332.0,2021,6,7,3,Unfall mit Leichtverletzten,5.0,3.0,0.0,1.0,1.0,0.0,0.0,0.0,0.0,8.521835508000038,49.488621290000026,1.0,,,Einbiegen / Kreuzen-Unfall,"Fahrrad, Pkw",Zusammenstoß mit einbiegendem / kreuzendem Fahrzeug
183179.0,2021,6,0,3,Unfall mit Leichtverletzten,0.0,1.0,2.0,1.0,0.0,0.0,0.0,0.0,0.0,8.52189794700007,49.46712447700003,1.0,,,Fahrunfall,Fahrrad,Unfall anderer Art