OBJECTID,UJAHR,UMONAT,USTUNDE,UWOCHENTAG,UKATEGORIE,UART,UTYP1,ULICHTVERH,IstRad,IstPKW,IstFuss,IstKrad,IstGkfz,IstSonstige,Longitude,Latitude,IstRadBetroffen,Kommentar,Stadtteil,typ,involved,art
183443.0,2021,6,7,2,Unfall mit Getöteten,5.0,3.0,0.0,1.0,0.0,0.0,0.0,0.0,1.0,8.539226557000063,49.51094915900006,1.0,28.06.2021: Am Montagmorgen wurde ein Fahrradfahrer bei einem Zusammenstoß mit einem Linienbus schwer verletzt. Der 56-jährige Radfahrer überquerte gegen 7.15 Uhr an der Straßenbahnhaltestelle 'Vogelstang-Center' an der Fußgängerquerung die Gleise der Straßenbahn. Dabei wurde er von einem ebenfalls dort verkehrenden Linienbus erfasst und stürzte zu Boden. Er zog sich hierbei schwere Verletzungen an Kopf und Oberkörper zu. Er wurde zur Behandlung in ein Krankenhaus eingeliefert. Nach Auskunft der Ärzte ist sein Zustand ernst. Nach ersten Erkenntnissen hatte der Mann keinen Fahrradhelm getragen. Die Fahrerin des Busses kam mit dem Schrecken davon und blieb unverletzt. Fahrgäste des Busses kamen ebenfalls nicht zu Schaden. Anmerkung: Später im Krankenhaus verstorben.,Vogelstang,Einbiegen / Kreuzen-Unfall,"Fahrrad, Tram/Bus (bis 2017 auch LKW)",Zusammenstoß mit einbiegendem / kreuzendem Fahrzeug
183629.0,2021,6,4,2,Unfall mit Leichtverletzten,5.0,3.0,2.0,1.0,1.0,0.0,0.0,0.0,0.0,8.48551198000007,49.52638961300005,1.0,,,Einbiegen / Kreuzen-Unfall,"Fahrrad, Pkw",Zusammenstoß mit einbiegendem / kreuzendem Fahrzeug
182007.0,2021,6,14,1,Unfall mit Schwerverletzten,0.0,2.0,0.0,1.0,1.0,0.0,0.0,0.0,0.0,8.468651542000032,49.491771492000055,1.0,,,Abbiegeunfall,"Fahrrad, Pkw",Unfall anderer Art
181826.0,2021,5,21,7,Unfall mit Leichtverletzten,6.0,4.0,2.0,0.0,1.0,1.0,0.0,0.0,0.0,8.525797614000055,49.435289348000026,0.0,,,Überschreiten-Unfall,"Pkw, Fußgänger",Zusammenstoß zwischen Fahrzeug und Fußgänger
181702.0,2021,5,13,7,Unfall mit Leichtverletzten,0.0,7.0,0.0,1.0,0.0,0.0,0.0,0.0,0.0,8.506984551000073,49.49920472900004,1.0,,,sonstiger Unfall,Fahrrad,Unfall anderer Art
182545.0,2021,5,13,7,Unfall mit Leichtverletzten,3.0,2.0,0.0,1.0,1.0,0.0,0.0,0.0,0.0,8.467120126000054,49.48636796300008,1.0,,,Abbiegeunfall,"Fahrrad, Pkw",Zusammenstoß mit seitlich in gleicher Richtung fahrendem Fahrzeug
181375.0,2021,5,10,7,Unfall mit Leichtverletzten,2.0,6.0,0.0,1.0,0.0,0.0,0.0,0.0,0.0,8.478778292000072,49.46050002000004,1.0,,,Unfall im Längsverkehr,Fahrrad,Zusammenstoß mit vorausfahrendem / wartendem Fahrzeug
182577.0,2021,5,8,7,Unfall mit Schwerverletzten,6.0,4.0,0.0,0.0,0.0,1.0,1.0,0.0,0.0,8.525795354000024,49.43528861500005,0.0,,,Überschreiten-Unfall,"Fußgänger, Kraftrad",Zusammenstoß zwischen Fahrzeug und Fußgänger
182299.0,2021,5,19,6,Unfall mit Leichtverletzten,5.0,3.0,0.0,1.0,1.0,0.0,0.0,0.0,0.0,8.475053267000021,49.51636874000008,1.0,,,Einbiegen / Kreuzen-Unfall,"Fahrrad, Pkw",Zusammenstoß mit einbiegendem / kreuzendem Fahrzeug
182045.0,2021,5,17,6,Unfall mit Leichtverletzten,5.0,2.0,0.0,0.0,1.0,1.0,0.0,0.0,0.0,8.510537903000056,49.47850937800007,0.0,,,Abbiegeunfall,"Pkw, Fußgänger",Zusammenstoß mit einbiegendem / kreuzendem Fahrzeug
182540.0,2021,5,16,6,Unfall mit Schwerverletzten,5.0,3.0,0.0,1.0,1.0,0.0,0.0,0.0,0.0,8.45832869000003,49.54579743600004,1.0,,,Einbiegen / Kreuzen-Unfall,"Fahrrad, Pkw",Zusammenstoß mit einbiegendem / kreuzendem Fahrzeug
182671.0,2021,5,10,6,Unfall mit Schwerverletzten,5.0,3.0,0.0,1.0,1.0,0.0,0.0,0.0,0.0,8.480272806000073,49.46005052000004,1.0,,,Einbiegen / Kreuzen-Unfall,"Fahrrad, Pkw",Zusammenstoß mit einbiegendem / kreuzendem Fahrzeug
182471.0,2021,5,16,5,Unfall mit Leichtverletzten,0.0,7.0,0.0,1.0,0.0,0.0,0.0,0.0,0.0,8.448196536000069,49.50808013100004,1.0,,,sonstiger Unfall,Fahrrad,Unfall anderer Art
181748.0,2021,5,14,5,Unfall mit Leichtverletzten,0.0,1.0,0.0,1.0,0.0,0.0,0.0,0.0,0.0,8.468906627000024,49.473830330000055,1.0,,,Fahrunfall,Fahrrad,Unfall anderer Art
182586.0,2021,5,14,3,Unfall mit Leichtverletzten,6.0,4.0,0.0,0.0,1.0,1.0,0.0,0.0,0.0,8.493622723000044,49.515058243000055,0.0,,,Überschreiten-Unfall,"Pkw, Fußgänger",Zusammenstoß zwischen Fahrzeug und Fußgänger
181261.0,2021,5,8,3,Unfall mit Leichtverletzten,5.0,3.0,0.0,1.0,1.0,0.0,0.0,0.0,0.0,8.48096162500002,49.53912520200004,1.0,,,Einbiegen / Kreuzen-Unfall,"Fahrrad, Pkw",Zusammenstoß mit einbiegendem / kreuzendem Fahrzeug
181651.0,2021,5,8,3,Unfall mit Leichtverletzten,5.0,2.0,0.0,1.0,1.0,0.0,0.0,0.0,0.0,8.475089237000077,49.49799935500005,1.0,,,Abbiegeunfall,"Fahrrad, Pkw",Zusammenstoß mit einbiegendem / kreuzendem Fahrzeug
181795.0,2021,5,13,2,Unfall mit Leichtverletzten,5.0,3.0,0.0,1.0,1.0,0.0,0.0,0.0,0.0,8.484681047000038,49.46799047300004,1.0,,,Einbiegen / Kreuzen-Unfall,"Fahrrad, Pkw",Zusammenstoß mit einbiegendem / kreuzendem Fahrzeug
182645.0,2021,5,12,1,Unfall mit Leichtverletzten,0.0,3.0,0.0,1.0,1.0,0.0,0.0,0.0,0.0,8.469128297000054,49.49839397700004,1.0,,,Einbiegen / Kreuzen-Unfall,"Fahrrad, Pkw",Unfall anderer Art
180886.0,2021,5,11,1,Unfall mit Leichtverletzten,0.0,7.0,0.0,1.0,0.0,0.0,0.0,0.0,0.0,8.471184794000067,49.47926264700004,1.0,,,sonstiger Unfall,Fahrrad,Unfall anderer Art
181493.0,2021,4,23,7,Unfall mit Leichtverletzten,0.0,7.0,2.0,1.0,0.0,1.0,0.0,0.0,0.0,8.468825049000031,49.49767836500007,1.0,,,sonstiger Unfall,"Fahrrad, Fußgänger",Unfall anderer Art
180887.0,2021,4,12,7,Unfall mit Leichtverletzten,5.0,3.0,0.0,1.0,0.0,0.0,0.0,0.0,1.0,8.508941038000046,49.519279847000064,1.0,,,Einbiegen / Kreuzen-Unfall,"Fahrrad, Tram/Bus (bis 2017 auch LKW)",Zusammenstoß mit einbiegendem / kreuzendem Fahrzeug
180986.0,2021,4,10,7,Unfall mit Schwerverletzten,5.0,3.0,0.0,1.0,0.0,0.0,0.0,0.0,1.0,8.472980937000045,49.45098436200004,1.0,,,Einbiegen / Kreuzen-Unfall,"Fahrrad, Tram/Bus (bis 2017 auch LKW)",Zusammenstoß mit einbiegendem / kreuzendem Fahrzeug
180900.0,2021,4,17,6,Unfall mit Leichtverletzten,1.0,5.0,0.0,1.0,1.0,0.0,0.0,0.0,0.0,8.474658884000064,49.49114605100005,1.0,,,Unfall durch ruhenden Verkehr,"Fahrrad, Pkw",Zusammenstoß mit anfahrendem/ anhaltendem/ ruhendem Fahrzeug
181452.0,2021,4,17,6,Unfall mit Leichtverletzten,5.0,3.0,0.0,0.0,1.0,1.0,0.0,0.0,0.0,8.486309496000047,49.52631256600006,0.0,,,Einbiegen / Kreuzen-Unfall,"Pkw, Fußgänger",Zusammenstoß mit einbiegendem / kreuzendem Fahrzeug
181146.0,2021,4,11,6,Unfall mit Leichtverletzten,6.0,4.0,0.0,0.0,1.0,1.0,0.0,0.0,0.0,8.48096948500006,49.48396146100004,0.0,,,Überschreiten-Unfall,"Pkw, Fußgänger",Zusammenstoß zwischen Fahrzeug und Fußgänger
181590.0,2021,4,19,5,Unfall mit Leichtverletzten,0.0,1.0,0.0,1.0,0.0,0.0,0.0,0.0,0.0,8.468459117000066,49.48528263700007,1.0,,,Fahrunfall,Fahrrad,Unfall anderer Art
181358.0,2021,4,16,5,Unfall mit Leichtverletzten,5.0,3.0,0.0,1.0,1.0,0.0,0.0,0.0,0.0,8.470214014000021,49.49341502200008,1.0,,,Einbiegen / Kreuzen-Unfall,"Fahrrad, Pkw",Zusammenstoß mit einbiegendem / kreuzendem Fahrzeug
180736.0,2021,4,12,5,Unfall mit Leichtverletzten,5.0,2.0,0.0,1.0,1.0,0.0,0.0,0.0,0.0,8.478345760000025,49.46063619300002,1.0,,,Abbiegeunfall,"Fahrrad, Pkw",Zusammenstoß mit einbiegendem / kreuzendem Fahrzeug
181433.0,2021,4,12,5,Unfall mit Leichtverletzten,1.0,5.0,0.0,1.0,1.0,0.0,0.0,0.0,0.0,8.508242437000035,49.51284478700006,1.0,,,Unfall durch ruhenden Verkehr,"Fahrrad, Pkw",Zusammenstoß mit anfahrendem/ anhaltendem/ ruhendem Fahrzeug
74465.0,2021,4,11,5,Unfall mit Leichtverletzten,5.0,2.0,0.0,1.0,1.0,0.0,0.0,0.0,0.0,8.492604529000062,49.490083148000046,1.0,,,Abbiegeunfall,"Fahrrad, Pkw",Zusammenstoß mit einbiegendem / kreuzendem Fahrzeug
181550.0,2021,4,14,4,Unfall mit Leichtverletzten,1.0,5.0,0.0,1.0,0.0,0.0,0.0,0.0,1.0,8.540773697000077,49.48575259300002,1.0,,,Unfall durch ruhenden Verkehr,"Fahrrad, Tram/Bus (bis 2017 auch LKW)",Zusammenstoß mit anfahrendem/ anhaltendem/ ruhendem Fahrzeug
75322.0,2021,4,12,4,Unfall mit Getöteten,0.0,2.0,0.0,1.0,1.0,0.0,0.0,0.0,0.0,8.444633400000043,49.559887211000046,1.0,"28.04.2021: Am frühen Mittwochnachmittag ereignete sich an der Kreuzung B 44/ Karl-Imhof-Straße/Großgehrenstraße ein Verkehrsunfall, bei dem ein Fahrradfahrer schwer verletzt wurde. Wie die bisherigen Ermittlungen ergaben, wollte ein Autofahrer gegen 12.50 Uhr, von der Karl-Imhof-Straße nach rechts auf die B 44 in Richtung Innenstadt abbiegen und kollidierte dabei mit einem Radfahrer, der dort auf dem Radweg unterwegs war. Durch die Kollision erlitt der Zweiradfahrer schwere Kopfverletzungen und wurde nach seiner notärztlichen Versorgung mit einem Rettungshubschrauber in eine Klinik geflogen. Über dessen Gesundheitszustand liegen derzeit keine Informationen vor. Anmerkung: Im Krankenhaus verstorben.",Sandhofen,Abbiegeunfall,"Fahrrad, Pkw",Unfall anderer Art
180662.0,2021,4,18,3,Unfall mit Schwerverletzten,1.0,5.0,1.0,1.0,1.0,0.0,0.0,0.0,0.0,8.466107308000062,49.49013576400006,1.0,,,Unfall durch ruhenden Verkehr,"Fahrrad, Pkw",Zusammenstoß mit anfahrendem/ anhaltendem/ ruhendem Fahrzeug
181598.0,2021,4,18,3,Unfall mit Leichtverletzten,1.0,6.0,1.0,1.0,1.0,0.0,0.0,0.0,0.0,8.457617191000054,49.49612870200008,1.0,,,Unfall im Längsverkehr,"Fahrrad, Pkw",Zusammenstoß mit anfahrendem/ anhaltendem/ ruhendem Fahrzeug
180926.0,2021,4,17,3,Unfall mit Leichtverletzten,1.0,7.0,0.0,1.0,1.0,0.0,0.0,0.0,0.0,8.474401945000068,49.49671698700007,1.0,,,sonstiger Unfall,"Fahrrad, Pkw",Zusammenstoß mit anfahrendem/ anhaltendem/ ruhendem Fahrzeug
181631.0,2021,4,12,3,Unfall mit Leichtverletzten,1.0,7.0,0.0,1.0,1.0,0.0,0.0,0.0,0.0,8.46514369700003,49.492758438000074,1.0,,,sonstiger Unfall,"Fahrrad, Pkw",Zusammenstoß mit anfahrendem/ anhaltendem/ ruhendem Fahrzeug
181070.0,2021,4,5,3,Unfall mit Leichtverletzten,5.0,3.0,1.0,1.0,1.0,0.0,0.0,0.0,0.0,8.500751622000053,49.50505094400006,1.0,,,Einbiegen / Kreuzen-Unfall,"Fahrrad, Pkw",Zusammenstoß mit einbiegendem / kreuzendem Fahrzeug
181008.0,2021,4,20,2,Unfall mit Leichtverletzten,0.0,5.0,0.0,1.0,0.0,0.0,0.0,0.0,0.0,8.475137614000062,49.48136216700004,1.0,,,Unfall durch ruhenden Verkehr,Fahrrad,Unfall anderer Art
181422.0,2021,4,16,2,Unfall mit Leichtverletzten,4.0,2.0,0.0,1.0,1.0,0.0,0.0,0.0,0.0,8.493070411000076,49.52181090200003,1.0,,,Abbiegeunfall,"Fahrrad, Pkw",Zusammenstoß mit entgegenkommendem Fahrzeug
74327.0,2021,4,5,2,Unfall mit Leichtverletzten,4.0,6.0,2.0,1.0,0.0,0.0,0.0,0.0,0.0,8.474939306000067,49.51560628000004,1.0,,,Unfall im Längsverkehr,Fahrrad,Zusammenstoß mit entgegenkommendem Fahrzeug
180611.0,2021,3,11,7,Unfall mit Leichtverletzten,6.0,7.0,0.0,0.0,0.0,1.0,0.0,0.0,1.0,8.466918534000058,49.48853900100005,0.0,,,sonstiger Unfall,"Fußgänger, Tram/Bus (bis 2017 auch LKW)",Zusammenstoß zwischen Fahrzeug und Fußgänger
180252.0,2021,3,10,6,Unfall mit Leichtverletzten,2.0,6.0,0.0,1.0,1.0,0.0,0.0,0.0,0.0,8.528642041000069,49.491116439000045,1.0,,,Unfall im Längsverkehr,"Fahrrad, Pkw",Zusammenstoß mit vorausfahrendem / wartendem Fahrzeug
179855.0,2021,3,7,6,Unfall mit Leichtverletzten,0.0,7.0,0.0,1.0,0.0,0.0,0.0,0.0,0.0,8.471813574000066,49.49373646000004,1.0,,,sonstiger Unfall,Fahrrad,Unfall anderer Art
179619.0,2021,3,1,6,Unfall mit Leichtverletzten,5.0,3.0,2.0,1.0,0.0,0.0,0.0,0.0,1.0,8.51521512200003,49.50740696900005,1.0,,,Einbiegen / Kreuzen-Unfall,"Fahrrad, Tram/Bus (bis 2017 auch LKW)",Zusammenstoß mit einbiegendem / kreuzendem Fahrzeug
74945.0,2021,3,17,5,Unfall mit Leichtverletzten,3.0,2.0,0.0,1.0,1.0,0.0,0.0,0.0,0.0,8.449609219000024,49.54988090400008,1.0,,,Abbiegeunfall,"Fahrrad, Pkw",Zusammenstoß mit seitlich in gleicher Richtung fahrendem Fahrzeug
180601.0,2021,3,16,5,Unfall mit Leichtverletzten,5.0,3.0,0.0,1.0,0.0,0.0,0.0,0.0,1.0,8.515678319000074,49.50988315700005,1.0,,,Einbiegen / Kreuzen-Unfall,"Fahrrad, Tram/Bus (bis 2017 auch LKW)",Zusammenstoß mit einbiegendem / kreuzendem Fahrzeug
181083.0,2021,3,16,4,Unfall mit Leichtverletzten,3.0,2.0,0.0,1.0,1.0,0.0,0.0,0.0,0.0,8.456737850000025,49.49225346000002,1.0,,,Abbiegeunfall,"Fahrrad, Pkw",Zusammenstoß mit seitlich in gleicher Richtung fahrendem Fahrzeug
179607.0,2021,3,7,4,Unfall mit Schwerverletzten,4.0,2.0,0.0,1.0,1.0,0.0,0.0,0.0,0.0,8.48430237100007,49.49872093300007,1.0,,,Abbiegeunfall,"Fahrrad, Pkw",Zusammenstoß mit entgegenkommendem Fahrzeug
179789.0,2021,3,17,3,Unfall mit Leichtverletzten,5.0,3.0,0.0,1.0,1.0,0.0,0.0,0.0,0.0,8.478983467000035,49.46042519700006,1.0,,,Einbiegen / Kreuzen-Unfall,"Fahrrad, Pkw",Zusammenstoß mit einbiegendem / kreuzendem Fahrzeug
180657.0,2021,3,17,3,Unfall mit Leichtverletzten,6.0,4.0,0.0,0.0,1.0,1.0,0.0,0.0,0.0,8.466444356000068,49.497666553000045,0.0,,,Überschreiten-Unfall,"Pkw, Fußgänger",Zusammenstoß zwischen Fahrzeug und Fußgänger
180160.0,2021,3,13,3,Unfall mit Leichtverletzten,5.0,3.0,0.0,1.0,1.0,0.0,0.0,0.0,0.0,8.529433260000076,49.53099329100007,1.0,,,Einbiegen / Kreuzen-Unfall,"Fahrrad, Pkw",Zusammenstoß mit einbiegendem / kreuzendem Fahrzeug
180527.0,2021,3,13,3,Unfall mit Leichtverletzten,5.0,3.0,0.0,1.0,1.0,0.0,0.0,0.0,0.0,8.441816241000026,49.54869498600005,1.0,,,Einbiegen / Kreuzen-Unfall,"Fahrrad, Pkw",Zusammenstoß mit einbiegendem / kreuzendem Fahrzeug
180122.0,2021,3,12,3,Unfall mit Leichtverletzten,0.0,7.0,0.0,1.0,0.0,0.0,0.0,0.0,0.0,8.465881533000072,49.49988263000006,1.0,,,sonstiger Unfall,Fahrrad,Unfall anderer Art
75121.0,2021,3,9,3,Unfall mit Leichtverletzten,3.0,2.0,0.0,1.0,0.0,0.0,0.0,0.0,1.0,8.486325282000053,49.49588007600005,1.0,,,Abbiegeunfall,"Fahrrad, Tram/Bus (bis 2017 auch LKW)",Zusammenstoß mit seitlich in gleicher Richtung fahrendem Fahrzeug
180158.0,2021,3,19,2,Unfall mit Leichtverletzten,6.0,2.0,2.0,0.0,1.0,1.0,0.0,1.0,0.0,8.463113183000075,49.503487576000055,0.0,,,Abbiegeunfall,"Pkw, Fußgänger, LKW",Zusammenstoß zwischen Fahrzeug und Fußgänger
179771.0,2021,2,15,7,Unfall mit Leichtverletzten,3.0,6.0,0.0,1.0,0.0,0.0,0.0,0.0,1.0,8.484309671000062,49.47211567900007,1.0,,,Unfall im Längsverkehr,"Fahrrad, Tram/Bus (bis 2017 auch LKW)",Zusammenstoß mit seitlich in gleicher Richtung fahrendem Fahrzeug
180152.0,2021,2,14,7,Unfall mit Leichtverletzten,5.0,5.0,0.0,1.0,0.0,0.0,0.0,0.0,1.0,8.493802778000031,49.45630420700007,1.0,,,Unfall durch ruhenden Verkehr,"Fahrrad, Tram/Bus (bis 2017 auch LKW)",Zusammenstoß mit einbiegendem / kreuzendem Fahrzeug
179765.0,2021,2,15,6,Unfall mit Leichtverletzten,6.0,4.0,0.0,0.0,1.0,1.0,0.0,0.0,0.0,8.461518015000024,49.490439411000075,0.0,,,Überschreiten-Unfall,"Pkw, Fußgänger",Zusammenstoß zwischen Fahrzeug und Fußgänger
180224.0,2021,2,15,6,Unfall mit Leichtverletzten,5.0,3.0,0.0,1.0,1.0,0.0,0.0,0.0,0.0,8.53891995400005,49.41887119700005,1.0,,,Einbiegen / Kreuzen-Unfall,"Fahrrad, Pkw",Zusammenstoß mit einbiegendem / kreuzendem Fahrzeug
179764.0,2021,2,12,6,Unfall mit Leichtverletzten,1.0,5.0,0.0,1.0,0.0,0.0,0.0,0.0,1.0,8.471693539000057,49.500253417000074,1.0,,,Unfall durch ruhenden Verkehr,"Fahrrad, Tram/Bus (bis 2017 auch LKW)",Zusammenstoß mit anfahrendem/ anhaltendem/ ruhendem Fahrzeug
180088.0,2021,2,12,6,Unfall mit Leichtverletzten,6.0,4.0,0.0,0.0,1.0,1.0,0.0,0.0,0.0,8.464953888000025,49.487205595000034,0.0,,,Überschreiten-Unfall,"Pkw, Fußgänger",Zusammenstoß zwischen Fahrzeug und Fußgänger
73802.0,2021,2,14,5,Unfall mit Leichtverletzten,3.0,5.0,0.0,1.0,1.0,0.0,0.0,0.0,0.0,8.475082996000026,49.484778103000046,1.0,,,Unfall durch ruhenden Verkehr,"Fahrrad, Pkw",Zusammenstoß mit seitlich in gleicher Richtung fahrendem Fahrzeug
73128.0,2021,2,6,5,Unfall mit Leichtverletzten,4.0,2.0,2.0,1.0,0.0,0.0,0.0,0.0,1.0,8.48801727600005,49.475850956000045,1.0,,,Abbiegeunfall,"Fahrrad, Tram/Bus (bis 2017 auch LKW)",Zusammenstoß mit entgegenkommendem Fahrzeug
180381.0,2021,2,6,5,Unfall mit Leichtverletzten,6.0,7.0,2.0,0.0,1.0,1.0,0.0,0.0,0.0,8.48938522900005,49.462928729000055,0.0,,,sonstiger Unfall,"Pkw, Fußgänger",Zusammenstoß zwischen Fahrzeug und Fußgänger
179302.0,2021,2,19,3,Unfall mit Leichtverletzten,6.0,4.0,2.0,0.0,1.0,1.0,0.0,0.0,0.0,8.469919308000044,49.50475713800006,0.0,,,Überschreiten-Unfall,"Pkw, Fußgänger",Zusammenstoß zwischen Fahrzeug und Fußgänger
73921.0,2021,2,17,3,Unfall mit Leichtverletzten,5.0,5.0,0.0,1.0,1.0,0.0,0.0,0.0,0.0,8.487434826000026,49.475183792000045,1.0,,,Unfall durch ruhenden Verkehr,"Fahrrad, Pkw",Zusammenstoß mit einbiegendem / kreuzendem Fahrzeug
180214.0,2021,2,17,3,Unfall mit Leichtverletzten,5.0,7.0,0.0,1.0,1.0,0.0,0.0,0.0,0.0,8.46590019000007,49.48991184000005,1.0,,,sonstiger Unfall,"Fahrrad, Pkw",Zusammenstoß mit einbiegendem / kreuzendem Fahrzeug
180297.0,2021,2,17,3,Unfall mit Leichtverletzten,0.0,7.0,1.0,1.0,0.0,0.0,0.0,0.0,0.0,8.504486899000028,49.44516994600008,1.0,,,sonstiger Unfall,Fahrrad,Unfall anderer Art
179729.0,2021,2,16,3,Unfall mit Leichtverletzten,5.0,3.0,0.0,1.0,1.0,0.0,0.0,0.0,0.0,8.471986166000022,49.46946888900004,1.0,,,Einbiegen / Kreuzen-Unfall,"Fahrrad, Pkw",Zusammenstoß mit einbiegendem / kreuzendem Fahrzeug
179662.0,2021,2,15,3,Unfall mit Leichtverletzten,5.0,5.0,0.0,1.0,1.0,0.0,0.0,0.0,0.0,8.500915572000054,49.450067967000045,1.0,,,Unfall durch ruhenden Verkehr,"Fahrrad, Pkw",Zusammenstoß mit einbiegendem / kreuzendem Fahrzeug
179930.0,2021,2,15,3,Unfall mit Leichtverletzten,4.0,6.0,0.0,1.0,0.0,0.0,0.0,0.0,0.0,8.509944087000065,49.48515368700004,1.0,,,Unfall im Längsverkehr,Fahrrad,Zusammenstoß mit entgegenkommendem Fahrzeug
180169.0,2021,2,6,3,Unfall mit Leichtverletzten,5.0,3.0,2.0,1.0,1.0,0.0,0.0,0.0,0.0,8.492349230000059,49.50003369700005,1.0,,,Einbiegen / Kreuzen-Unfall,"Fahrrad, Pkw",Zusammenstoß mit einbiegendem / kreuzendem Fahrzeug
178568.0,2021,2,18,2,Unfall mit Leichtverletzten,6.0,4.0,2.0,0.0,1.0,1.0,0.0,0.0,0.0,8.513635596000029,49.51785226700008,0.0,,,Überschreiten-Unfall,"Pkw, Fußgänger",Zusammenstoß zwischen Fahrzeug und Fußgänger
180400.0,2021,2,12,2,Unfall mit Leichtverletzten,5.0,3.0,0.0,1.0,1.0,0.0,0.0,0.0,0.0,8.484302052000032,49.48137762600004,1.0,,,Einbiegen / Kreuzen-Unfall,"Fahrrad, Pkw",Zusammenstoß mit einbiegendem / kreuzendem Fahrzeug
178658.0,2021,2,11,2,Unfall mit Leichtverletzten,4.0,2.0,0.0,1.0,1.0,0.0,0.0,0.0,0.0,8.492171197000062,49.451586279000026,1.0,,,Abbiegeunfall,"Fahrrad, Pkw",Zusammenstoß mit entgegenkommendem Fahrzeug
178996.0,2021,2,14,1,Unfall mit Leichtverletzten,7.0,1.0,0.0,1.0,0.0,0.0,0.0,0.0,0.0,8.500580295000077,49.44816246300008,1.0,,,Fahrunfall,Fahrrad,Aufprall auf Fahrbahnhindernis
180557.0,2021,2,11,1,Unfall mit Leichtverletzten,8.0,7.0,0.0,1.0,0.0,0.0,0.0,0.0,0.0,8.508746107000036,49.53101786000008,1.0,,,sonstiger Unfall,Fahrrad,Abkommen von Fahrbahn nach rechts
179506.0,2021,1,15,7,Unfall mit Leichtverletzten,6.0,7.0,0.0,0.0,0.0,1.0,0.0,0.0,1.0,8.467983958000048,49.49963289000005,0.0,,,sonstiger Unfall,"Fußgänger, Tram/Bus (bis 2017 auch LKW)",Zusammenstoß zwischen Fahrzeug und Fußgänger
178838.0,2021,1,12,6,Unfall mit Schwerverletzten,4.0,7.0,0.0,1.0,0.0,0.0,0.0,0.0,1.0,8.45055158200006,49.49653481500008,1.0,,,sonstiger Unfall,"Fahrrad, Tram/Bus (bis 2017 auch LKW)",Zusammenstoß mit entgegenkommendem Fahrzeug
179271.0,2021,1,11,6,Unfall mit Leichtverletzten,6.0,4.0,0.0,0.0,1.0,1.0,0.0,0.0,0.0,8.525905393000073,49.43532386000004,0.0,,,Überschreiten-Unfall,"Pkw, Fußgänger",Zusammenstoß zwischen Fahrzeug und Fußgänger
179007.0,2021,1,5,6,Unfall mit Leichtverletzten,5.0,3.0,2.0,1.0,1.0,0.0,0.0,0.0,0.0,8.457709419000025,49.49674507500004,1.0,,,Einbiegen / Kreuzen-Unfall,"Fahrrad, Pkw",Zusammenstoß mit einbiegendem / kreuzendem Fahrzeug
178716.0,2021,1,18,5,Unfall mit Leichtverletzten,0.0,1.0,2.0,1.0,0.0,0.0,0.0,0.0,0.0,8.479315878000023,49.48034012600005,1.0,,,Fahrunfall,Fahrrad,Unfall anderer Art
178813.0,2021,1,6,5,Unfall mit Schwerverletzten,6.0,4.0,2.0,0.0,1.0,1.0,0.0,0.0,0.0,8.489731342000027,49.49312995300005,0.0,,,Überschreiten-Unfall,"Pkw, Fußgänger",Zusammenstoß zwischen Fahrzeug und Fußgänger
178738.0,2021,1,17,4,Unfall mit Leichtverletzten,0.0,7.0,2.0,1.0,0.0,0.0,0.0,0.0,0.0,8.468917139000041,49.47380122100003,1.0,,,sonstiger Unfall,Fahrrad,Unfall anderer Art
72649.0,2021,1,7,4,Unfall mit Leichtverletzten,0.0,1.0,1.0,1.0,0.0,0.0,0.0,0.0,0.0,8.53119564800005,49.44728673800006,1.0,,,Fahrunfall,Fahrrad,Unfall anderer Art
178566.0,2021,1,11,3,Unfall mit Schwerverletzten,6.0,4.0,0.0,0.0,0.0,1.0,0.0,0.0,1.0,8.467658078000056,49.48933828100007,0.0,,,Überschreiten-Unfall,"Fußgänger, Tram/Bus (bis 2017 auch LKW)",Zusammenstoß zwischen Fahrzeug und Fußgänger
179345.0,2021,1,17,2,Unfall mit Leichtverletzten,0.0,3.0,2.0,1.0,0.0,0.0,0.0,0.0,1.0,8.482082035000076,49.47871016200003,1.0,,,Einbiegen / Kreuzen-Unfall,"Fahrrad, Tram/Bus (bis 2017 auch LKW)",Unfall anderer Art
157417.0,2020,12,13,6,Unfall mit Leichtverletzten,1.0,6.0,0.0,1.0,1.0,0.0,0.0,0.0,0.0,8.462927188000037,49.48557508000005,1.0,,,Unfall im Längsverkehr,"Fahrrad, Pkw",Zusammenstoß mit anfahrendem/ anhaltendem/ ruhendem Fahrzeug
157571.0,2020,12,17,5,Unfall mit Leichtverletzten,3.0,2.0,1.0,1.0,1.0,0.0,0.0,0.0,0.0,8.484259440000073,49.480832270000064,1.0,,,Abbiegeunfall,"Fahrrad, Pkw",Zusammenstoß mit seitlich in gleicher Richtung fahrendem Fahrzeug
157903.0,2020,12,12,5,Unfall mit Schwerverletzten,9.0,7.0,0.0,1.0,1.0,0.0,0.0,0.0,0.0,8.493703766000067,49.49900582600003,1.0,,,sonstiger Unfall,"Fahrrad, Pkw",Abkommen von Fahrbahn nach links