OBJECTID,UJAHR,UMONAT,USTUNDE,UWOCHENTAG,UKATEGORIE,UART,UTYP1,ULICHTVERH,IstRad,IstPKW,IstFuss,IstKrad,IstGkfz,IstSonstige,Longitude,Latitude,IstRadBetroffen,Kommentar,Stadtteil,typ,involved,art
150332.0,2020,6,9,4,Unfall mit Leichtverletzten,0.0,5.0,0.0,1.0,1.0,0.0,0.0,0.0,0.0,8.488010577000068,49.52716092000002,1.0,,,Unfall durch ruhenden Verkehr,"Fahrrad, Pkw",Unfall anderer Art
150335.0,2020,6,8,4,Unfall mit Schwerverletzten,5.0,3.0,0.0,1.0,1.0,0.0,0.0,0.0,0.0,8.479541422000068,49.47535918100005,1.0,,,Einbiegen / Kreuzen-Unfall,"Fahrrad, Pkw",Zusammenstoß mit einbiegendem / kreuzendem Fahrzeug
150552.0,2020,6,18,3,Unfall mit Schwerverletzten,6.0,7.0,1.0,1.0,0.0,1.0,0.0,0.0,0.0,8.468186802000048,49.47977457400003,1.0,,,sonstiger Unfall,"Fahrrad, Fußgänger",Zusammenstoß zwischen Fahrzeug und Fußgänger
150807.0,2020,6,18,3,Unfall mit Schwerverletzten,5.0,3.0,0.0,1.0,1.0,0.0,0.0,0.0,0.0,8.45832865400007,49.54579753500008,1.0,,,Einbiegen / Kreuzen-Unfall,"Fahrrad, Pkw",Zusammenstoß mit einbiegendem / kreuzendem Fahrzeug
150447.0,2020,6,16,3,Unfall mit Leichtverletzten,0.0,5.0,0.0,1.0,1.0,0.0,0.0,0.0,0.0,8.489840435000076,49.45365886200005,1.0,,,Unfall durch ruhenden Verkehr,"Fahrrad, Pkw",Unfall anderer Art
150451.0,2020,6,16,3,Unfall mit Leichtverletzten,6.0,4.0,0.0,0.0,0.0,1.0,0.0,0.0,1.0,8.482287007000025,49.454048242000056,0.0,,,Überschreiten-Unfall,"Fußgänger, Tram/Bus (bis 2017 auch LKW)",Zusammenstoß zwischen Fahrzeug und Fußgänger
150813.0,2020,6,15,3,Unfall mit Leichtverletzten,3.0,6.0,0.0,1.0,1.0,0.0,0.0,0.0,0.0,8.515119458000072,49.507469835000045,1.0,,,Unfall im Längsverkehr,"Fahrrad, Pkw",Zusammenstoß mit seitlich in gleicher Richtung fahrendem Fahrzeug
151104.0,2020,6,15,3,Unfall mit Leichtverletzten,5.0,3.0,0.0,1.0,1.0,0.0,0.0,0.0,0.0,8.460230804000048,49.51913319900007,1.0,,,Einbiegen / Kreuzen-Unfall,"Fahrrad, Pkw",Zusammenstoß mit einbiegendem / kreuzendem Fahrzeug
151260.0,2020,6,14,3,Unfall mit Leichtverletzten,6.0,7.0,0.0,1.0,0.0,1.0,0.0,0.0,0.0,8.495387546000075,49.52136264600006,1.0,,,sonstiger Unfall,"Fahrrad, Fußgänger",Zusammenstoß zwischen Fahrzeug und Fußgänger
150754.0,2020,6,13,3,Unfall mit Leichtverletzten,6.0,4.0,0.0,0.0,1.0,1.0,0.0,0.0,0.0,8.489760373000024,49.49314141600007,0.0,,,Überschreiten-Unfall,"Pkw, Fußgänger",Zusammenstoß zwischen Fahrzeug und Fußgänger
150823.0,2020,6,13,3,Unfall mit Leichtverletzten,6.0,7.0,0.0,0.0,1.0,1.0,0.0,0.0,0.0,8.540920233000065,49.490149960000046,0.0,,,sonstiger Unfall,"Pkw, Fußgänger",Zusammenstoß zwischen Fahrzeug und Fußgänger
150818.0,2020,6,7,3,Unfall mit Leichtverletzten,0.0,6.0,0.0,1.0,1.0,0.0,0.0,0.0,0.0,8.56446737500005,49.46615946800006,1.0,,,Unfall im Längsverkehr,"Fahrrad, Pkw",Unfall anderer Art
150453.0,2020,6,6,3,Unfall mit Leichtverletzten,3.0,6.0,0.0,1.0,0.0,0.0,0.0,1.0,0.0,8.514418056000068,49.43375115300007,1.0,,,Unfall im Längsverkehr,"Fahrrad, LKW",Zusammenstoß mit seitlich in gleicher Richtung fahrendem Fahrzeug
150655.0,2020,6,5,3,Unfall mit Leichtverletzten,3.0,2.0,0.0,1.0,0.0,0.0,0.0,1.0,0.0,8.519215303000067,49.42300933500008,1.0,,,Abbiegeunfall,"Fahrrad, LKW",Zusammenstoß mit seitlich in gleicher Richtung fahrendem Fahrzeug
151533.0,2020,6,21,2,Unfall mit Leichtverletzten,6.0,7.0,0.0,1.0,0.0,1.0,0.0,0.0,0.0,8.466161764000049,49.49067652800005,1.0,,,sonstiger Unfall,"Fahrrad, Fußgänger",Zusammenstoß zwischen Fahrzeug und Fußgänger
150524.0,2020,6,20,2,Unfall mit Leichtverletzten,5.0,3.0,0.0,1.0,1.0,0.0,0.0,0.0,0.0,8.471167138000055,49.54671747000003,1.0,,,Einbiegen / Kreuzen-Unfall,"Fahrrad, Pkw",Zusammenstoß mit einbiegendem / kreuzendem Fahrzeug
12328.0,2020,6,18,2,Unfall mit Leichtverletzten,0.0,3.0,0.0,1.0,0.0,0.0,1.0,0.0,0.0,8.47147958000005,49.48102695500006,1.0,,,Einbiegen / Kreuzen-Unfall,"Fahrrad, Kraftrad",Unfall anderer Art
150749.0,2020,6,16,2,Unfall mit Leichtverletzten,5.0,3.0,0.0,1.0,0.0,0.0,1.0,0.0,0.0,8.482891283000072,49.46821294900008,1.0,,,Einbiegen / Kreuzen-Unfall,"Fahrrad, Kraftrad",Zusammenstoß mit einbiegendem / kreuzendem Fahrzeug
151079.0,2020,6,13,2,Unfall mit Leichtverletzten,6.0,4.0,0.0,0.0,0.0,1.0,0.0,0.0,1.0,8.469978799000046,49.48627725700004,0.0,,,Überschreiten-Unfall,"Fußgänger, Tram/Bus (bis 2017 auch LKW)",Zusammenstoß zwischen Fahrzeug und Fußgänger
150528.0,2020,6,11,2,Unfall mit Leichtverletzten,0.0,2.0,0.0,1.0,1.0,0.0,0.0,0.0,0.0,8.497344362000035,49.450589818000026,1.0,,,Abbiegeunfall,"Fahrrad, Pkw",Unfall anderer Art
150650.0,2020,6,10,2,Unfall mit Leichtverletzten,5.0,3.0,0.0,1.0,1.0,0.0,0.0,0.0,0.0,8.492222882000021,49.45870765100005,1.0,,,Einbiegen / Kreuzen-Unfall,"Fahrrad, Pkw",Zusammenstoß mit einbiegendem / kreuzendem Fahrzeug
151275.0,2020,6,17,1,Unfall mit Leichtverletzten,6.0,2.0,0.0,0.0,1.0,1.0,0.0,0.0,0.0,8.467080743000054,49.47198376900008,0.0,,,Abbiegeunfall,"Pkw, Fußgänger",Zusammenstoß zwischen Fahrzeug und Fußgänger
13869.0,2020,6,14,1,Unfall mit Leichtverletzten,0.0,3.0,0.0,1.0,1.0,0.0,0.0,0.0,0.0,8.482158624000022,49.52486133600007,1.0,,,Einbiegen / Kreuzen-Unfall,"Fahrrad, Pkw",Unfall anderer Art
151350.0,2020,6,11,1,Unfall mit Leichtverletzten,6.0,4.0,0.0,0.0,1.0,1.0,0.0,0.0,0.0,8.524813339000048,49.43641732400005,0.0,,,Überschreiten-Unfall,"Pkw, Fußgänger",Zusammenstoß zwischen Fahrzeug und Fußgänger
149697.0,2020,5,18,7,Unfall mit Leichtverletzten,0.0,4.0,0.0,0.0,0.0,1.0,0.0,0.0,1.0,8.53238516700003,49.50624596200004,0.0,,,Überschreiten-Unfall,"Fußgänger, Tram/Bus (bis 2017 auch LKW)",Unfall anderer Art
149120.0,2020,5,16,7,Unfall mit Leichtverletzten,6.0,2.0,0.0,0.0,1.0,1.0,0.0,0.0,0.0,8.480905152000048,49.54704485500008,0.0,,,Abbiegeunfall,"Pkw, Fußgänger",Zusammenstoß zwischen Fahrzeug und Fußgänger
150219.0,2020,5,13,7,Unfall mit Leichtverletzten,5.0,5.0,0.0,1.0,1.0,0.0,0.0,0.0,0.0,8.47660770400006,49.50274350400008,1.0,,,Unfall durch ruhenden Verkehr,"Fahrrad, Pkw",Zusammenstoß mit einbiegendem / kreuzendem Fahrzeug
149011.0,2020,5,10,7,Unfall mit Leichtverletzten,6.0,7.0,0.0,0.0,1.0,1.0,0.0,0.0,0.0,8.448284735000072,49.54257352100007,0.0,,,sonstiger Unfall,"Pkw, Fußgänger",Zusammenstoß zwischen Fahrzeug und Fußgänger
12613.0,2020,5,16,6,Unfall mit Leichtverletzten,5.0,2.0,0.0,1.0,1.0,0.0,0.0,0.0,0.0,8.480536564000033,49.48935129500006,1.0,,,Abbiegeunfall,"Fahrrad, Pkw",Zusammenstoß mit einbiegendem / kreuzendem Fahrzeug
149885.0,2020,5,10,6,Unfall mit Leichtverletzten,5.0,3.0,0.0,1.0,1.0,0.0,0.0,0.0,0.0,8.480905152000048,49.54704485500008,1.0,,,Einbiegen / Kreuzen-Unfall,"Fahrrad, Pkw",Zusammenstoß mit einbiegendem / kreuzendem Fahrzeug
11837.0,2020,5,9,6,Unfall mit Leichtverletzten,5.0,2.0,0.0,1.0,1.0,0.0,0.0,0.0,0.0,8.469856372000038,49.48169474200006,1.0,,,Abbiegeunfall,"Fahrrad, Pkw",Zusammenstoß mit einbiegendem / kreuzendem Fahrzeug
150183.0,2020,5,23,5,Unfall mit Schwerverletzten,0.0,1.0,2.0,1.0,0.0,0.0,0.0,0.0,0.0,8.514330249000068,49.43379379300006,1.0,,,Fahrunfall,Fahrrad,Unfall anderer Art
149762.0,2020,5,14,5,Unfall mit Schwerverletzten,0.0,7.0,0.0,1.0,0.0,0.0,0.0,0.0,0.0,8.533992990000058,49.42466068400007,1.0,,,sonstiger Unfall,Fahrrad,Unfall anderer Art
150022.0,2020,5,12,5,Unfall mit Leichtverletzten,0.0,6.0,0.0,1.0,1.0,0.0,0.0,0.0,0.0,8.464710557000046,49.48740515900005,1.0,,,Unfall im Längsverkehr,"Fahrrad, Pkw",Unfall anderer Art
149381.0,2020,5,20,4,Unfall mit Leichtverletzten,1.0,5.0,1.0,1.0,1.0,0.0,0.0,0.0,0.0,8.483487602000025,49.50006674600007,1.0,,,Unfall durch ruhenden Verkehr,"Fahrrad, Pkw",Zusammenstoß mit anfahrendem/ anhaltendem/ ruhendem Fahrzeug
150167.0,2020,5,14,4,Unfall mit Leichtverletzten,0.0,6.0,0.0,1.0,1.0,0.0,0.0,0.0,0.0,8.533461809000073,49.47359345600007,1.0,,,Unfall im Längsverkehr,"Fahrrad, Pkw",Unfall anderer Art
150057.0,2020,5,13,4,Unfall mit Leichtverletzten,1.0,5.0,0.0,1.0,1.0,0.0,0.0,0.0,0.0,8.489942395000071,49.45776917300003,1.0,,,Unfall durch ruhenden Verkehr,"Fahrrad, Pkw",Zusammenstoß mit anfahrendem/ anhaltendem/ ruhendem Fahrzeug
12170.0,2020,5,12,4,Unfall mit Schwerverletzten,6.0,4.0,0.0,0.0,0.0,1.0,0.0,0.0,1.0,8.476477293000073,49.51671595800008,0.0,,,Überschreiten-Unfall,"Fußgänger, Tram/Bus (bis 2017 auch LKW)",Zusammenstoß zwischen Fahrzeug und Fußgänger
149379.0,2020,5,7,4,Unfall mit Leichtverletzten,3.0,6.0,0.0,1.0,1.0,0.0,0.0,0.0,0.0,8.473606013000051,49.51835819600007,1.0,,,Unfall im Längsverkehr,"Fahrrad, Pkw",Zusammenstoß mit seitlich in gleicher Richtung fahrendem Fahrzeug
149382.0,2020,5,0,4,Unfall mit Leichtverletzten,5.0,3.0,2.0,1.0,1.0,0.0,0.0,0.0,0.0,8.466303974000027,49.49062091700006,1.0,,,Einbiegen / Kreuzen-Unfall,"Fahrrad, Pkw",Zusammenstoß mit einbiegendem / kreuzendem Fahrzeug
149445.0,2020,5,20,3,Unfall mit Leichtverletzten,4.0,3.0,1.0,1.0,1.0,0.0,0.0,0.0,0.0,8.487958484000046,49.45842013600002,1.0,,,Einbiegen / Kreuzen-Unfall,"Fahrrad, Pkw",Zusammenstoß mit entgegenkommendem Fahrzeug
11466.0,2020,5,16,3,Unfall mit Leichtverletzten,4.0,6.0,0.0,1.0,0.0,0.0,0.0,0.0,1.0,8.563272003000066,49.465512381000046,1.0,,,Unfall im Längsverkehr,"Fahrrad, Tram/Bus (bis 2017 auch LKW)",Zusammenstoß mit entgegenkommendem Fahrzeug
149460.0,2020,5,15,3,Unfall mit Leichtverletzten,1.0,5.0,0.0,1.0,1.0,0.0,0.0,0.0,0.0,8.468506484000045,49.48087803600004,1.0,,,Unfall durch ruhenden Verkehr,"Fahrrad, Pkw",Zusammenstoß mit anfahrendem/ anhaltendem/ ruhendem Fahrzeug
149328.0,2020,5,21,2,Unfall mit Getöteten,6.0,4.0,2.0,0.0,0.0,1.0,0.0,0.0,1.0,8.550945916000046,49.49807072600004,0.0,,,Überschreiten-Unfall,"Fußgänger, Tram/Bus (bis 2017 auch LKW)",Zusammenstoß zwischen Fahrzeug und Fußgänger
12163.0,2020,5,11,2,Unfall mit Leichtverletzten,5.0,2.0,0.0,1.0,1.0,0.0,0.0,0.0,0.0,8.48747230500004,49.475224465000046,1.0,,,Abbiegeunfall,"Fahrrad, Pkw",Zusammenstoß mit einbiegendem / kreuzendem Fahrzeug
12013.0,2020,5,0,2,Unfall mit Leichtverletzten,0.0,7.0,2.0,1.0,0.0,0.0,0.0,0.0,0.0,8.472015321000072,49.48205700900007,1.0,,,sonstiger Unfall,Fahrrad,Unfall anderer Art
150105.0,2020,5,19,1,Unfall mit Leichtverletzten,5.0,3.0,0.0,1.0,1.0,0.0,0.0,0.0,0.0,8.581682152000042,49.44297382400004,1.0,,,Einbiegen / Kreuzen-Unfall,"Fahrrad, Pkw",Zusammenstoß mit einbiegendem / kreuzendem Fahrzeug
149681.0,2020,5,18,1,Unfall mit Schwerverletzten,5.0,5.0,0.0,1.0,1.0,0.0,0.0,0.0,0.0,8.575718404000042,49.440503457000034,1.0,,,Unfall durch ruhenden Verkehr,"Fahrrad, Pkw",Zusammenstoß mit einbiegendem / kreuzendem Fahrzeug
149193.0,2020,4,20,7,Unfall mit Leichtverletzten,0.0,5.0,0.0,1.0,0.0,0.0,0.0,0.0,0.0,8.481219130000056,49.47952498700005,1.0,,,Unfall durch ruhenden Verkehr,Fahrrad,Unfall anderer Art
148521.0,2020,4,10,7,Unfall mit Leichtverletzten,5.0,3.0,0.0,1.0,1.0,0.0,0.0,0.0,0.0,8.451223389000063,49.545260410000026,1.0,,,Einbiegen / Kreuzen-Unfall,"Fahrrad, Pkw",Zusammenstoß mit einbiegendem / kreuzendem Fahrzeug
148822.0,2020,4,17,6,Unfall mit Leichtverletzten,0.0,7.0,0.0,1.0,0.0,0.0,0.0,0.0,0.0,8.474126683000065,49.54441799400007,1.0,,,sonstiger Unfall,Fahrrad,Unfall anderer Art
148831.0,2020,4,17,6,Unfall mit Leichtverletzten,5.0,3.0,0.0,1.0,1.0,0.0,0.0,0.0,0.0,8.493864350000024,49.45582580900003,1.0,,,Einbiegen / Kreuzen-Unfall,"Fahrrad, Pkw",Zusammenstoß mit einbiegendem / kreuzendem Fahrzeug
149038.0,2020,4,21,5,Unfall mit Leichtverletzten,0.0,7.0,2.0,0.0,0.0,1.0,1.0,0.0,0.0,8.535785790000034,49.45500219300004,0.0,,,sonstiger Unfall,"Fußgänger, Kraftrad",Unfall anderer Art
148815.0,2020,4,18,5,Unfall mit Schwerverletzten,5.0,3.0,0.0,1.0,1.0,0.0,0.0,0.0,0.0,8.482290598000077,49.45405788700003,1.0,,,Einbiegen / Kreuzen-Unfall,"Fahrrad, Pkw",Zusammenstoß mit einbiegendem / kreuzendem Fahrzeug
148666.0,2020,4,10,5,Unfall mit Schwerverletzten,6.0,4.0,0.0,0.0,1.0,1.0,0.0,0.0,0.0,8.487983715000041,49.49829302300003,0.0,,,Überschreiten-Unfall,"Pkw, Fußgänger",Zusammenstoß zwischen Fahrzeug und Fußgänger
148488.0,2020,4,9,5,Unfall mit Schwerverletzten,1.0,5.0,0.0,1.0,1.0,0.0,0.0,0.0,0.0,8.466153588000054,49.46498861100008,1.0,,,Unfall durch ruhenden Verkehr,"Fahrrad, Pkw",Zusammenstoß mit anfahrendem/ anhaltendem/ ruhendem Fahrzeug
148804.0,2020,4,7,5,Unfall mit Leichtverletzten,5.0,2.0,0.0,1.0,0.0,0.0,0.0,0.0,1.0,8.485963158000061,49.46639549400004,1.0,,,Abbiegeunfall,"Fahrrad, Tram/Bus (bis 2017 auch LKW)",Zusammenstoß mit einbiegendem / kreuzendem Fahrzeug
149140.0,2020,4,5,4,Unfall mit Schwerverletzten,3.0,6.0,0.0,1.0,1.0,0.0,0.0,0.0,0.0,8.496759573000077,49.45207104600007,1.0,,,Unfall im Längsverkehr,"Fahrrad, Pkw",Zusammenstoß mit seitlich in gleicher Richtung fahrendem Fahrzeug
148659.0,2020,4,15,3,Unfall mit Leichtverletzten,1.0,5.0,0.0,1.0,1.0,0.0,0.0,0.0,0.0,8.464273396000067,49.48567353600004,1.0,,,Unfall durch ruhenden Verkehr,"Fahrrad, Pkw",Zusammenstoß mit anfahrendem/ anhaltendem/ ruhendem Fahrzeug
148277.0,2020,4,17,2,Unfall mit Leichtverletzten,5.0,3.0,0.0,1.0,1.0,0.0,0.0,0.0,0.0,8.481026278000058,49.53912534700004,1.0,,,Einbiegen / Kreuzen-Unfall,"Fahrrad, Pkw",Zusammenstoß mit einbiegendem / kreuzendem Fahrzeug
10586.0,2020,4,14,2,Unfall mit Leichtverletzten,0.0,7.0,0.0,1.0,0.0,0.0,0.0,0.0,0.0,8.477877015000047,49.487619978000055,1.0,,,sonstiger Unfall,Fahrrad,Unfall anderer Art
148428.0,2020,4,14,2,Unfall mit Leichtverletzten,2.0,2.0,0.0,1.0,0.0,0.0,0.0,0.0,1.0,8.536286940000025,49.421624442000045,1.0,,,Abbiegeunfall,"Fahrrad, Tram/Bus (bis 2017 auch LKW)",Zusammenstoß mit vorausfahrendem / wartendem Fahrzeug
148976.0,2020,4,8,2,Unfall mit Leichtverletzten,0.0,7.0,0.0,1.0,0.0,0.0,0.0,0.0,1.0,8.471581451000077,49.49348305000007,1.0,,,sonstiger Unfall,"Fahrrad, Tram/Bus (bis 2017 auch LKW)",Unfall anderer Art
10835.0,2020,4,18,1,Unfall mit Leichtverletzten,5.0,3.0,0.0,1.0,1.0,0.0,1.0,0.0,0.0,8.484388589000048,49.49397823200008,1.0,,,Einbiegen / Kreuzen-Unfall,"Fahrrad, Pkw, Kraftrad",Zusammenstoß mit einbiegendem / kreuzendem Fahrzeug
148909.0,2020,4,13,1,Unfall mit Leichtverletzten,3.0,6.0,0.0,1.0,1.0,0.0,0.0,0.0,0.0,8.558251638000058,49.46962802300004,1.0,,,Unfall im Längsverkehr,"Fahrrad, Pkw",Zusammenstoß mit seitlich in gleicher Richtung fahrendem Fahrzeug
148057.0,2020,3,15,7,Unfall mit Schwerverletzten,1.0,5.0,0.0,1.0,1.0,0.0,0.0,0.0,0.0,8.541430580000053,49.48498612900005,1.0,,,Unfall durch ruhenden Verkehr,"Fahrrad, Pkw",Zusammenstoß mit anfahrendem/ anhaltendem/ ruhendem Fahrzeug
9473.0,2020,3,9,7,Unfall mit Getöteten,6.0,4.0,0.0,0.0,0.0,1.0,0.0,0.0,1.0,8.527787104000026,49.432810904000064,0.0,,,Überschreiten-Unfall,"Fußgänger, Tram/Bus (bis 2017 auch LKW)",Zusammenstoß zwischen Fahrzeug und Fußgänger
148429.0,2020,3,14,6,Unfall mit Leichtverletzten,3.0,7.0,0.0,1.0,0.0,0.0,0.0,0.0,1.0,8.490793960000076,49.530881736000026,1.0,,,sonstiger Unfall,"Fahrrad, Tram/Bus (bis 2017 auch LKW)",Zusammenstoß mit seitlich in gleicher Richtung fahrendem Fahrzeug
147769.0,2020,3,10,6,Unfall mit Leichtverletzten,0.0,7.0,0.0,1.0,0.0,0.0,0.0,0.0,0.0,8.464238973000022,49.48563688500008,1.0,,,sonstiger Unfall,Fahrrad,Unfall anderer Art
147780.0,2020,3,20,5,Unfall mit Leichtverletzten,5.0,3.0,2.0,1.0,1.0,0.0,0.0,0.0,0.0,8.50622566900006,49.50739481000005,1.0,,,Einbiegen / Kreuzen-Unfall,"Fahrrad, Pkw",Zusammenstoß mit einbiegendem / kreuzendem Fahrzeug
147996.0,2020,3,19,5,Unfall mit Leichtverletzten,6.0,4.0,2.0,0.0,0.0,1.0,0.0,0.0,1.0,8.470264759000031,49.49356379300008,0.0,,,Überschreiten-Unfall,"Fußgänger, Tram/Bus (bis 2017 auch LKW)",Zusammenstoß zwischen Fahrzeug und Fußgänger
147789.0,2020,3,11,5,Unfall mit Leichtverletzten,5.0,3.0,0.0,1.0,1.0,0.0,0.0,0.0,0.0,8.483737407000035,49.49737036600004,1.0,,,Einbiegen / Kreuzen-Unfall,"Fahrrad, Pkw",Zusammenstoß mit einbiegendem / kreuzendem Fahrzeug
148239.0,2020,3,11,5,Unfall mit Leichtverletzten,6.0,7.0,0.0,0.0,1.0,1.0,0.0,0.0,0.0,8.532285996000041,49.51302156200006,0.0,,,sonstiger Unfall,"Pkw, Fußgänger",Zusammenstoß zwischen Fahrzeug und Fußgänger
147889.0,2020,3,9,5,Unfall mit Leichtverletzten,5.0,3.0,0.0,1.0,1.0,0.0,0.0,0.0,0.0,8.469481475000066,49.464757614000064,1.0,,,Einbiegen / Kreuzen-Unfall,"Fahrrad, Pkw",Zusammenstoß mit einbiegendem / kreuzendem Fahrzeug
147662.0,2020,3,9,4,Unfall mit Leichtverletzten,6.0,7.0,0.0,0.0,1.0,1.0,0.0,0.0,0.0,8.487097944000027,49.49379627400003,0.0,,,sonstiger Unfall,"Pkw, Fußgänger",Zusammenstoß zwischen Fahrzeug und Fußgänger
147883.0,2020,3,11,3,Unfall mit Schwerverletzten,0.0,5.0,0.0,1.0,0.0,0.0,0.0,0.0,1.0,8.469997159000059,49.50528572400003,1.0,,,Unfall durch ruhenden Verkehr,"Fahrrad, Tram/Bus (bis 2017 auch LKW)",Unfall anderer Art
147887.0,2020,3,7,3,Unfall mit Leichtverletzten,3.0,6.0,0.0,1.0,1.0,0.0,0.0,0.0,0.0,8.541755242000022,49.490107075000026,1.0,,,Unfall im Längsverkehr,"Fahrrad, Pkw",Zusammenstoß mit seitlich in gleicher Richtung fahrendem Fahrzeug
147486.0,2020,3,19,2,Unfall mit Schwerverletzten,0.0,7.0,2.0,1.0,0.0,0.0,0.0,0.0,0.0,8.480627455000047,49.47987042900007,1.0,,,sonstiger Unfall,Fahrrad,Unfall anderer Art
147376.0,2020,3,18,2,Unfall mit Leichtverletzten,6.0,2.0,2.0,0.0,1.0,1.0,0.0,0.0,0.0,8.481094292000023,49.45693963800005,0.0,,,Abbiegeunfall,"Pkw, Fußgänger",Zusammenstoß zwischen Fahrzeug und Fußgänger
148419.0,2020,3,13,2,Unfall mit Leichtverletzten,0.0,4.0,0.0,0.0,0.0,1.0,0.0,0.0,1.0,8.49590947300004,49.50891758300003,0.0,,,Überschreiten-Unfall,"Fußgänger, Tram/Bus (bis 2017 auch LKW)",Unfall anderer Art
148362.0,2020,3,12,2,Unfall mit Leichtverletzten,3.0,2.0,0.0,1.0,0.0,0.0,0.0,0.0,1.0,8.495676411000034,49.499087847000055,1.0,,,Abbiegeunfall,"Fahrrad, Tram/Bus (bis 2017 auch LKW)",Zusammenstoß mit seitlich in gleicher Richtung fahrendem Fahrzeug
148153.0,2020,3,11,2,Unfall mit Leichtverletzten,5.0,3.0,0.0,1.0,1.0,0.0,0.0,0.0,0.0,8.489266176000058,49.52259307400004,1.0,,,Einbiegen / Kreuzen-Unfall,"Fahrrad, Pkw",Zusammenstoß mit einbiegendem / kreuzendem Fahrzeug
148006.0,2020,3,7,1,Unfall mit Schwerverletzten,3.0,6.0,0.0,1.0,1.0,0.0,0.0,0.0,0.0,8.471406570000056,49.52507573200006,1.0,,,Unfall im Längsverkehr,"Fahrrad, Pkw",Zusammenstoß mit seitlich in gleicher Richtung fahrendem Fahrzeug
147596.0,2020,2,12,7,Unfall mit Leichtverletzten,1.0,5.0,0.0,1.0,1.0,0.0,0.0,0.0,0.0,8.482066836000058,49.47870290600008,1.0,,,Unfall durch ruhenden Verkehr,"Fahrrad, Pkw",Zusammenstoß mit anfahrendem/ anhaltendem/ ruhendem Fahrzeug
147502.0,2020,2,13,6,Unfall mit Leichtverletzten,5.0,5.0,0.0,1.0,1.0,0.0,0.0,0.0,0.0,8.48868731500005,49.46311207600007,1.0,,,Unfall durch ruhenden Verkehr,"Fahrrad, Pkw",Zusammenstoß mit einbiegendem / kreuzendem Fahrzeug
147597.0,2020,2,9,6,Unfall mit Leichtverletzten,3.0,5.0,0.0,1.0,1.0,0.0,0.0,0.0,0.0,8.48412740200007,49.49660607200008,1.0,,,Unfall durch ruhenden Verkehr,"Fahrrad, Pkw",Zusammenstoß mit seitlich in gleicher Richtung fahrendem Fahrzeug
147590.0,2020,2,13,5,Unfall mit Leichtverletzten,6.0,2.0,0.0,0.0,1.0,1.0,0.0,0.0,0.0,8.448855810000055,49.54281604700003,0.0,,,Abbiegeunfall,"Pkw, Fußgänger",Zusammenstoß zwischen Fahrzeug und Fußgänger
147058.0,2020,2,18,4,Unfall mit Leichtverletzten,5.0,2.0,0.0,1.0,1.0,0.0,0.0,0.0,0.0,8.475763220000033,49.48123306000008,1.0,,,Abbiegeunfall,"Fahrrad, Pkw",Zusammenstoß mit einbiegendem / kreuzendem Fahrzeug
147062.0,2020,2,17,4,Unfall mit Leichtverletzten,5.0,3.0,0.0,1.0,1.0,0.0,0.0,0.0,0.0,8.492687913000054,49.47631793500005,1.0,,,Einbiegen / Kreuzen-Unfall,"Fahrrad, Pkw",Zusammenstoß mit einbiegendem / kreuzendem Fahrzeug
147060.0,2020,2,15,4,Unfall mit Leichtverletzten,3.0,2.0,0.0,1.0,1.0,0.0,0.0,0.0,0.0,8.501740619000032,49.51959074100006,1.0,,,Abbiegeunfall,"Fahrrad, Pkw",Zusammenstoß mit seitlich in gleicher Richtung fahrendem Fahrzeug
146965.0,2020,2,15,3,Unfall mit Leichtverletzten,3.0,2.0,0.0,1.0,1.0,0.0,0.0,0.0,0.0,8.465412006000065,49.488167530000055,1.0,,,Abbiegeunfall,"Fahrrad, Pkw",Zusammenstoß mit seitlich in gleicher Richtung fahrendem Fahrzeug
147080.0,2020,2,15,3,Unfall mit Leichtverletzten,6.0,2.0,0.0,0.0,1.0,1.0,0.0,0.0,0.0,8.462027070000033,49.48833769000004,0.0,,,Abbiegeunfall,"Pkw, Fußgänger",Zusammenstoß zwischen Fahrzeug und Fußgänger
147031.0,2020,2,13,3,Unfall mit Leichtverletzten,5.0,3.0,0.0,1.0,1.0,0.0,0.0,0.0,0.0,8.463648741000043,49.485285463000025,1.0,,,Einbiegen / Kreuzen-Unfall,"Fahrrad, Pkw",Zusammenstoß mit einbiegendem / kreuzendem Fahrzeug
147152.0,2020,2,13,3,Unfall mit Leichtverletzten,6.0,4.0,0.0,0.0,0.0,1.0,0.0,0.0,1.0,8.46349381400006,49.48485270500004,0.0,,,Überschreiten-Unfall,"Fußgänger, Tram/Bus (bis 2017 auch LKW)",Zusammenstoß zwischen Fahrzeug und Fußgänger
146923.0,2020,2,10,3,Unfall mit Leichtverletzten,6.0,2.0,0.0,0.0,1.0,1.0,0.0,0.0,0.0,8.476118564000046,49.48923977100003,0.0,,,Abbiegeunfall,"Pkw, Fußgänger",Zusammenstoß zwischen Fahrzeug und Fußgänger
8620.0,2020,2,7,3,Unfall mit Leichtverletzten,5.0,3.0,0.0,1.0,1.0,0.0,0.0,0.0,0.0,8.492577166000046,49.47858738000008,1.0,,,Einbiegen / Kreuzen-Unfall,"Fahrrad, Pkw",Zusammenstoß mit einbiegendem / kreuzendem Fahrzeug