OBJECTID,UJAHR,UMONAT,USTUNDE,UWOCHENTAG,UKATEGORIE,UART,UTYP1,ULICHTVERH,IstRad,IstPKW,IstFuss,IstKrad,IstGkfz,IstSonstige,Longitude,Latitude,IstRadBetroffen,Kommentar,Stadtteil,typ,involved,art
146912.0,2020,2,16,2,Unfall mit Leichtverletzten,3.0,6.0,0.0,1.0,0.0,0.0,0.0,0.0,0.0,8.483616265000023,49.48965136600003,1.0,,,Unfall im Längsverkehr,Fahrrad,Zusammenstoß mit seitlich in gleicher Richtung fahrendem Fahrzeug
147400.0,2020,2,15,2,Unfall mit Leichtverletzten,6.0,7.0,0.0,0.0,1.0,1.0,0.0,0.0,0.0,8.473402364000037,49.48352868800004,0.0,,,sonstiger Unfall,"Pkw, Fußgänger",Zusammenstoß zwischen Fahrzeug und Fußgänger
147469.0,2020,2,7,2,Unfall mit Leichtverletzten,6.0,7.0,0.0,0.0,0.0,1.0,0.0,0.0,1.0,8.511842258000058,49.44336990300008,0.0,,,sonstiger Unfall,"Fußgänger, Tram/Bus (bis 2017 auch LKW)",Zusammenstoß zwischen Fahrzeug und Fußgänger
146667.0,2020,2,2,1,Unfall mit Leichtverletzten,5.0,3.0,2.0,1.0,1.0,0.0,0.0,0.0,0.0,8.473372891000054,49.49538325500004,1.0,,,Einbiegen / Kreuzen-Unfall,"Fahrrad, Pkw",Zusammenstoß mit einbiegendem / kreuzendem Fahrzeug
145860.0,2020,1,17,7,Unfall mit Leichtverletzten,5.0,5.0,1.0,1.0,1.0,0.0,0.0,0.0,0.0,8.497958006000033,49.50294296900007,1.0,,,Unfall durch ruhenden Verkehr,"Fahrrad, Pkw",Zusammenstoß mit einbiegendem / kreuzendem Fahrzeug
146134.0,2020,1,12,7,Unfall mit Leichtverletzten,1.0,5.0,0.0,1.0,1.0,0.0,0.0,0.0,0.0,8.49543738400007,49.52991089900007,1.0,,,Unfall durch ruhenden Verkehr,"Fahrrad, Pkw",Zusammenstoß mit anfahrendem/ anhaltendem/ ruhendem Fahrzeug
146764.0,2020,1,12,7,Unfall mit Leichtverletzten,6.0,4.0,0.0,0.0,1.0,1.0,0.0,0.0,0.0,8.470850506000033,49.487905844000075,0.0,,,Überschreiten-Unfall,"Pkw, Fußgänger",Zusammenstoß zwischen Fahrzeug und Fußgänger
146379.0,2020,1,9,7,Unfall mit Leichtverletzten,2.0,6.0,0.0,1.0,1.0,0.0,0.0,0.0,0.0,8.468305833000045,49.491286718000026,1.0,,,Unfall im Längsverkehr,"Fahrrad, Pkw",Zusammenstoß mit vorausfahrendem / wartendem Fahrzeug
145832.0,2020,1,14,6,Unfall mit Leichtverletzten,5.0,3.0,0.0,1.0,1.0,0.0,0.0,0.0,0.0,8.481077549000076,49.45681844600006,1.0,,,Einbiegen / Kreuzen-Unfall,"Fahrrad, Pkw",Zusammenstoß mit einbiegendem / kreuzendem Fahrzeug
146330.0,2020,1,14,6,Unfall mit Leichtverletzten,5.0,3.0,0.0,1.0,1.0,0.0,0.0,0.0,0.0,8.480155118000027,49.48099436800004,1.0,,,Einbiegen / Kreuzen-Unfall,"Fahrrad, Pkw",Zusammenstoß mit einbiegendem / kreuzendem Fahrzeug
146324.0,2020,1,11,6,Unfall mit Leichtverletzten,1.0,5.0,0.0,1.0,1.0,0.0,0.0,0.0,0.0,8.549387809000052,49.49608222300003,1.0,,,Unfall durch ruhenden Verkehr,"Fahrrad, Pkw",Zusammenstoß mit anfahrendem/ anhaltendem/ ruhendem Fahrzeug
146551.0,2020,1,22,5,Unfall mit Leichtverletzten,3.0,2.0,2.0,1.0,1.0,0.0,0.0,0.0,0.0,8.457430697000063,49.51389573200004,1.0,,,Abbiegeunfall,"Fahrrad, Pkw",Zusammenstoß mit seitlich in gleicher Richtung fahrendem Fahrzeug
146232.0,2020,1,19,5,Unfall mit Leichtverletzten,5.0,2.0,2.0,1.0,1.0,0.0,0.0,0.0,0.0,8.493079783000042,49.52180968600004,1.0,,,Abbiegeunfall,"Fahrrad, Pkw",Zusammenstoß mit einbiegendem / kreuzendem Fahrzeug
146644.0,2020,1,18,5,Unfall mit Leichtverletzten,3.0,6.0,2.0,1.0,1.0,0.0,0.0,0.0,0.0,8.471586982000076,49.488552582000075,1.0,,,Unfall im Längsverkehr,"Fahrrad, Pkw",Zusammenstoß mit seitlich in gleicher Richtung fahrendem Fahrzeug
145928.0,2020,1,17,5,Unfall mit Schwerverletzten,6.0,4.0,2.0,0.0,1.0,1.0,0.0,0.0,0.0,8.476492741000072,49.51698971000008,0.0,,,Überschreiten-Unfall,"Pkw, Fußgänger",Zusammenstoß zwischen Fahrzeug und Fußgänger
6828.0,2020,1,14,5,Unfall mit Leichtverletzten,6.0,2.0,0.0,0.0,1.0,1.0,0.0,0.0,0.0,8.516636454000036,49.48872640600007,0.0,,,Abbiegeunfall,"Pkw, Fußgänger",Zusammenstoß zwischen Fahrzeug und Fußgänger
146030.0,2020,1,8,5,Unfall mit Leichtverletzten,0.0,7.0,0.0,1.0,0.0,0.0,0.0,0.0,0.0,8.55254343200005,49.51010905700008,1.0,,,sonstiger Unfall,Fahrrad,Unfall anderer Art
146157.0,2020,1,16,4,Unfall mit Schwerverletzten,6.0,2.0,1.0,0.0,1.0,1.0,0.0,0.0,0.0,8.495669148000047,49.49908391100007,0.0,,,Abbiegeunfall,"Pkw, Fußgänger",Zusammenstoß zwischen Fahrzeug und Fußgänger
146289.0,2020,1,10,4,Unfall mit Leichtverletzten,6.0,4.0,0.0,0.0,1.0,1.0,0.0,0.0,0.0,8.51180234800006,49.50744022400005,0.0,,,Überschreiten-Unfall,"Pkw, Fußgänger",Zusammenstoß zwischen Fahrzeug und Fußgänger
146700.0,2020,1,9,4,Unfall mit Leichtverletzten,0.0,7.0,0.0,1.0,0.0,0.0,0.0,0.0,0.0,8.474946591000048,49.46550574100007,1.0,,,sonstiger Unfall,Fahrrad,Unfall anderer Art
6601.0,2020,1,17,3,Unfall mit Leichtverletzten,1.0,6.0,2.0,1.0,1.0,0.0,0.0,0.0,0.0,8.473120314000028,49.48270935200002,1.0,,,Unfall im Längsverkehr,"Fahrrad, Pkw",Zusammenstoß mit anfahrendem/ anhaltendem/ ruhendem Fahrzeug
7020.0,2020,1,15,3,Unfall mit Leichtverletzten,2.0,2.0,0.0,0.0,1.0,1.0,0.0,0.0,0.0,8.46052998600004,49.49380952400002,0.0,,,Abbiegeunfall,"Pkw, Fußgänger",Zusammenstoß mit vorausfahrendem / wartendem Fahrzeug
146831.0,2020,1,18,2,Unfall mit Leichtverletzten,5.0,3.0,2.0,1.0,1.0,0.0,0.0,0.0,0.0,8.479046336000067,49.46044815800008,1.0,,,Einbiegen / Kreuzen-Unfall,"Fahrrad, Pkw",Zusammenstoß mit einbiegendem / kreuzendem Fahrzeug
6972.0,2020,1,18,1,Unfall mit Schwerverletzten,6.0,4.0,2.0,0.0,1.0,1.0,0.0,0.0,0.0,8.496887258000072,49.47841743200007,0.0,,,Überschreiten-Unfall,"Pkw, Fußgänger",Zusammenstoß zwischen Fahrzeug und Fußgänger
146467.0,2020,1,2,1,Unfall mit Schwerverletzten,0.0,7.0,2.0,1.0,0.0,0.0,0.0,0.0,0.0,8.46511822900004,49.49895691200004,1.0,,,sonstiger Unfall,Fahrrad,Unfall anderer Art
185438.0,2019,12,18,7,Unfall mit Leichtverletzten,1.0,5.0,2.0,1.0,1.0,0.0,0.0,0.0,0.0,8.46839299000004,49.49138329400006,1.0,,,Unfall durch ruhenden Verkehr,"Fahrrad, Pkw",Zusammenstoß mit anfahrendem/ anhaltendem/ ruhendem Fahrzeug
185175.0,2019,12,16,7,Unfall mit Leichtverletzten,6.0,4.0,2.0,0.0,1.0,1.0,0.0,0.0,0.0,8.47212320400007,49.50442776900008,0.0,,,Überschreiten-Unfall,"Pkw, Fußgänger",Zusammenstoß zwischen Fahrzeug und Fußgänger
185216.0,2019,12,15,6,Unfall mit Leichtverletzten,6.0,4.0,0.0,0.0,1.0,1.0,0.0,0.0,0.0,8.476257032000035,49.48473075500005,0.0,,,Überschreiten-Unfall,"Pkw, Fußgänger",Zusammenstoß zwischen Fahrzeug und Fußgänger
185771.0,2019,12,12,6,Unfall mit Leichtverletzten,5.0,3.0,0.0,1.0,0.0,0.0,0.0,0.0,1.0,8.498930766000058,49.453784132000074,1.0,,,Einbiegen / Kreuzen-Unfall,"Fahrrad, Tram/Bus (bis 2017 auch LKW)",Zusammenstoß mit einbiegendem / kreuzendem Fahrzeug
185471.0,2019,12,8,6,Unfall mit Leichtverletzten,3.0,6.0,1.0,1.0,1.0,0.0,0.0,0.0,0.0,8.552645012000028,49.50059647100005,1.0,,,Unfall im Längsverkehr,"Fahrrad, Pkw",Zusammenstoß mit seitlich in gleicher Richtung fahrendem Fahrzeug
185528.0,2019,12,19,5,Unfall mit Leichtverletzten,6.0,2.0,2.0,0.0,1.0,1.0,0.0,0.0,0.0,8.49049859300004,49.46080436400007,0.0,,,Abbiegeunfall,"Pkw, Fußgänger",Zusammenstoß zwischen Fahrzeug und Fußgänger
185803.0,2019,12,12,5,Unfall mit Leichtverletzten,6.0,4.0,0.0,0.0,1.0,1.0,0.0,0.0,0.0,8.464495345000046,49.48738289300008,0.0,,,Überschreiten-Unfall,"Pkw, Fußgänger",Zusammenstoß zwischen Fahrzeug und Fußgänger
185527.0,2019,12,11,5,Unfall mit Leichtverletzten,0.0,1.0,0.0,1.0,0.0,0.0,0.0,0.0,0.0,8.48898964700004,49.49551909100006,1.0,,,Fahrunfall,Fahrrad,Unfall anderer Art
185305.0,2019,12,22,4,Unfall mit Leichtverletzten,3.0,2.0,2.0,1.0,1.0,0.0,0.0,0.0,0.0,8.47505830800003,49.49064125700005,1.0,,,Abbiegeunfall,"Fahrrad, Pkw",Zusammenstoß mit seitlich in gleicher Richtung fahrendem Fahrzeug
40407.0,2019,12,17,4,Unfall mit Schwerverletzten,3.0,2.0,2.0,1.0,1.0,0.0,0.0,0.0,0.0,8.483665660000042,49.49358129200005,1.0,,,Abbiegeunfall,"Fahrrad, Pkw",Zusammenstoß mit seitlich in gleicher Richtung fahrendem Fahrzeug
185564.0,2019,12,17,4,Unfall mit Leichtverletzten,6.0,4.0,2.0,0.0,0.0,1.0,0.0,0.0,1.0,8.462727118000032,49.489074094000046,0.0,,,Überschreiten-Unfall,"Fußgänger, Tram/Bus (bis 2017 auch LKW)",Zusammenstoß zwischen Fahrzeug und Fußgänger
40163.0,2019,12,16,4,Unfall mit Schwerverletzten,5.0,3.0,2.0,1.0,1.0,0.0,0.0,0.0,0.0,8.456001958000058,49.48519432200004,1.0,,,Einbiegen / Kreuzen-Unfall,"Fahrrad, Pkw",Zusammenstoß mit einbiegendem / kreuzendem Fahrzeug
40406.0,2019,12,16,4,Unfall mit Schwerverletzten,6.0,4.0,2.0,0.0,1.0,1.0,0.0,0.0,0.0,8.489070694000077,49.52879239600002,0.0,,,Überschreiten-Unfall,"Pkw, Fußgänger",Zusammenstoß zwischen Fahrzeug und Fußgänger
185392.0,2019,12,15,4,Unfall mit Leichtverletzten,5.0,3.0,0.0,1.0,1.0,0.0,0.0,0.0,0.0,8.487735327000053,49.47949380200004,1.0,,,Einbiegen / Kreuzen-Unfall,"Fahrrad, Pkw",Zusammenstoß mit einbiegendem / kreuzendem Fahrzeug
185512.0,2019,12,11,4,Unfall mit Leichtverletzten,6.0,1.0,0.0,0.0,0.0,1.0,0.0,0.0,1.0,8.473600947000023,49.48481475900008,0.0,,,Fahrunfall,"Fußgänger, Tram/Bus (bis 2017 auch LKW)",Zusammenstoß zwischen Fahrzeug und Fußgänger
185846.0,2019,12,11,4,Unfall mit Leichtverletzten,6.0,4.0,0.0,0.0,1.0,1.0,0.0,0.0,0.0,8.479715205000048,49.48782400100004,0.0,,,Überschreiten-Unfall,"Pkw, Fußgänger",Zusammenstoß zwischen Fahrzeug und Fußgänger
184807.0,2019,12,15,3,Unfall mit Schwerverletzten,0.0,4.0,0.0,0.0,1.0,1.0,0.0,0.0,0.0,8.500241605000042,49.53030012600004,0.0,,,Überschreiten-Unfall,"Pkw, Fußgänger",Unfall anderer Art
185067.0,2019,12,15,3,Unfall mit Leichtverletzten,2.0,6.0,0.0,1.0,1.0,0.0,0.0,0.0,0.0,8.479688377000059,49.48270703000002,1.0,,,Unfall im Längsverkehr,"Fahrrad, Pkw",Zusammenstoß mit vorausfahrendem / wartendem Fahrzeug
185068.0,2019,12,15,3,Unfall mit Leichtverletzten,5.0,3.0,0.0,1.0,1.0,0.0,0.0,0.0,0.0,8.507860938000022,49.512298757000046,1.0,,,Einbiegen / Kreuzen-Unfall,"Fahrrad, Pkw",Zusammenstoß mit einbiegendem / kreuzendem Fahrzeug
185066.0,2019,12,12,3,Unfall mit Schwerverletzten,5.0,3.0,0.0,1.0,1.0,0.0,0.0,0.0,0.0,8.479896341000028,49.484354730000064,1.0,,,Einbiegen / Kreuzen-Unfall,"Fahrrad, Pkw",Zusammenstoß mit einbiegendem / kreuzendem Fahrzeug
185069.0,2019,12,12,3,Unfall mit Leichtverletzten,6.0,4.0,0.0,0.0,1.0,1.0,0.0,0.0,0.0,8.475917593000077,49.48807360200004,0.0,,,Überschreiten-Unfall,"Pkw, Fußgänger",Zusammenstoß zwischen Fahrzeug und Fußgänger
185065.0,2019,12,11,3,Unfall mit Leichtverletzten,5.0,2.0,0.0,1.0,1.0,0.0,0.0,0.0,0.0,8.496784207000076,49.52575309700006,1.0,,,Abbiegeunfall,"Fahrrad, Pkw",Zusammenstoß mit einbiegendem / kreuzendem Fahrzeug
184808.0,2019,12,7,3,Unfall mit Leichtverletzten,0.0,4.0,1.0,0.0,0.0,1.0,0.0,0.0,1.0,8.507221710000067,49.50525412300004,0.0,,,Überschreiten-Unfall,"Fußgänger, Tram/Bus (bis 2017 auch LKW)",Unfall anderer Art
185618.0,2019,12,22,2,Unfall mit Leichtverletzten,6.0,2.0,2.0,0.0,1.0,1.0,0.0,0.0,0.0,8.519737913000029,49.44740502500008,0.0,,,Abbiegeunfall,"Pkw, Fußgänger",Zusammenstoß zwischen Fahrzeug und Fußgänger
184850.0,2019,12,17,2,Unfall mit Schwerverletzten,5.0,3.0,2.0,0.0,1.0,1.0,0.0,0.0,1.0,8.46368248300007,49.48527188200006,0.0,,,Einbiegen / Kreuzen-Unfall,"Pkw, Fußgänger, Tram/Bus (bis 2017 auch LKW)",Zusammenstoß mit einbiegendem / kreuzendem Fahrzeug
185389.0,2019,12,16,2,Unfall mit Leichtverletzten,3.0,3.0,0.0,1.0,0.0,0.0,0.0,0.0,1.0,8.449501378000036,49.505060421000046,1.0,,,Einbiegen / Kreuzen-Unfall,"Fahrrad, Tram/Bus (bis 2017 auch LKW)",Zusammenstoß mit seitlich in gleicher Richtung fahrendem Fahrzeug
185115.0,2019,12,10,2,Unfall mit Leichtverletzten,5.0,3.0,0.0,1.0,1.0,0.0,0.0,0.0,0.0,8.55254343200005,49.51010905700008,1.0,,,Einbiegen / Kreuzen-Unfall,"Fahrrad, Pkw",Zusammenstoß mit einbiegendem / kreuzendem Fahrzeug
185116.0,2019,12,10,2,Unfall mit Leichtverletzten,3.0,6.0,0.0,1.0,1.0,0.0,0.0,0.0,0.0,8.472806155000058,49.48605080700003,1.0,,,Unfall im Längsverkehr,"Fahrrad, Pkw",Zusammenstoß mit seitlich in gleicher Richtung fahrendem Fahrzeug
184871.0,2019,12,10,1,Unfall mit Leichtverletzten,5.0,3.0,0.0,1.0,1.0,0.0,0.0,0.0,0.0,8.478514657000062,49.46027859700007,1.0,,,Einbiegen / Kreuzen-Unfall,"Fahrrad, Pkw",Zusammenstoß mit einbiegendem / kreuzendem Fahrzeug
183764.0,2019,11,15,7,Unfall mit Schwerverletzten,6.0,4.0,0.0,0.0,0.0,1.0,0.0,0.0,1.0,8.461467214000038,49.48273927400004,0.0,,,Überschreiten-Unfall,"Fußgänger, Tram/Bus (bis 2017 auch LKW)",Zusammenstoß zwischen Fahrzeug und Fußgänger
183742.0,2019,11,11,7,Unfall mit Leichtverletzten,6.0,4.0,0.0,0.0,1.0,1.0,0.0,0.0,0.0,8.470610597000075,49.500934186000045,0.0,,,Überschreiten-Unfall,"Pkw, Fußgänger",Zusammenstoß zwischen Fahrzeug und Fußgänger
184925.0,2019,11,19,6,Unfall mit Leichtverletzten,0.0,1.0,2.0,1.0,1.0,0.0,0.0,0.0,0.0,8.477629941000032,49.47832266100005,1.0,,,Fahrunfall,"Fahrrad, Pkw",Unfall anderer Art
184922.0,2019,11,16,6,Unfall mit Leichtverletzten,6.0,7.0,0.0,0.0,1.0,1.0,0.0,0.0,0.0,8.471731678000026,49.483296737000046,0.0,,,sonstiger Unfall,"Pkw, Fußgänger",Zusammenstoß zwischen Fahrzeug und Fußgänger
184037.0,2019,11,15,6,Unfall mit Leichtverletzten,3.0,6.0,0.0,1.0,0.0,0.0,0.0,0.0,0.0,8.46977522900005,49.47146516700008,1.0,,,Unfall im Längsverkehr,Fahrrad,Zusammenstoß mit seitlich in gleicher Richtung fahrendem Fahrzeug
184921.0,2019,11,11,6,Unfall mit Leichtverletzten,5.0,3.0,0.0,1.0,1.0,0.0,0.0,0.0,0.0,8.475299650000068,49.54680961400004,1.0,,,Einbiegen / Kreuzen-Unfall,"Fahrrad, Pkw",Zusammenstoß mit einbiegendem / kreuzendem Fahrzeug
,2019,11,11,6,Unfall mit Getöteten,,,,1.0,,,,,,8.5478,49.4331,,"14.11.2019: Ein 61-jähriger Fahrradfahrer verstarb nach einem Sturz vom Fahrrad im Stadtteil Rheinau. Der Mann war nach derzeitigem Kenntnisstand gegen 11.20 Uhr mit seinem Rennrad auf dem Stangenbrunnenweg zwischen Hallenbrücken und Iggelheimer Straße unterwegs. Vermutlich aufgrund plötzlich auftretender gesundheitlicher Problem stürzte er auf die Fahrbahn und zog sich dabei schwere Verletzungen zu. Er nach notärztlicher Erstversorgung und Reanimation vor Ort in ein Krankenhaus eingeliefert, wo er wenig später seinen schweren Verletzungen erlag. Da der Unfallhergang derzeit noch nicht abschließend geklärt werden konnte, sucht die Polizei Zeugen, die den Radfahrer und den Unfall beobachtet haben. Außerdem werden die Personen gesucht, die den Unfall gemeldet und die Reanimation eingeleitet haben.",Rheinau,Unbekannt,Fahrrad,Unbekannt
184920.0,2019,11,9,6,Unfall mit Leichtverletzten,0.0,1.0,0.0,1.0,0.0,0.0,0.0,0.0,0.0,8.495685856000023,49.533374681000055,1.0,,,Fahrunfall,Fahrrad,Unfall anderer Art
184078.0,2019,11,19,5,Unfall mit Leichtverletzten,0.0,7.0,2.0,1.0,0.0,0.0,0.0,0.0,0.0,8.470061111000064,49.493159527000046,1.0,,,sonstiger Unfall,Fahrrad,Unfall anderer Art
184968.0,2019,11,17,5,Unfall mit Leichtverletzten,6.0,4.0,2.0,0.0,1.0,1.0,0.0,0.0,0.0,8.473689491000073,49.483825198000034,0.0,,,Überschreiten-Unfall,"Pkw, Fußgänger",Zusammenstoß zwischen Fahrzeug und Fußgänger
184969.0,2019,11,15,5,Unfall mit Leichtverletzten,5.0,3.0,0.0,1.0,0.0,0.0,0.0,1.0,0.0,8.507394574000045,49.44178400800007,1.0,,,Einbiegen / Kreuzen-Unfall,"Fahrrad, LKW",Zusammenstoß mit einbiegendem / kreuzendem Fahrzeug
184970.0,2019,11,14,5,Unfall mit Leichtverletzten,6.0,7.0,0.0,0.0,1.0,1.0,0.0,0.0,0.0,8.514040571000066,49.50901406400004,0.0,,,sonstiger Unfall,"Pkw, Fußgänger",Zusammenstoß zwischen Fahrzeug und Fußgänger
184353.0,2019,11,10,5,Unfall mit Schwerverletzten,6.0,4.0,0.0,0.0,1.0,1.0,0.0,0.0,0.0,8.476309795000077,49.503919962000055,0.0,,,Überschreiten-Unfall,"Pkw, Fußgänger",Zusammenstoß zwischen Fahrzeug und Fußgänger
184080.0,2019,11,8,5,Unfall mit Leichtverletzten,6.0,4.0,0.0,0.0,0.0,1.0,0.0,0.0,1.0,8.485249475000046,49.47668149500004,0.0,,,Überschreiten-Unfall,"Fußgänger, Tram/Bus (bis 2017 auch LKW)",Zusammenstoß zwischen Fahrzeug und Fußgänger
184118.0,2019,11,18,4,Unfall mit Leichtverletzten,3.0,6.0,2.0,1.0,1.0,0.0,0.0,0.0,0.0,8.47451475500003,49.48448447100003,1.0,,,Unfall im Längsverkehr,"Fahrrad, Pkw",Zusammenstoß mit seitlich in gleicher Richtung fahrendem Fahrzeug
185009.0,2019,11,16,4,Unfall mit Leichtverletzten,5.0,3.0,1.0,1.0,1.0,0.0,0.0,0.0,0.0,8.482067179000069,49.48034793200002,1.0,,,Einbiegen / Kreuzen-Unfall,"Fahrrad, Pkw",Zusammenstoß mit einbiegendem / kreuzendem Fahrzeug
184389.0,2019,11,14,4,Unfall mit Leichtverletzten,4.0,2.0,0.0,1.0,1.0,0.0,0.0,0.0,0.0,8.475663445000066,49.47355691500008,1.0,,,Abbiegeunfall,"Fahrrad, Pkw",Zusammenstoß mit entgegenkommendem Fahrzeug
184674.0,2019,11,14,4,Unfall mit Leichtverletzten,5.0,3.0,0.0,1.0,1.0,0.0,0.0,0.0,0.0,8.49068912100006,49.52227771200006,1.0,,,Einbiegen / Kreuzen-Unfall,"Fahrrad, Pkw",Zusammenstoß mit einbiegendem / kreuzendem Fahrzeug
184116.0,2019,11,11,4,Unfall mit Leichtverletzten,0.0,7.0,0.0,1.0,0.0,0.0,0.0,0.0,0.0,8.459916717000056,49.51858384100007,1.0,,,sonstiger Unfall,Fahrrad,Unfall anderer Art
184392.0,2019,11,8,4,Unfall mit Leichtverletzten,0.0,7.0,0.0,0.0,0.0,1.0,0.0,0.0,1.0,8.469675491000032,49.48294895300006,0.0,,,sonstiger Unfall,"Fußgänger, Tram/Bus (bis 2017 auch LKW)",Unfall anderer Art
184391.0,2019,11,6,4,Unfall mit Leichtverletzten,5.0,5.0,2.0,1.0,1.0,0.0,0.0,0.0,0.0,8.487491153000065,49.46457781500004,1.0,,,Unfall durch ruhenden Verkehr,"Fahrrad, Pkw",Zusammenstoß mit einbiegendem / kreuzendem Fahrzeug
184718.0,2019,11,19,3,Unfall mit Leichtverletzten,6.0,4.0,2.0,0.0,1.0,1.0,0.0,0.0,0.0,8.48878871900007,49.528763817000026,0.0,,,Überschreiten-Unfall,"Pkw, Fußgänger",Zusammenstoß zwischen Fahrzeug und Fußgänger
184166.0,2019,11,15,3,Unfall mit Leichtverletzten,6.0,7.0,0.0,0.0,1.0,1.0,0.0,0.0,0.0,8.479547910000065,49.455237243000056,0.0,,,sonstiger Unfall,"Pkw, Fußgänger",Zusammenstoß zwischen Fahrzeug und Fußgänger
39247.0,2019,11,8,3,Unfall mit Leichtverletzten,5.0,3.0,0.0,1.0,1.0,0.0,0.0,0.0,0.0,8.492334056000061,49.50014118900003,1.0,,,Einbiegen / Kreuzen-Unfall,"Fahrrad, Pkw",Zusammenstoß mit einbiegendem / kreuzendem Fahrzeug
184434.0,2019,11,7,3,Unfall mit Leichtverletzten,6.0,2.0,0.0,0.0,1.0,1.0,0.0,0.0,0.0,8.50719226900003,49.50515946300004,0.0,,,Abbiegeunfall,"Pkw, Fußgänger",Zusammenstoß zwischen Fahrzeug und Fußgänger
184719.0,2019,11,6,3,Unfall mit Leichtverletzten,5.0,3.0,2.0,1.0,1.0,0.0,0.0,0.0,0.0,8.477620942000044,49.48430548500005,1.0,,,Einbiegen / Kreuzen-Unfall,"Fahrrad, Pkw",Zusammenstoß mit einbiegendem / kreuzendem Fahrzeug
184768.0,2019,11,13,2,Unfall mit Getöteten,5.0,3.0,0.0,1.0,0.0,0.0,0.0,0.0,1.0,8.48168531500005,49.455858481000064,1.0,"18.11.2019: Nach einem Unfall mit einer Straßenbahn in Mannheim ist eine Fahrradfahrerin am Montag ihren schweren Verletzungen im Krankenhaus erlegen. Wie die Polizei mitteilte, kollidierte die 76-Jährige gegen 13.15 Uhr kurz vor der Haltestelle Rheingoldplatz in der Steubenstraße mit der Tram. Sie soll nach ersten Ermittlungen den dortigen Gleisbereich aus Richtung Sentastraße kommend überquert haben. Die Straßenbahn, die die Steubenstraße in Richtung Rheingoldplatz befuhr, soll sie dabei frontal erfasst haben.",Neckarau,Einbiegen / Kreuzen-Unfall,"Fahrrad, Tram/Bus (bis 2017 auch LKW)",Zusammenstoß mit einbiegendem / kreuzendem Fahrzeug
184212.0,2019,11,10,2,Unfall mit Schwerverletzten,5.0,3.0,0.0,1.0,1.0,0.0,0.0,0.0,0.0,8.481075580000038,49.456817871000055,1.0,,,Einbiegen / Kreuzen-Unfall,"Fahrrad, Pkw",Zusammenstoß mit einbiegendem / kreuzendem Fahrzeug
38262.0,2019,11,6,2,Unfall mit Schwerverletzten,6.0,4.0,2.0,0.0,1.0,1.0,0.0,0.0,0.0,8.488089435000063,49.47615117200007,0.0,,,Überschreiten-Unfall,"Pkw, Fußgänger",Zusammenstoß zwischen Fahrzeug und Fußgänger
184463.0,2019,11,6,2,Unfall mit Leichtverletzten,2.0,2.0,2.0,1.0,1.0,0.0,0.0,0.0,0.0,8.453495823000026,49.536050467000045,1.0,,,Abbiegeunfall,"Fahrrad, Pkw",Zusammenstoß mit vorausfahrendem / wartendem Fahrzeug
184484.0,2019,11,13,1,Unfall mit Leichtverletzten,3.0,7.0,0.0,1.0,1.0,0.0,0.0,0.0,1.0,8.464588665000065,49.48922712600007,1.0,,,sonstiger Unfall,"Fahrrad, Pkw, Tram/Bus (bis 2017 auch LKW)",Zusammenstoß mit seitlich in gleicher Richtung fahrendem Fahrzeug
184258.0,2019,11,2,1,Unfall mit Leichtverletzten,6.0,2.0,2.0,0.0,1.0,1.0,0.0,0.0,0.0,8.466854411000043,49.49954039100004,0.0,,,Abbiegeunfall,"Pkw, Fußgänger",Zusammenstoß zwischen Fahrzeug und Fußgänger
182797.0,2019,10,19,7,Unfall mit Leichtverletzten,0.0,4.0,1.0,0.0,1.0,1.0,0.0,0.0,0.0,8.465739628000051,49.48877224300002,0.0,,,Überschreiten-Unfall,"Pkw, Fußgänger",Unfall anderer Art
183023.0,2019,10,13,7,Unfall mit Leichtverletzten,0.0,7.0,0.0,1.0,0.0,0.0,0.0,0.0,0.0,8.467937299000027,49.52951918900004,1.0,,,sonstiger Unfall,Fahrrad,Unfall anderer Art
182820.0,2019,10,20,6,Unfall mit Leichtverletzten,6.0,7.0,2.0,0.0,0.0,1.0,0.0,0.0,1.0,8.466415654000059,49.48767885900003,0.0,,,sonstiger Unfall,"Fußgänger, Tram/Bus (bis 2017 auch LKW)",Zusammenstoß zwischen Fahrzeug und Fußgänger
183432.0,2019,10,20,6,Unfall mit Leichtverletzten,2.0,6.0,2.0,1.0,1.0,0.0,0.0,0.0,0.0,8.53824725100003,49.45547690000007,1.0,,,Unfall im Längsverkehr,"Fahrrad, Pkw",Zusammenstoß mit vorausfahrendem / wartendem Fahrzeug
36673.0,2019,10,19,6,Unfall mit Leichtverletzten,3.0,2.0,1.0,1.0,1.0,0.0,0.0,0.0,0.0,8.482210124000062,49.47411044500007,1.0,,,Abbiegeunfall,"Fahrrad, Pkw",Zusammenstoß mit seitlich in gleicher Richtung fahrendem Fahrzeug