OBJECTID,UJAHR,UMONAT,USTUNDE,UWOCHENTAG,UKATEGORIE,UART,UTYP1,ULICHTVERH,IstRad,IstPKW,IstFuss,IstKrad,IstGkfz,IstSonstige,Longitude,Latitude,IstRadBetroffen,Kommentar,Stadtteil,typ,involved,art
176859.0,2019,5,14,5,Unfall mit Leichtverletzten,5.0,3.0,0.0,1.0,1.0,0.0,0.0,0.0,0.0,8.473045353000032,49.47263189700004,1.0,,,Einbiegen / Kreuzen-Unfall,"Fahrrad, Pkw",Zusammenstoß mit einbiegendem / kreuzendem Fahrzeug
176057.0,2019,5,13,5,Unfall mit Leichtverletzten,5.0,3.0,0.0,1.0,1.0,0.0,0.0,0.0,0.0,8.486105804000033,49.45557964600005,1.0,,,Einbiegen / Kreuzen-Unfall,"Fahrrad, Pkw",Zusammenstoß mit einbiegendem / kreuzendem Fahrzeug
176858.0,2019,5,9,5,Unfall mit Leichtverletzten,4.0,2.0,0.0,1.0,1.0,0.0,0.0,0.0,0.0,8.46408864700004,49.47504442800005,1.0,,,Abbiegeunfall,"Fahrrad, Pkw",Zusammenstoß mit entgegenkommendem Fahrzeug
177099.0,2019,5,15,4,Unfall mit Leichtverletzten,6.0,7.0,0.0,0.0,0.0,1.0,0.0,0.0,1.0,8.467638363000049,49.48904483600006,0.0,,,sonstiger Unfall,"Fußgänger, Tram/Bus (bis 2017 auch LKW)",Zusammenstoß zwischen Fahrzeug und Fußgänger
176694.0,2019,5,13,4,Unfall mit Leichtverletzten,5.0,2.0,0.0,1.0,1.0,0.0,0.0,0.0,0.0,8.504329605000066,49.45682129600005,1.0,,,Abbiegeunfall,"Fahrrad, Pkw",Zusammenstoß mit einbiegendem / kreuzendem Fahrzeug
176924.0,2019,5,7,4,Unfall mit Leichtverletzten,0.0,7.0,0.0,1.0,0.0,0.0,0.0,0.0,0.0,8.516136558000028,49.51497001800004,1.0,,,sonstiger Unfall,Fahrrad,Unfall anderer Art
176449.0,2019,5,20,3,Unfall mit Leichtverletzten,5.0,3.0,1.0,1.0,1.0,0.0,0.0,0.0,0.0,8.492590126000039,49.47850143400007,1.0,,,Einbiegen / Kreuzen-Unfall,"Fahrrad, Pkw",Zusammenstoß mit einbiegendem / kreuzendem Fahrzeug
176499.0,2019,5,15,3,Unfall mit Leichtverletzten,4.0,6.0,0.0,1.0,0.0,0.0,1.0,0.0,0.0,8.494138490000068,49.51289808800004,1.0,,,Unfall im Längsverkehr,"Fahrrad, Kraftrad",Zusammenstoß mit entgegenkommendem Fahrzeug
177146.0,2019,5,12,3,Unfall mit Leichtverletzten,1.0,7.0,0.0,1.0,1.0,0.0,0.0,0.0,0.0,8.510537231000058,49.52740779300007,1.0,,,sonstiger Unfall,"Fahrrad, Pkw",Zusammenstoß mit anfahrendem/ anhaltendem/ ruhendem Fahrzeug
176450.0,2019,5,11,3,Unfall mit Leichtverletzten,0.0,7.0,0.0,1.0,0.0,0.0,0.0,0.0,0.0,8.48124129300004,49.45260683400005,1.0,,,sonstiger Unfall,Fahrrad,Unfall anderer Art
176964.0,2019,5,9,3,Unfall mit Leichtverletzten,5.0,3.0,0.0,1.0,1.0,0.0,0.0,0.0,0.0,8.465011941000057,49.48894780300003,1.0,,,Einbiegen / Kreuzen-Unfall,"Fahrrad, Pkw",Zusammenstoß mit einbiegendem / kreuzendem Fahrzeug
176495.0,2019,5,5,3,Unfall mit Leichtverletzten,4.0,3.0,0.0,1.0,0.0,0.0,0.0,0.0,0.0,8.471593910000024,49.50026410700008,1.0,,,Einbiegen / Kreuzen-Unfall,Fahrrad,Zusammenstoß mit entgegenkommendem Fahrzeug
176223.0,2019,5,18,2,Unfall mit Leichtverletzten,5.0,3.0,0.0,1.0,1.0,0.0,0.0,0.0,0.0,8.476791109000033,49.47795431200007,1.0,,,Einbiegen / Kreuzen-Unfall,"Fahrrad, Pkw",Zusammenstoß mit einbiegendem / kreuzendem Fahrzeug
177198.0,2019,5,18,2,Unfall mit Leichtverletzten,5.0,3.0,0.0,1.0,1.0,0.0,0.0,0.0,0.0,8.48934581800006,49.45640344600008,1.0,,,Einbiegen / Kreuzen-Unfall,"Fahrrad, Pkw",Zusammenstoß mit einbiegendem / kreuzendem Fahrzeug
176041.0,2019,5,13,2,Unfall mit Leichtverletzten,5.0,3.0,0.0,1.0,1.0,0.0,0.0,0.0,0.0,8.558319925000035,49.46623414500005,1.0,,,Einbiegen / Kreuzen-Unfall,"Fahrrad, Pkw",Zusammenstoß mit einbiegendem / kreuzendem Fahrzeug
176159.0,2019,5,11,2,Unfall mit Leichtverletzten,5.0,7.0,0.0,1.0,1.0,0.0,0.0,0.0,0.0,8.471585334000054,49.47210003300006,1.0,,,sonstiger Unfall,"Fahrrad, Pkw",Zusammenstoß mit einbiegendem / kreuzendem Fahrzeug
176485.0,2019,5,10,2,Unfall mit Leichtverletzten,5.0,2.0,0.0,1.0,1.0,0.0,0.0,0.0,0.0,8.456498932000045,49.55121926500004,1.0,,,Abbiegeunfall,"Fahrrad, Pkw",Zusammenstoß mit einbiegendem / kreuzendem Fahrzeug
177199.0,2019,5,7,2,Unfall mit Leichtverletzten,6.0,6.0,0.0,1.0,0.0,1.0,0.0,0.0,0.0,8.539236501000062,49.484231582000064,1.0,,,Unfall im Längsverkehr,"Fahrrad, Fußgänger",Zusammenstoß zwischen Fahrzeug und Fußgänger
175955.0,2019,5,6,2,Unfall mit Leichtverletzten,5.0,3.0,0.0,1.0,1.0,0.0,0.0,0.0,0.0,8.457200981000028,49.49421958700003,1.0,,,Einbiegen / Kreuzen-Unfall,"Fahrrad, Pkw",Zusammenstoß mit einbiegendem / kreuzendem Fahrzeug
177237.0,2019,5,9,1,Unfall mit Leichtverletzten,5.0,2.0,0.0,1.0,1.0,0.0,0.0,0.0,0.0,8.508367314000054,49.51314898600003,1.0,,,Abbiegeunfall,"Fahrrad, Pkw",Zusammenstoß mit einbiegendem / kreuzendem Fahrzeug
176540.0,2019,5,0,1,Unfall mit Leichtverletzten,0.0,7.0,2.0,0.0,0.0,1.0,0.0,0.0,1.0,8.464127765000057,49.487995313000056,0.0,,,sonstiger Unfall,"Fußgänger, Tram/Bus (bis 2017 auch LKW)",Unfall anderer Art
175393.0,2019,4,15,6,Unfall mit Leichtverletzten,5.0,3.0,0.0,1.0,1.0,0.0,0.0,0.0,0.0,8.474937125000054,49.472766714000045,1.0,,,Einbiegen / Kreuzen-Unfall,"Fahrrad, Pkw",Zusammenstoß mit einbiegendem / kreuzendem Fahrzeug
175392.0,2019,4,11,6,Unfall mit Leichtverletzten,5.0,2.0,0.0,1.0,1.0,0.0,0.0,0.0,0.0,8.50287164100007,49.45803358800004,1.0,,,Abbiegeunfall,"Fahrrad, Pkw",Zusammenstoß mit einbiegendem / kreuzendem Fahrzeug
175744.0,2019,4,20,5,Unfall mit Leichtverletzten,0.0,1.0,1.0,1.0,0.0,0.0,0.0,0.0,0.0,8.464406791000044,49.50109400900004,1.0,,,Fahrunfall,Fahrrad,Unfall anderer Art
175198.0,2019,4,11,5,Unfall mit Leichtverletzten,5.0,3.0,0.0,1.0,1.0,0.0,0.0,0.0,0.0,8.486095646000024,49.45558192200008,1.0,,,Einbiegen / Kreuzen-Unfall,"Fahrrad, Pkw",Zusammenstoß mit einbiegendem / kreuzendem Fahrzeug
175742.0,2019,4,8,5,Unfall mit Leichtverletzten,5.0,2.0,0.0,1.0,1.0,0.0,0.0,0.0,0.0,8.511667103000036,49.47763143900005,1.0,,,Abbiegeunfall,"Fahrrad, Pkw",Zusammenstoß mit einbiegendem / kreuzendem Fahrzeug
174948.0,2019,4,18,4,Unfall mit Leichtverletzten,6.0,4.0,0.0,0.0,1.0,1.0,0.0,0.0,0.0,8.467970729000058,49.54420647300003,0.0,,,Überschreiten-Unfall,"Pkw, Fußgänger",Zusammenstoß zwischen Fahrzeug und Fußgänger
175796.0,2019,4,15,4,Unfall mit Leichtverletzten,5.0,3.0,0.0,1.0,1.0,0.0,0.0,0.0,0.0,8.464787285000057,49.48598932600004,1.0,,,Einbiegen / Kreuzen-Unfall,"Fahrrad, Pkw",Zusammenstoß mit einbiegendem / kreuzendem Fahrzeug
175795.0,2019,4,11,4,Unfall mit Leichtverletzten,5.0,3.0,0.0,1.0,1.0,0.0,0.0,0.0,0.0,8.458306734000075,49.54586303200006,1.0,,,Einbiegen / Kreuzen-Unfall,"Fahrrad, Pkw",Zusammenstoß mit einbiegendem / kreuzendem Fahrzeug
175267.0,2019,4,16,3,Unfall mit Leichtverletzten,0.0,1.0,0.0,1.0,0.0,0.0,0.0,0.0,0.0,8.448317736000035,49.50749373000008,1.0,,,Fahrunfall,Fahrrad,Unfall anderer Art
174996.0,2019,4,15,3,Unfall mit Schwerverletzten,0.0,7.0,0.0,1.0,0.0,0.0,0.0,0.0,0.0,8.487929707000035,49.45862239400003,1.0,,,sonstiger Unfall,Fahrrad,Unfall anderer Art
26631.0,2019,4,8,3,Unfall mit Leichtverletzten,6.0,4.0,0.0,0.0,1.0,1.0,0.0,0.0,0.0,8.512131814000043,49.50756863600003,0.0,,,Überschreiten-Unfall,"Pkw, Fußgänger",Zusammenstoß zwischen Fahrzeug und Fußgänger
26678.0,2019,4,6,3,Unfall mit Leichtverletzten,5.0,3.0,1.0,1.0,1.0,0.0,0.0,0.0,0.0,8.488224729000024,49.497634825000034,1.0,,,Einbiegen / Kreuzen-Unfall,"Fahrrad, Pkw",Zusammenstoß mit einbiegendem / kreuzendem Fahrzeug
174997.0,2019,4,1,3,Unfall mit Schwerverletzten,6.0,1.0,2.0,0.0,1.0,1.0,0.0,0.0,0.0,8.461596893000035,49.50254173200005,0.0,,,Fahrunfall,"Pkw, Fußgänger",Zusammenstoß zwischen Fahrzeug und Fußgänger
27600.0,2019,4,17,2,Unfall mit Leichtverletzten,5.0,3.0,0.0,1.0,1.0,0.0,0.0,0.0,0.0,8.475183901000037,49.48523950400005,1.0,,,Einbiegen / Kreuzen-Unfall,"Fahrrad, Pkw",Zusammenstoß mit einbiegendem / kreuzendem Fahrzeug
26171.0,2019,4,16,1,Unfall mit Getöteten,5.0,3.0,0.0,1.0,1.0,0.0,0.0,0.0,0.0,8.462886815000047,49.48452370200005,1.0,Radfahrer quert unter Missachtung des Rotlichts der Fußgänger-LSA die Bismarckstraße von Nord (Kurpfalzstraße) nach Süd (Schloss) und wird auf der Nordfahrbahn von einem Pkw erfasst. Der Radfahrende verstirbt wenige Tage später im Krankenhaus.,Innenstadt,Einbiegen / Kreuzen-Unfall,"Fahrrad, Pkw",Zusammenstoß mit einbiegendem / kreuzendem Fahrzeug
175619.0,2019,4,14,1,Unfall mit Leichtverletzten,5.0,3.0,0.0,1.0,1.0,0.0,0.0,0.0,0.0,8.48833552900004,49.49753123200002,1.0,,,Einbiegen / Kreuzen-Unfall,"Fahrrad, Pkw",Zusammenstoß mit einbiegendem / kreuzendem Fahrzeug
175897.0,2019,4,9,1,Unfall mit Leichtverletzten,6.0,2.0,0.0,0.0,1.0,1.0,0.0,0.0,0.0,8.576417654000068,49.43926310200004,0.0,,,Abbiegeunfall,"Pkw, Fußgänger",Zusammenstoß zwischen Fahrzeug und Fußgänger
25537.0,2019,3,14,7,Unfall mit Leichtverletzten,6.0,4.0,0.0,0.0,0.0,1.0,1.0,0.0,0.0,8.460115289000044,49.50338208100004,0.0,,,Überschreiten-Unfall,"Fußgänger, Kraftrad",Zusammenstoß zwischen Fahrzeug und Fußgänger
174604.0,2019,3,5,7,Unfall mit Leichtverletzten,5.0,3.0,2.0,1.0,1.0,0.0,0.0,0.0,0.0,8.490694743000063,49.52228338500004,1.0,,,Einbiegen / Kreuzen-Unfall,"Fahrrad, Pkw",Zusammenstoß mit einbiegendem / kreuzendem Fahrzeug
174900.0,2019,3,16,6,Unfall mit Schwerverletzten,3.0,2.0,0.0,1.0,0.0,0.0,0.0,0.0,0.0,8.521181924000075,49.51651216000005,1.0,,,Abbiegeunfall,Fahrrad,Zusammenstoß mit seitlich in gleicher Richtung fahrendem Fahrzeug
175163.0,2019,3,11,6,Unfall mit Leichtverletzten,6.0,2.0,0.0,0.0,1.0,1.0,0.0,0.0,0.0,8.511010750000025,49.526031027000045,0.0,,,Abbiegeunfall,"Pkw, Fußgänger",Zusammenstoß zwischen Fahrzeug und Fußgänger
174630.0,2019,3,10,6,Unfall mit Schwerverletzten,6.0,4.0,0.0,0.0,0.0,1.0,0.0,0.0,1.0,8.461335235000035,49.48957937900008,0.0,,,Überschreiten-Unfall,"Fußgänger, Tram/Bus (bis 2017 auch LKW)",Zusammenstoß zwischen Fahrzeug und Fußgänger
173951.0,2019,3,9,6,Unfall mit Leichtverletzten,5.0,3.0,0.0,1.0,1.0,0.0,0.0,0.0,0.0,8.470858705000069,49.50199377900003,1.0,,,Einbiegen / Kreuzen-Unfall,"Fahrrad, Pkw",Zusammenstoß mit einbiegendem / kreuzendem Fahrzeug
175162.0,2019,3,8,6,Unfall mit Leichtverletzten,0.0,7.0,0.0,1.0,0.0,0.0,0.0,1.0,0.0,8.468758299000058,49.49178656300006,1.0,,,sonstiger Unfall,"Fahrrad, LKW",Unfall anderer Art
175161.0,2019,3,7,6,Unfall mit Leichtverletzten,1.0,5.0,0.0,1.0,1.0,0.0,0.0,0.0,0.0,8.537577846000033,49.50775488800008,1.0,,,Unfall durch ruhenden Verkehr,"Fahrrad, Pkw",Zusammenstoß mit anfahrendem/ anhaltendem/ ruhendem Fahrzeug
174341.0,2019,3,15,5,Unfall mit Leichtverletzten,1.0,5.0,0.0,1.0,1.0,0.0,0.0,0.0,0.0,8.46868448600003,49.53187213700005,1.0,,,Unfall durch ruhenden Verkehr,"Fahrrad, Pkw",Zusammenstoß mit anfahrendem/ anhaltendem/ ruhendem Fahrzeug
174424.0,2019,3,15,5,Unfall mit Leichtverletzten,5.0,3.0,0.0,1.0,0.0,0.0,1.0,0.0,0.0,8.495037116000049,49.453831283000056,1.0,,,Einbiegen / Kreuzen-Unfall,"Fahrrad, Kraftrad",Zusammenstoß mit einbiegendem / kreuzendem Fahrzeug
174343.0,2019,3,11,5,Unfall mit Leichtverletzten,6.0,4.0,0.0,0.0,0.0,1.0,0.0,1.0,0.0,8.559370761000025,49.46489940800007,0.0,,,Überschreiten-Unfall,"Fußgänger, LKW",Zusammenstoß zwischen Fahrzeug und Fußgänger
174689.0,2019,3,9,5,Unfall mit Leichtverletzten,5.0,2.0,0.0,1.0,1.0,0.0,0.0,0.0,0.0,8.49167141700002,49.49692124000006,1.0,,,Abbiegeunfall,"Fahrrad, Pkw",Zusammenstoß mit einbiegendem / kreuzendem Fahrzeug
174342.0,2019,3,8,5,Unfall mit Leichtverletzten,6.0,7.0,0.0,0.0,1.0,1.0,0.0,0.0,0.0,8.537678964000065,49.513871996000034,0.0,,,sonstiger Unfall,"Pkw, Fußgänger",Zusammenstoß zwischen Fahrzeug und Fußgänger
25038.0,2019,3,6,5,Unfall mit Leichtverletzten,5.0,2.0,2.0,1.0,1.0,0.0,0.0,0.0,0.0,8.48893602000004,49.52884941000008,1.0,,,Abbiegeunfall,"Fahrrad, Pkw",Zusammenstoß mit einbiegendem / kreuzendem Fahrzeug
174368.0,2019,3,19,4,Unfall mit Leichtverletzten,0.0,1.0,2.0,1.0,0.0,0.0,0.0,0.0,0.0,8.446336546000055,49.54668964600006,1.0,,,Fahrunfall,Fahrrad,Unfall anderer Art
174470.0,2019,3,19,4,Unfall mit Leichtverletzten,0.0,7.0,2.0,1.0,0.0,0.0,0.0,0.0,0.0,8.466113728000039,49.48765350200006,1.0,,,sonstiger Unfall,Fahrrad,Unfall anderer Art
174723.0,2019,3,17,4,Unfall mit Leichtverletzten,6.0,4.0,0.0,0.0,1.0,1.0,0.0,0.0,0.0,8.512016092000067,49.507468327000026,0.0,,,Überschreiten-Unfall,"Pkw, Fußgänger",Zusammenstoß zwischen Fahrzeug und Fußgänger
25968.0,2019,3,14,4,Unfall mit Schwerverletzten,5.0,6.0,0.0,1.0,0.0,0.0,1.0,0.0,0.0,8.481091454000023,49.53872515700005,1.0,,,Unfall im Längsverkehr,"Fahrrad, Kraftrad",Zusammenstoß mit einbiegendem / kreuzendem Fahrzeug
174371.0,2019,3,12,4,Unfall mit Leichtverletzten,6.0,4.0,0.0,0.0,0.0,1.0,0.0,1.0,0.0,8.47056884400007,49.47652198100008,0.0,,,Überschreiten-Unfall,"Fußgänger, LKW",Zusammenstoß zwischen Fahrzeug und Fußgänger
174211.0,2019,3,16,3,Unfall mit Leichtverletzten,5.0,5.0,0.0,1.0,1.0,0.0,0.0,0.0,0.0,8.449743539000053,49.509917941000026,1.0,,,Unfall durch ruhenden Verkehr,"Fahrrad, Pkw",Zusammenstoß mit einbiegendem / kreuzendem Fahrzeug
174771.0,2019,3,16,3,Unfall mit Leichtverletzten,0.0,3.0,0.0,1.0,1.0,0.0,0.0,0.0,0.0,8.47627110600007,49.48871565000008,1.0,,,Einbiegen / Kreuzen-Unfall,"Fahrrad, Pkw",Unfall anderer Art
174515.0,2019,3,15,3,Unfall mit Leichtverletzten,3.0,5.0,0.0,1.0,1.0,0.0,0.0,0.0,0.0,8.470846162000043,49.48485833600006,1.0,,,Unfall durch ruhenden Verkehr,"Fahrrad, Pkw",Zusammenstoß mit seitlich in gleicher Richtung fahrendem Fahrzeug
174213.0,2019,3,12,3,Unfall mit Leichtverletzten,0.0,2.0,0.0,1.0,1.0,0.0,0.0,0.0,0.0,8.475648350000029,49.46480791800008,1.0,,,Abbiegeunfall,"Fahrrad, Pkw",Unfall anderer Art
174247.0,2019,3,16,2,Unfall mit Leichtverletzten,0.0,7.0,0.0,1.0,0.0,0.0,0.0,0.0,0.0,8.468209476000027,49.51157576100008,1.0,,,sonstiger Unfall,Fahrrad,Unfall anderer Art
25300.0,2019,3,13,2,Unfall mit Leichtverletzten,6.0,4.0,0.0,0.0,0.0,1.0,0.0,0.0,1.0,8.484306510000067,49.493925528000034,0.0,,,Überschreiten-Unfall,"Fußgänger, Tram/Bus (bis 2017 auch LKW)",Zusammenstoß zwischen Fahrzeug und Fußgänger
175074.0,2019,3,9,1,Unfall mit Leichtverletzten,3.0,6.0,0.0,1.0,1.0,0.0,0.0,0.0,0.0,8.528012603000036,49.48737261500003,1.0,,,Unfall im Längsverkehr,"Fahrrad, Pkw",Zusammenstoß mit seitlich in gleicher Richtung fahrendem Fahrzeug
173769.0,2019,2,22,6,Unfall mit Schwerverletzten,6.0,7.0,2.0,0.0,0.0,1.0,0.0,0.0,1.0,8.466173339000022,49.49142684800007,0.0,,,sonstiger Unfall,"Fußgänger, Tram/Bus (bis 2017 auch LKW)",Zusammenstoß zwischen Fahrzeug und Fußgänger
173613.0,2019,2,19,6,Unfall mit Leichtverletzten,3.0,5.0,2.0,1.0,1.0,0.0,0.0,0.0,0.0,8.470239865000053,49.48703630900008,1.0,,,Unfall durch ruhenden Verkehr,"Fahrrad, Pkw",Zusammenstoß mit seitlich in gleicher Richtung fahrendem Fahrzeug
173497.0,2019,2,18,6,Unfall mit Leichtverletzten,5.0,3.0,2.0,1.0,1.0,0.0,0.0,0.0,0.0,8.492565949000038,49.47851088400006,1.0,,,Einbiegen / Kreuzen-Unfall,"Fahrrad, Pkw",Zusammenstoß mit einbiegendem / kreuzendem Fahrzeug
173498.0,2019,2,15,6,Unfall mit Leichtverletzten,6.0,4.0,0.0,0.0,1.0,1.0,0.0,0.0,0.0,8.463794363000034,49.50117723700004,0.0,,,Überschreiten-Unfall,"Pkw, Fußgänger",Zusammenstoß zwischen Fahrzeug und Fußgänger
22885.0,2019,2,7,6,Unfall mit Leichtverletzten,6.0,4.0,1.0,0.0,0.0,1.0,0.0,0.0,1.0,8.48825344900007,49.49472819900007,0.0,,,Überschreiten-Unfall,"Fußgänger, Tram/Bus (bis 2017 auch LKW)",Zusammenstoß zwischen Fahrzeug und Fußgänger
23032.0,2019,2,7,6,Unfall mit Leichtverletzten,6.0,4.0,2.0,1.0,0.0,1.0,0.0,0.0,0.0,8.491351828000063,49.49963769900006,1.0,,,Überschreiten-Unfall,"Fahrrad, Fußgänger",Zusammenstoß zwischen Fahrzeug und Fußgänger
173499.0,2019,2,7,6,Unfall mit Schwerverletzten,0.0,7.0,1.0,1.0,0.0,0.0,0.0,0.0,0.0,8.52560608400006,49.48785807000007,1.0,,,sonstiger Unfall,Fahrrad,Unfall anderer Art
173752.0,2019,2,19,5,Unfall mit Leichtverletzten,6.0,4.0,2.0,0.0,0.0,1.0,0.0,0.0,1.0,8.471306540000057,49.49762209200002,0.0,,,Überschreiten-Unfall,"Fußgänger, Tram/Bus (bis 2017 auch LKW)",Zusammenstoß zwischen Fahrzeug und Fußgänger
23810.0,2019,2,18,5,Unfall mit Leichtverletzten,6.0,4.0,2.0,0.0,1.0,1.0,0.0,0.0,0.0,8.497067547000029,49.50266330200003,0.0,,,Überschreiten-Unfall,"Pkw, Fußgänger",Zusammenstoß zwischen Fahrzeug und Fußgänger
173539.0,2019,2,17,5,Unfall mit Leichtverletzten,3.0,5.0,2.0,1.0,1.0,0.0,0.0,0.0,0.0,8.50947166900005,49.517103872000064,1.0,,,Unfall durch ruhenden Verkehr,"Fahrrad, Pkw",Zusammenstoß mit seitlich in gleicher Richtung fahrendem Fahrzeug
173861.0,2019,2,15,5,Unfall mit Leichtverletzten,0.0,5.0,0.0,1.0,1.0,0.0,0.0,0.0,0.0,8.489663395000036,49.45104572300005,1.0,,,Unfall durch ruhenden Verkehr,"Fahrrad, Pkw",Unfall anderer Art
173570.0,2019,2,20,4,Unfall mit Leichtverletzten,0.0,2.0,2.0,1.0,1.0,0.0,0.0,0.0,0.0,8.488643514000046,49.49475711600007,1.0,,,Abbiegeunfall,"Fahrrad, Pkw",Unfall anderer Art
173372.0,2019,2,19,4,Unfall mit Schwerverletzten,6.0,7.0,2.0,0.0,1.0,1.0,0.0,0.0,0.0,8.541090784000062,49.50133468200005,0.0,,,sonstiger Unfall,"Pkw, Fußgänger",Zusammenstoß zwischen Fahrzeug und Fußgänger
174011.0,2019,2,17,4,Unfall mit Leichtverletzten,0.0,7.0,0.0,0.0,0.0,1.0,0.0,0.0,1.0,8.509453491000045,49.52944122100007,0.0,,,sonstiger Unfall,"Fußgänger, Tram/Bus (bis 2017 auch LKW)",Unfall anderer Art
24505.0,2019,2,4,4,Unfall mit Schwerverletzten,5.0,3.0,2.0,1.0,1.0,0.0,0.0,0.0,0.0,8.567611644000067,49.43481369700004,1.0,,,Einbiegen / Kreuzen-Unfall,"Fahrrad, Pkw",Zusammenstoß mit einbiegendem / kreuzendem Fahrzeug
173401.0,2019,2,15,3,Unfall mit Leichtverletzten,5.0,3.0,0.0,1.0,1.0,0.0,0.0,0.0,0.0,8.492751955000074,49.47629304600008,1.0,,,Einbiegen / Kreuzen-Unfall,"Fahrrad, Pkw",Zusammenstoß mit einbiegendem / kreuzendem Fahrzeug
173546.0,2019,2,13,3,Unfall mit Schwerverletzten,0.0,4.0,0.0,0.0,0.0,1.0,0.0,0.0,1.0,8.447885024000072,49.54335736000007,0.0,,,Überschreiten-Unfall,"Fußgänger, Tram/Bus (bis 2017 auch LKW)",Unfall anderer Art
173658.0,2019,2,16,2,Unfall mit Leichtverletzten,5.0,3.0,0.0,1.0,1.0,0.0,0.0,0.0,0.0,8.473588712000037,49.49198489400004,1.0,,,Einbiegen / Kreuzen-Unfall,"Fahrrad, Pkw",Zusammenstoß mit einbiegendem / kreuzendem Fahrzeug
23391.0,2019,2,14,2,Unfall mit Schwerverletzten,6.0,4.0,0.0,0.0,1.0,1.0,0.0,0.0,0.0,8.577134002000037,49.44129625600005,0.0,,,Überschreiten-Unfall,"Pkw, Fußgänger",Zusammenstoß zwischen Fahrzeug und Fußgänger
173435.0,2019,2,14,2,Unfall mit Leichtverletzten,3.0,2.0,0.0,1.0,1.0,0.0,0.0,0.0,0.0,8.468774042000064,49.48572865700004,1.0,,,Abbiegeunfall,"Fahrrad, Pkw",Zusammenstoß mit seitlich in gleicher Richtung fahrendem Fahrzeug
173437.0,2019,2,14,2,Unfall mit Leichtverletzten,3.0,2.0,0.0,1.0,0.0,0.0,0.0,0.0,1.0,8.468765354000027,49.48573203400008,1.0,,,Abbiegeunfall,"Fahrrad, Tram/Bus (bis 2017 auch LKW)",Zusammenstoß mit seitlich in gleicher Richtung fahrendem Fahrzeug
173436.0,2019,2,9,2,Unfall mit Leichtverletzten,3.0,6.0,0.0,1.0,0.0,0.0,0.0,0.0,0.0,8.466526781000027,49.486596924000025,1.0,,,Unfall im Längsverkehr,Fahrrad,Zusammenstoß mit seitlich in gleicher Richtung fahrendem Fahrzeug
23474.0,2019,2,8,2,Unfall mit Leichtverletzten,5.0,3.0,0.0,1.0,1.0,0.0,0.0,0.0,0.0,8.485173212000063,49.49397922400004,1.0,,,Einbiegen / Kreuzen-Unfall,"Fahrrad, Pkw",Zusammenstoß mit einbiegendem / kreuzendem Fahrzeug
173434.0,2019,2,7,2,Unfall mit Schwerverletzten,6.0,4.0,0.0,0.0,1.0,1.0,0.0,0.0,0.0,8.44334854300007,49.545019497000055,0.0,,,Überschreiten-Unfall,"Pkw, Fußgänger",Zusammenstoß zwischen Fahrzeug und Fußgänger
172828.0,2019,1,18,7,Unfall mit Leichtverletzten,0.0,1.0,2.0,1.0,0.0,0.0,0.0,0.0,0.0,8.468572083000026,49.474751309000055,1.0,,,Fahrunfall,Fahrrad,Unfall anderer Art
172829.0,2019,1,11,7,Unfall mit Leichtverletzten,6.0,7.0,0.0,0.0,1.0,1.0,0.0,0.0,0.0,8.45994726400005,49.49518528500005,0.0,,,sonstiger Unfall,"Pkw, Fußgänger",Zusammenstoß zwischen Fahrzeug und Fußgänger
172717.0,2019,1,20,6,Unfall mit Schwerverletzten,6.0,7.0,2.0,0.0,1.0,1.0,0.0,0.0,0.0,8.476248290000058,49.54891080400006,0.0,,,sonstiger Unfall,"Pkw, Fußgänger",Zusammenstoß zwischen Fahrzeug und Fußgänger
172354.0,2019,1,18,6,Unfall mit Leichtverletzten,4.0,2.0,2.0,1.0,1.0,0.0,0.0,0.0,0.0,8.516354664000062,49.51362184600004,1.0,,,Abbiegeunfall,"Fahrrad, Pkw",Zusammenstoß mit entgegenkommendem Fahrzeug
172715.0,2019,1,16,6,Unfall mit Leichtverletzten,5.0,3.0,1.0,1.0,1.0,0.0,0.0,0.0,0.0,8.581818265000038,49.43997562900007,1.0,,,Einbiegen / Kreuzen-Unfall,"Fahrrad, Pkw",Zusammenstoß mit einbiegendem / kreuzendem Fahrzeug
172353.0,2019,1,15,6,Unfall mit Leichtverletzten,3.0,6.0,0.0,1.0,0.0,0.0,0.0,0.0,0.0,8.48730045800005,49.50415220900004,1.0,,,Unfall im Längsverkehr,Fahrrad,Zusammenstoß mit seitlich in gleicher Richtung fahrendem Fahrzeug
21866.0,2019,1,21,5,Unfall mit Leichtverletzten,6.0,4.0,2.0,1.0,0.0,1.0,0.0,0.0,0.0,8.487019678000024,49.49626100000006,1.0,,,Überschreiten-Unfall,"Fahrrad, Fußgänger",Zusammenstoß zwischen Fahrzeug und Fußgänger
172876.0,2019,1,19,5,Unfall mit Leichtverletzten,0.0,7.0,2.0,1.0,0.0,0.0,0.0,0.0,0.0,8.456623224000055,49.49170436600008,1.0,,,sonstiger Unfall,Fahrrad,Unfall anderer Art