OBJECTID,UJAHR,UMONAT,USTUNDE,UWOCHENTAG,UKATEGORIE,UART,UTYP1,ULICHTVERH,IstRad,IstPKW,IstFuss,IstKrad,IstGkfz,IstSonstige,Longitude,Latitude,IstRadBetroffen,Kommentar,Stadtteil,typ,involved,art
21865.0,2019,1,17,5,Unfall mit Leichtverletzten,5.0,3.0,2.0,1.0,1.0,0.0,0.0,0.0,0.0,8.488198271000044,49.49760413500008,1.0,,,Einbiegen / Kreuzen-Unfall,"Fahrrad, Pkw",Zusammenstoß mit einbiegendem / kreuzendem Fahrzeug
172877.0,2019,1,17,5,Unfall mit Schwerverletzten,5.0,3.0,2.0,1.0,1.0,0.0,0.0,0.0,0.0,8.480226233000053,49.49921517100007,1.0,,,Einbiegen / Kreuzen-Unfall,"Fahrrad, Pkw",Zusammenstoß mit einbiegendem / kreuzendem Fahrzeug
172376.0,2019,1,12,5,Unfall mit Leichtverletzten,5.0,3.0,0.0,1.0,1.0,0.0,0.0,0.0,0.0,8.486139559000037,49.52641647100006,1.0,,,Einbiegen / Kreuzen-Unfall,"Fahrrad, Pkw",Zusammenstoß mit einbiegendem / kreuzendem Fahrzeug
172377.0,2019,1,12,5,Unfall mit Leichtverletzten,6.0,2.0,0.0,0.0,1.0,1.0,0.0,0.0,0.0,8.475582545000066,49.47989558200004,0.0,,,Abbiegeunfall,"Pkw, Fußgänger",Zusammenstoß zwischen Fahrzeug und Fußgänger
22160.0,2019,1,11,5,Unfall mit Schwerverletzten,6.0,2.0,0.0,0.0,1.0,1.0,0.0,0.0,0.0,8.488801051000053,49.52875736000004,0.0,,,Abbiegeunfall,"Pkw, Fußgänger",Zusammenstoß zwischen Fahrzeug und Fußgänger
173073.0,2019,1,11,5,Unfall mit Leichtverletzten,6.0,7.0,0.0,0.0,1.0,1.0,0.0,0.0,0.0,8.448464048000062,49.542827731000045,0.0,,,sonstiger Unfall,"Pkw, Fußgänger",Zusammenstoß zwischen Fahrzeug und Fußgänger
22344.0,2019,1,6,5,Unfall mit Leichtverletzten,5.0,3.0,2.0,1.0,1.0,0.0,0.0,0.0,0.0,8.547032439000077,49.51339989300004,1.0,,,Einbiegen / Kreuzen-Unfall,"Fahrrad, Pkw",Zusammenstoß mit einbiegendem / kreuzendem Fahrzeug
22870.0,2019,1,17,4,Unfall mit Leichtverletzten,1.0,5.0,0.0,1.0,1.0,0.0,0.0,0.0,0.0,8.474681413000042,49.484657156000026,1.0,,,Unfall durch ruhenden Verkehr,"Fahrrad, Pkw",Zusammenstoß mit anfahrendem/ anhaltendem/ ruhendem Fahrzeug
172400.0,2019,1,14,4,Unfall mit Leichtverletzten,0.0,4.0,0.0,0.0,0.0,1.0,0.0,0.0,1.0,8.473657093000043,49.48373805900008,0.0,,,Überschreiten-Unfall,"Fußgänger, Tram/Bus (bis 2017 auch LKW)",Unfall anderer Art
172586.0,2019,1,12,4,Unfall mit Leichtverletzten,5.0,3.0,0.0,1.0,1.0,0.0,0.0,0.0,0.0,8.479029384000057,49.482016833000046,1.0,,,Einbiegen / Kreuzen-Unfall,"Fahrrad, Pkw",Zusammenstoß mit einbiegendem / kreuzendem Fahrzeug
173277.0,2019,1,19,3,Unfall mit Leichtverletzten,0.0,7.0,2.0,1.0,0.0,0.0,0.0,0.0,0.0,8.498729569000034,49.478196282000056,1.0,,,sonstiger Unfall,Fahrrad,Unfall anderer Art
172543.0,2019,1,16,2,Unfall mit Leichtverletzten,6.0,4.0,1.0,0.0,1.0,1.0,0.0,0.0,0.0,8.500395112000035,49.53042751100002,0.0,,,Überschreiten-Unfall,"Pkw, Fußgänger",Zusammenstoß zwischen Fahrzeug und Fußgänger
172960.0,2019,1,16,2,Unfall mit Leichtverletzten,5.0,3.0,0.0,1.0,1.0,0.0,0.0,0.0,0.0,8.481251901000064,49.47962808200003,1.0,,,Einbiegen / Kreuzen-Unfall,"Fahrrad, Pkw",Zusammenstoß mit einbiegendem / kreuzendem Fahrzeug
,2018,12,14,7,Unfall mit Schwerverletzten,6.0,4.0,0.0,0.0,0.0,1.0,0.0,0.0,,8.491001117000053,49.49959747300005,0.0,,,Überschreiten-Unfall,Fußgänger,Zusammenstoß zwischen Fahrzeug und Fußgänger
,2018,12,5,7,Unfall mit Leichtverletzten,6.0,7.0,2.0,0.0,0.0,1.0,0.0,0.0,,8.47142850900002,49.50006326000005,0.0,,,sonstiger Unfall,Fußgänger,Zusammenstoß zwischen Fahrzeug und Fußgänger
,2018,12,2,7,Unfall mit Leichtverletzten,0.0,4.0,2.0,0.0,0.0,1.0,1.0,0.0,,8.473384572000043,49.48389392300004,0.0,,,Überschreiten-Unfall,"Fußgänger, Kraftrad",Unfall anderer Art
,2018,12,19,6,Unfall mit Leichtverletzten,0.0,4.0,2.0,1.0,0.0,1.0,0.0,0.0,,8.465660411000044,49.48693219300003,1.0,,,Überschreiten-Unfall,"Fahrrad, Fußgänger",Unfall anderer Art
,2018,12,18,6,Unfall mit Leichtverletzten,6.0,2.0,2.0,0.0,1.0,1.0,0.0,0.0,,8.46921390600005,49.48853373800006,0.0,,,Abbiegeunfall,"Pkw, Fußgänger",Zusammenstoß zwischen Fahrzeug und Fußgänger
,2018,12,16,6,Unfall mit Schwerverletzten,6.0,4.0,1.0,0.0,1.0,1.0,0.0,0.0,,8.478067561000046,49.49010330800007,0.0,,,Überschreiten-Unfall,"Pkw, Fußgänger",Zusammenstoß zwischen Fahrzeug und Fußgänger
,2018,12,15,6,Unfall mit Leichtverletzten,5.0,2.0,0.0,1.0,1.0,0.0,0.0,0.0,,8.481347864000043,49.481985337000026,1.0,,,Abbiegeunfall,"Fahrrad, Pkw",Zusammenstoß mit einbiegendem / kreuzendem Fahrzeug
,2018,12,5,6,Unfall mit Schwerverletzten,0.0,7.0,2.0,1.0,0.0,0.0,0.0,0.0,,8.502178865000076,49.46277544600008,1.0,,,sonstiger Unfall,Fahrrad,Unfall anderer Art
,2018,12,5,6,Unfall mit Leichtverletzten,5.0,2.0,2.0,1.0,1.0,0.0,0.0,0.0,,8.466916901000047,49.48830884300003,1.0,,,Abbiegeunfall,"Fahrrad, Pkw",Zusammenstoß mit einbiegendem / kreuzendem Fahrzeug
,2018,12,15,5,Unfall mit Schwerverletzten,6.0,4.0,0.0,0.0,1.0,1.0,0.0,0.0,,8.531531995000023,49.50756714400006,0.0,,,Überschreiten-Unfall,"Pkw, Fußgänger",Zusammenstoß zwischen Fahrzeug und Fußgänger
,2018,12,12,5,Unfall mit Leichtverletzten,5.0,2.0,0.0,1.0,1.0,0.0,0.0,0.0,,8.457593150000037,49.54895834500008,1.0,,,Abbiegeunfall,"Fahrrad, Pkw",Zusammenstoß mit einbiegendem / kreuzendem Fahrzeug
,2018,12,17,4,Unfall mit Schwerverletzten,5.0,5.0,2.0,1.0,1.0,0.0,0.0,0.0,,8.503859853000051,49.50241580300008,1.0,,,Unfall durch ruhenden Verkehr,"Fahrrad, Pkw",Zusammenstoß mit einbiegendem / kreuzendem Fahrzeug
,2018,12,16,3,Unfall mit Leichtverletzten,5.0,3.0,0.0,1.0,1.0,0.0,0.0,0.0,,8.492252514000029,49.478634191000026,1.0,,,Einbiegen / Kreuzen-Unfall,"Fahrrad, Pkw",Zusammenstoß mit einbiegendem / kreuzendem Fahrzeug
,2018,12,10,3,Unfall mit Leichtverletzten,3.0,5.0,0.0,1.0,1.0,0.0,0.0,0.0,,8.471198521000076,49.48827126700007,1.0,,,Unfall durch ruhenden Verkehr,"Fahrrad, Pkw",Zusammenstoß mit seitlich in gleicher Richtung fahrendem Fahrzeug
,2018,12,7,3,Unfall mit Leichtverletzten,3.0,6.0,2.0,1.0,1.0,0.0,0.0,0.0,,8.454750017000038,49.52612669800004,1.0,,,Unfall im Längsverkehr,"Fahrrad, Pkw",Zusammenstoß mit seitlich in gleicher Richtung fahrendem Fahrzeug
,2018,12,19,2,Unfall mit Leichtverletzten,5.0,2.0,0.0,0.0,1.0,1.0,0.0,0.0,,8.461208154000076,49.48865620800007,0.0,,,Abbiegeunfall,"Pkw, Fußgänger",Zusammenstoß mit einbiegendem / kreuzendem Fahrzeug
,2018,12,18,2,Unfall mit Leichtverletzten,6.0,4.0,2.0,1.0,0.0,1.0,0.0,0.0,,8.476793518000022,49.50342962900004,1.0,,,Überschreiten-Unfall,"Fahrrad, Fußgänger",Zusammenstoß zwischen Fahrzeug und Fußgänger
,2018,12,15,2,Unfall mit Leichtverletzten,1.0,5.0,0.0,1.0,1.0,0.0,0.0,0.0,,8.489122853000026,49.456245567000046,1.0,,,Unfall durch ruhenden Verkehr,"Fahrrad, Pkw",Zusammenstoß mit anfahrendem/ anhaltendem/ ruhendem Fahrzeug
,2018,12,10,2,Unfall mit Leichtverletzten,6.0,7.0,0.0,0.0,1.0,1.0,0.0,0.0,,8.448094682000033,49.542817856000056,0.0,,,sonstiger Unfall,"Pkw, Fußgänger",Zusammenstoß zwischen Fahrzeug und Fußgänger
,2018,12,10,2,Unfall mit Schwerverletzten,0.0,3.0,0.0,1.0,1.0,0.0,0.0,0.0,,8.464231450000057,49.48191260200008,1.0,,,Einbiegen / Kreuzen-Unfall,"Fahrrad, Pkw",Unfall anderer Art
,2018,11,18,7,Unfall mit Leichtverletzten,6.0,4.0,2.0,0.0,1.0,1.0,0.0,0.0,,8.476764476000028,49.50839955000004,0.0,,,Überschreiten-Unfall,"Pkw, Fußgänger",Zusammenstoß zwischen Fahrzeug und Fußgänger
,2018,11,14,7,Unfall mit Leichtverletzten,6.0,4.0,0.0,0.0,1.0,1.0,0.0,0.0,,8.470651385000053,49.485052206000034,0.0,,,Überschreiten-Unfall,"Pkw, Fußgänger",Zusammenstoß zwischen Fahrzeug und Fußgänger
,2018,11,3,7,Unfall mit Leichtverletzten,5.0,3.0,2.0,1.0,1.0,0.0,0.0,0.0,,8.48299667300006,49.48146564300004,1.0,,,Einbiegen / Kreuzen-Unfall,"Fahrrad, Pkw",Zusammenstoß mit einbiegendem / kreuzendem Fahrzeug
,2018,11,17,6,Unfall mit Leichtverletzten,6.0,2.0,2.0,0.0,1.0,1.0,0.0,0.0,,8.465026936000072,49.48896398200003,0.0,,,Abbiegeunfall,"Pkw, Fußgänger",Zusammenstoß zwischen Fahrzeug und Fußgänger
,2018,11,15,6,Unfall mit Leichtverletzten,6.0,4.0,0.0,1.0,0.0,1.0,0.0,0.0,,8.467748106000045,49.49068767600005,1.0,,,Überschreiten-Unfall,"Fahrrad, Fußgänger",Zusammenstoß zwischen Fahrzeug und Fußgänger
,2018,11,11,6,Unfall mit Leichtverletzten,1.0,7.0,0.0,1.0,1.0,0.0,0.0,0.0,,8.47061848900006,49.490090346000045,1.0,,,sonstiger Unfall,"Fahrrad, Pkw",Zusammenstoß mit anfahrendem/ anhaltendem/ ruhendem Fahrzeug
,2018,11,8,6,Unfall mit Schwerverletzten,0.0,7.0,0.0,1.0,0.0,0.0,0.0,0.0,,8.473953824000034,49.51802032200004,1.0,,,sonstiger Unfall,Fahrrad,Unfall anderer Art
,2018,11,23,5,Unfall mit Schwerverletzten,6.0,4.0,2.0,0.0,1.0,1.0,0.0,0.0,,8.51983864600004,49.46594249000003,0.0,,,Überschreiten-Unfall,"Pkw, Fußgänger",Zusammenstoß zwischen Fahrzeug und Fußgänger
,2018,11,18,5,Unfall mit Schwerverletzten,1.0,5.0,1.0,1.0,1.0,0.0,0.0,0.0,,8.460109647000024,49.50582067200003,1.0,,,Unfall durch ruhenden Verkehr,"Fahrrad, Pkw",Zusammenstoß mit anfahrendem/ anhaltendem/ ruhendem Fahrzeug
,2018,11,16,5,Unfall mit Leichtverletzten,5.0,3.0,0.0,1.0,1.0,0.0,0.0,0.0,,8.514408397000068,49.45034321500003,1.0,,,Einbiegen / Kreuzen-Unfall,"Fahrrad, Pkw",Zusammenstoß mit einbiegendem / kreuzendem Fahrzeug
,2018,11,8,5,Unfall mit Leichtverletzten,4.0,6.0,0.0,1.0,0.0,0.0,0.0,0.0,,8.487008768000067,49.49648366200007,1.0,,,Unfall im Längsverkehr,Fahrrad,Zusammenstoß mit entgegenkommendem Fahrzeug
,2018,11,7,5,Unfall mit Leichtverletzten,6.0,7.0,0.0,1.0,0.0,1.0,0.0,0.0,,8.478521974000046,49.48057084100003,1.0,,,sonstiger Unfall,"Fahrrad, Fußgänger",Zusammenstoß zwischen Fahrzeug und Fußgänger
,2018,11,22,4,Unfall mit Leichtverletzten,0.0,1.0,2.0,1.0,0.0,0.0,0.0,0.0,,8.479425759000037,49.47532078200004,1.0,,,Fahrunfall,Fahrrad,Unfall anderer Art
,2018,11,17,4,Unfall mit Leichtverletzten,5.0,3.0,2.0,1.0,1.0,0.0,0.0,0.0,,8.487046865000025,49.46318540100003,1.0,,,Einbiegen / Kreuzen-Unfall,"Fahrrad, Pkw",Zusammenstoß mit einbiegendem / kreuzendem Fahrzeug
,2018,11,17,4,Unfall mit Leichtverletzten,1.0,5.0,1.0,1.0,1.0,0.0,0.0,0.0,,8.497441539000022,49.51822988600002,1.0,,,Unfall durch ruhenden Verkehr,"Fahrrad, Pkw",Zusammenstoß mit anfahrendem/ anhaltendem/ ruhendem Fahrzeug
,2018,11,16,4,Unfall mit Leichtverletzten,5.0,3.0,0.0,1.0,1.0,0.0,0.0,0.0,,8.483945622000022,49.49803381300006,1.0,,,Einbiegen / Kreuzen-Unfall,"Fahrrad, Pkw",Zusammenstoß mit einbiegendem / kreuzendem Fahrzeug
,2018,11,17,3,Unfall mit Leichtverletzten,6.0,2.0,2.0,0.0,1.0,1.0,0.0,0.0,,8.491555792000042,49.497861237000045,0.0,,,Abbiegeunfall,"Pkw, Fußgänger",Zusammenstoß zwischen Fahrzeug und Fußgänger
,2018,11,17,3,Unfall mit Leichtverletzten,6.0,4.0,0.0,0.0,1.0,1.0,0.0,0.0,,8.477640730000076,49.49658439400008,0.0,,,Überschreiten-Unfall,"Pkw, Fußgänger",Zusammenstoß zwischen Fahrzeug und Fußgänger
,2018,11,15,3,Unfall mit Leichtverletzten,5.0,3.0,0.0,1.0,1.0,0.0,0.0,0.0,,8.519543309000028,49.51615882700003,1.0,,,Einbiegen / Kreuzen-Unfall,"Fahrrad, Pkw",Zusammenstoß mit einbiegendem / kreuzendem Fahrzeug
,2018,11,7,3,Unfall mit Leichtverletzten,5.0,3.0,1.0,1.0,1.0,0.0,0.0,0.0,,8.463391842000021,49.48962264400007,1.0,,,Einbiegen / Kreuzen-Unfall,"Fahrrad, Pkw",Zusammenstoß mit einbiegendem / kreuzendem Fahrzeug
,2018,11,17,2,Unfall mit Schwerverletzten,6.0,4.0,2.0,0.0,1.0,1.0,0.0,0.0,,8.474991075000048,49.49074207400008,0.0,,,Überschreiten-Unfall,"Pkw, Fußgänger",Zusammenstoß zwischen Fahrzeug und Fußgänger
,2018,11,17,2,Unfall mit Leichtverletzten,4.0,6.0,1.0,1.0,0.0,0.0,0.0,0.0,,8.464468844000066,49.531656447000046,1.0,,,Unfall im Längsverkehr,Fahrrad,Zusammenstoß mit entgegenkommendem Fahrzeug
,2018,11,16,2,Unfall mit Schwerverletzten,6.0,7.0,0.0,0.0,0.0,1.0,0.0,0.0,,8.470499202000042,49.492416154000075,0.0,,,sonstiger Unfall,Fußgänger,Zusammenstoß zwischen Fahrzeug und Fußgänger
,2018,11,9,2,Unfall mit Leichtverletzten,5.0,3.0,0.0,1.0,1.0,0.0,0.0,0.0,,8.492341507000049,49.500145159000056,1.0,,,Einbiegen / Kreuzen-Unfall,"Fahrrad, Pkw",Zusammenstoß mit einbiegendem / kreuzendem Fahrzeug
,2018,11,20,1,Unfall mit Leichtverletzten,5.0,2.0,2.0,1.0,1.0,0.0,0.0,0.0,,8.483718532000069,49.49732214400007,1.0,,,Abbiegeunfall,"Fahrrad, Pkw",Zusammenstoß mit einbiegendem / kreuzendem Fahrzeug
,2018,11,17,1,Unfall mit Leichtverletzten,6.0,6.0,2.0,0.0,1.0,1.0,0.0,0.0,,8.563903585000048,49.45592344100004,0.0,,,Unfall im Längsverkehr,"Pkw, Fußgänger",Zusammenstoß zwischen Fahrzeug und Fußgänger
,2018,10,14,7,Unfall mit Leichtverletzten,5.0,3.0,0.0,1.0,1.0,0.0,0.0,0.0,,8.531168266000066,49.44720122300004,1.0,,,Einbiegen / Kreuzen-Unfall,"Fahrrad, Pkw",Zusammenstoß mit einbiegendem / kreuzendem Fahrzeug
,2018,10,13,7,Unfall mit Leichtverletzten,5.0,5.0,0.0,1.0,1.0,0.0,0.0,0.0,,8.512150456000029,49.48885675900004,1.0,,,Unfall durch ruhenden Verkehr,"Fahrrad, Pkw",Zusammenstoß mit einbiegendem / kreuzendem Fahrzeug
,2018,10,12,7,Unfall mit Leichtverletzten,5.0,3.0,0.0,1.0,0.0,0.0,0.0,0.0,,8.475660853000022,49.48606105500005,1.0,,,Einbiegen / Kreuzen-Unfall,Fahrrad,Zusammenstoß mit einbiegendem / kreuzendem Fahrzeug
,2018,10,0,7,Unfall mit Leichtverletzten,5.0,3.0,2.0,1.0,1.0,0.0,0.0,0.0,,8.466849357000058,49.48833472000007,1.0,,,Einbiegen / Kreuzen-Unfall,"Fahrrad, Pkw",Zusammenstoß mit einbiegendem / kreuzendem Fahrzeug
,2018,10,22,6,Unfall mit Leichtverletzten,0.0,7.0,2.0,1.0,0.0,0.0,0.0,0.0,,8.483498697000073,49.45468798500008,1.0,,,sonstiger Unfall,Fahrrad,Unfall anderer Art
,2018,10,17,6,Unfall mit Leichtverletzten,0.0,7.0,0.0,1.0,1.0,0.0,0.0,0.0,,8.48698127800003,49.47701447300005,1.0,,,sonstiger Unfall,"Fahrrad, Pkw",Unfall anderer Art
,2018,10,16,6,Unfall mit Leichtverletzten,5.0,3.0,0.0,1.0,1.0,0.0,0.0,0.0,,8.49333814800002,49.48680272900003,1.0,,,Einbiegen / Kreuzen-Unfall,"Fahrrad, Pkw",Zusammenstoß mit einbiegendem / kreuzendem Fahrzeug
,2018,10,16,6,Unfall mit Leichtverletzten,5.0,3.0,0.0,1.0,1.0,0.0,0.0,0.0,,8.498922772000071,49.453790655000034,1.0,,,Einbiegen / Kreuzen-Unfall,"Fahrrad, Pkw",Zusammenstoß mit einbiegendem / kreuzendem Fahrzeug
,2018,10,15,6,Unfall mit Leichtverletzten,5.0,3.0,0.0,1.0,1.0,0.0,0.0,0.0,,8.500180209000064,49.524484063000045,1.0,,,Einbiegen / Kreuzen-Unfall,"Fahrrad, Pkw",Zusammenstoß mit einbiegendem / kreuzendem Fahrzeug
,2018,10,15,6,Unfall mit Leichtverletzten,0.0,3.0,0.0,1.0,1.0,0.0,0.0,0.0,,8.465175137000074,49.50706841900006,1.0,,,Einbiegen / Kreuzen-Unfall,"Fahrrad, Pkw",Unfall anderer Art
,2018,10,12,6,Unfall mit Leichtverletzten,0.0,7.0,0.0,1.0,0.0,0.0,0.0,0.0,,8.475315497000054,49.498597397000026,1.0,,,sonstiger Unfall,Fahrrad,Unfall anderer Art
,2018,10,11,6,Unfall mit Leichtverletzten,1.0,7.0,0.0,1.0,1.0,0.0,0.0,0.0,,8.577301722000072,49.43979682400004,1.0,,,sonstiger Unfall,"Fahrrad, Pkw",Zusammenstoß mit anfahrendem/ anhaltendem/ ruhendem Fahrzeug
,2018,10,13,5,Unfall mit Schwerverletzten,1.0,3.0,0.0,1.0,1.0,0.0,0.0,0.0,,8.482799427000032,49.51322679000003,1.0,,,Einbiegen / Kreuzen-Unfall,"Fahrrad, Pkw",Zusammenstoß mit anfahrendem/ anhaltendem/ ruhendem Fahrzeug
,2018,10,11,5,Unfall mit Leichtverletzten,3.0,2.0,0.0,1.0,0.0,0.0,0.0,0.0,,8.47460675000002,49.48457888500008,1.0,,,Abbiegeunfall,Fahrrad,Zusammenstoß mit seitlich in gleicher Richtung fahrendem Fahrzeug
,2018,10,9,5,Unfall mit Leichtverletzten,1.0,5.0,0.0,1.0,1.0,0.0,0.0,0.0,,8.46855370700007,49.49156137700004,1.0,,,Unfall durch ruhenden Verkehr,"Fahrrad, Pkw",Zusammenstoß mit anfahrendem/ anhaltendem/ ruhendem Fahrzeug
,2018,10,8,5,Unfall mit Leichtverletzten,5.0,3.0,0.0,1.0,1.0,0.0,0.0,0.0,,8.478950398000052,49.46041311900007,1.0,,,Einbiegen / Kreuzen-Unfall,"Fahrrad, Pkw",Zusammenstoß mit einbiegendem / kreuzendem Fahrzeug
,2018,10,7,5,Unfall mit Leichtverletzten,3.0,5.0,1.0,1.0,1.0,0.0,0.0,0.0,,8.518574295000064,49.514493222000056,1.0,,,Unfall durch ruhenden Verkehr,"Fahrrad, Pkw",Zusammenstoß mit seitlich in gleicher Richtung fahrendem Fahrzeug
,2018,10,4,5,Unfall mit Schwerverletzten,5.0,2.0,2.0,1.0,1.0,0.0,0.0,0.0,,8.457280809000054,49.519933133000045,1.0,,,Abbiegeunfall,"Fahrrad, Pkw",Zusammenstoß mit einbiegendem / kreuzendem Fahrzeug
,2018,10,18,4,Unfall mit Schwerverletzten,6.0,4.0,2.0,0.0,1.0,1.0,0.0,0.0,,8.471532747000026,49.481003655000045,0.0,,,Überschreiten-Unfall,"Pkw, Fußgänger",Zusammenstoß zwischen Fahrzeug und Fußgänger
,2018,10,17,4,Unfall mit Leichtverletzten,5.0,2.0,0.0,1.0,1.0,0.0,0.0,0.0,,8.52371865300006,49.43806523200004,1.0,,,Abbiegeunfall,"Fahrrad, Pkw",Zusammenstoß mit einbiegendem / kreuzendem Fahrzeug
,2018,10,17,4,Unfall mit Leichtverletzten,4.0,6.0,2.0,1.0,1.0,0.0,0.0,0.0,,8.47788123500004,49.48654318300004,1.0,,,Unfall im Längsverkehr,"Fahrrad, Pkw",Zusammenstoß mit entgegenkommendem Fahrzeug
,2018,10,16,4,Unfall mit Leichtverletzten,0.0,1.0,0.0,1.0,0.0,0.0,0.0,0.0,,8.53150099000004,49.48794804600004,1.0,,,Fahrunfall,Fahrrad,Unfall anderer Art
,2018,10,16,4,Unfall mit Leichtverletzten,0.0,7.0,0.0,1.0,1.0,0.0,0.0,0.0,,8.530871521000051,49.486675236000046,1.0,,,sonstiger Unfall,"Fahrrad, Pkw",Unfall anderer Art
,2018,10,15,4,Unfall mit Schwerverletzten,5.0,3.0,0.0,1.0,1.0,0.0,0.0,0.0,,8.501693853000063,49.49998577900004,1.0,,,Einbiegen / Kreuzen-Unfall,"Fahrrad, Pkw",Zusammenstoß mit einbiegendem / kreuzendem Fahrzeug
,2018,10,12,4,Unfall mit Leichtverletzten,5.0,3.0,0.0,1.0,1.0,0.0,0.0,0.0,,8.507477351000034,49.51060830100005,1.0,,,Einbiegen / Kreuzen-Unfall,"Fahrrad, Pkw",Zusammenstoß mit einbiegendem / kreuzendem Fahrzeug
,2018,10,10,4,Unfall mit Leichtverletzten,0.0,6.0,0.0,1.0,0.0,0.0,0.0,0.0,,8.49029706400006,49.45221352800007,1.0,,,Unfall im Längsverkehr,Fahrrad,Unfall anderer Art
,2018,10,7,4,Unfall mit Schwerverletzten,5.0,3.0,0.0,1.0,1.0,0.0,0.0,0.0,,8.49326921000005,49.52184081600007,1.0,,,Einbiegen / Kreuzen-Unfall,"Fahrrad, Pkw",Zusammenstoß mit einbiegendem / kreuzendem Fahrzeug
,2018,10,18,3,Unfall mit Schwerverletzten,5.0,3.0,1.0,1.0,1.0,0.0,0.0,0.0,,8.460371197000029,49.49329313000004,1.0,,,Einbiegen / Kreuzen-Unfall,"Fahrrad, Pkw",Zusammenstoß mit einbiegendem / kreuzendem Fahrzeug
,2018,10,17,3,Unfall mit Leichtverletzten,1.0,5.0,0.0,1.0,1.0,0.0,0.0,0.0,,8.472864704000074,49.48108934200008,1.0,,,Unfall durch ruhenden Verkehr,"Fahrrad, Pkw",Zusammenstoß mit anfahrendem/ anhaltendem/ ruhendem Fahrzeug
,2018,10,16,3,Unfall mit Schwerverletzten,6.0,4.0,0.0,0.0,1.0,1.0,0.0,0.0,,8.471179164000034,49.50848969800006,0.0,,,Überschreiten-Unfall,"Pkw, Fußgänger",Zusammenstoß zwischen Fahrzeug und Fußgänger
,2018,10,13,3,Unfall mit Leichtverletzten,0.0,5.0,0.0,1.0,1.0,0.0,0.0,0.0,,8.471064900000044,49.50541604000006,1.0,,,Unfall durch ruhenden Verkehr,"Fahrrad, Pkw",Unfall anderer Art
,2018,10,8,3,Unfall mit Leichtverletzten,5.0,3.0,0.0,1.0,0.0,0.0,0.0,1.0,,8.450560615000029,49.54980377200008,1.0,,,Einbiegen / Kreuzen-Unfall,"Fahrrad, LKW",Zusammenstoß mit einbiegendem / kreuzendem Fahrzeug
,2018,10,8,3,Unfall mit Schwerverletzten,0.0,2.0,0.0,1.0,0.0,0.0,0.0,0.0,,8.47337271400005,49.51868054100004,1.0,,,Abbiegeunfall,Fahrrad,Unfall anderer Art
,2018,10,17,2,Unfall mit Leichtverletzten,1.0,6.0,0.0,1.0,1.0,0.0,0.0,0.0,,8.465818135000063,49.49286258100005,1.0,,,Unfall im Längsverkehr,"Fahrrad, Pkw",Zusammenstoß mit anfahrendem/ anhaltendem/ ruhendem Fahrzeug
,2018,10,16,2,Unfall mit Schwerverletzten,5.0,3.0,0.0,1.0,1.0,0.0,0.0,0.0,,8.493279004000044,49.50498565300006,1.0,,,Einbiegen / Kreuzen-Unfall,"Fahrrad, Pkw",Zusammenstoß mit einbiegendem / kreuzendem Fahrzeug
,2018,10,13,2,Unfall mit Leichtverletzten,5.0,3.0,0.0,1.0,1.0,0.0,0.0,0.0,,8.492223240000044,49.458707209000075,1.0,,,Einbiegen / Kreuzen-Unfall,"Fahrrad, Pkw",Zusammenstoß mit einbiegendem / kreuzendem Fahrzeug
,2018,10,11,2,Unfall mit Leichtverletzten,5.0,2.0,0.0,1.0,1.0,0.0,0.0,0.0,,8.470176263000042,49.47041815500006,1.0,,,Abbiegeunfall,"Fahrrad, Pkw",Zusammenstoß mit einbiegendem / kreuzendem Fahrzeug
,2018,10,10,2,Unfall mit Leichtverletzten,1.0,5.0,0.0,1.0,1.0,0.0,0.0,0.0,,8.533242330000064,49.42590215900003,1.0,,,Unfall durch ruhenden Verkehr,"Fahrrad, Pkw",Zusammenstoß mit anfahrendem/ anhaltendem/ ruhendem Fahrzeug
,2018,10,9,2,Unfall mit Leichtverletzten,0.0,7.0,0.0,1.0,0.0,0.0,0.0,0.0,,8.493918663000045,49.45583412500008,1.0,,,sonstiger Unfall,Fahrrad,Unfall anderer Art
,2018,10,9,2,Unfall mit Leichtverletzten,6.0,7.0,0.0,1.0,0.0,1.0,0.0,0.0,,8.50345296200004,49.46868151900002,1.0,,,sonstiger Unfall,"Fahrrad, Fußgänger",Zusammenstoß zwischen Fahrzeug und Fußgänger
,2018,10,8,2,Unfall mit Leichtverletzten,6.0,7.0,0.0,0.0,0.0,1.0,0.0,0.0,,8.509307713000055,49.50957648600007,0.0,,,sonstiger Unfall,Fußgänger,Zusammenstoß zwischen Fahrzeug und Fußgänger
,2018,10,14,1,Unfall mit Leichtverletzten,6.0,7.0,0.0,0.0,1.0,1.0,0.0,0.0,,8.475813260000052,49.52022595700004,0.0,,,sonstiger Unfall,"Pkw, Fußgänger",Zusammenstoß zwischen Fahrzeug und Fußgänger
,2018,10,13,1,Unfall mit Schwerverletzten,4.0,6.0,0.0,1.0,0.0,0.0,1.0,0.0,,8.506458289000022,49.508559998000074,1.0,,,Unfall im Längsverkehr,"Fahrrad, Kraftrad",Zusammenstoß mit entgegenkommendem Fahrzeug
,2018,10,9,1,Unfall mit Leichtverletzten,0.0,7.0,0.0,1.0,0.0,0.0,0.0,0.0,,8.481314970000028,49.45663465800004,1.0,,,sonstiger Unfall,Fahrrad,Unfall anderer Art