OBJECTID,UJAHR,UMONAT,USTUNDE,UWOCHENTAG,UKATEGORIE,UART,UTYP1,ULICHTVERH,IstRad,IstPKW,IstFuss,IstKrad,IstGkfz,IstSonstige,Longitude,Latitude,IstRadBetroffen,Kommentar,Stadtteil,typ,involved,art
,2018,7,10,2,Unfall mit Leichtverletzten,5.0,5.0,0.0,1.0,1.0,0.0,0.0,0.0,,8.466945685000042,49.50833366400008,1.0,,,Unfall durch ruhenden Verkehr,"Fahrrad, Pkw",Zusammenstoß mit einbiegendem / kreuzendem Fahrzeug
,2018,7,6,2,Unfall mit Leichtverletzten,0.0,7.0,0.0,1.0,0.0,0.0,0.0,0.0,,8.474457180000059,49.51733412500005,1.0,,,sonstiger Unfall,Fahrrad,Unfall anderer Art
,2018,7,6,2,Unfall mit Leichtverletzten,0.0,7.0,0.0,1.0,0.0,0.0,0.0,0.0,,8.538889852000068,49.49023198300006,1.0,,,sonstiger Unfall,Fahrrad,Unfall anderer Art
,2018,7,19,1,Unfall mit Leichtverletzten,5.0,3.0,0.0,1.0,1.0,0.0,0.0,0.0,,8.466402606000031,49.49058234800003,1.0,,,Einbiegen / Kreuzen-Unfall,"Fahrrad, Pkw",Zusammenstoß mit einbiegendem / kreuzendem Fahrzeug
,2018,7,17,1,Unfall mit Leichtverletzten,5.0,3.0,0.0,1.0,1.0,0.0,0.0,0.0,,8.470884092000063,49.50199443100007,1.0,,,Einbiegen / Kreuzen-Unfall,"Fahrrad, Pkw",Zusammenstoß mit einbiegendem / kreuzendem Fahrzeug
,2018,7,10,1,Unfall mit Leichtverletzten,0.0,1.0,0.0,1.0,0.0,0.0,0.0,0.0,,8.550705867000033,49.50154267100004,1.0,,,Fahrunfall,Fahrrad,Unfall anderer Art
,2018,7,9,1,Unfall mit Schwerverletzten,5.0,2.0,0.0,1.0,1.0,0.0,0.0,0.0,,8.538615414000049,49.45310112900006,1.0,,,Abbiegeunfall,"Fahrrad, Pkw",Zusammenstoß mit einbiegendem / kreuzendem Fahrzeug
,2018,7,0,1,Unfall mit Leichtverletzten,5.0,2.0,2.0,1.0,1.0,0.0,0.0,0.0,,8.473979455000062,49.483609581000046,1.0,,,Abbiegeunfall,"Fahrrad, Pkw",Zusammenstoß mit einbiegendem / kreuzendem Fahrzeug
,2018,6,18,7,Unfall mit Leichtverletzten,5.0,3.0,0.0,1.0,1.0,0.0,0.0,0.0,,8.476697865000062,49.462697168000034,1.0,,,Einbiegen / Kreuzen-Unfall,"Fahrrad, Pkw",Zusammenstoß mit einbiegendem / kreuzendem Fahrzeug
,2018,6,14,7,Unfall mit Leichtverletzten,0.0,7.0,0.0,1.0,1.0,0.0,0.0,0.0,,8.468630741000027,49.49164673500008,1.0,,,sonstiger Unfall,"Fahrrad, Pkw",Unfall anderer Art
,2018,6,13,7,Unfall mit Leichtverletzten,6.0,7.0,0.0,0.0,1.0,1.0,0.0,0.0,,8.496237552000025,49.45039598300008,0.0,,,sonstiger Unfall,"Pkw, Fußgänger",Zusammenstoß zwischen Fahrzeug und Fußgänger
,2018,6,12,7,Unfall mit Leichtverletzten,6.0,7.0,0.0,0.0,1.0,1.0,0.0,0.0,,8.46832594600005,49.45210815800005,0.0,,,sonstiger Unfall,"Pkw, Fußgänger",Zusammenstoß zwischen Fahrzeug und Fußgänger
,2018,6,10,7,Unfall mit Leichtverletzten,8.0,1.0,0.0,1.0,0.0,0.0,0.0,0.0,,8.466661635000037,49.48840783800006,1.0,,,Fahrunfall,Fahrrad,Abkommen von Fahrbahn nach rechts
,2018,6,9,7,Unfall mit Leichtverletzten,3.0,6.0,0.0,1.0,1.0,0.0,0.0,0.0,,8.468097156000056,49.49105549000007,1.0,,,Unfall im Längsverkehr,"Fahrrad, Pkw",Zusammenstoß mit seitlich in gleicher Richtung fahrendem Fahrzeug
,2018,6,17,6,Unfall mit Leichtverletzten,5.0,3.0,0.0,1.0,0.0,0.0,0.0,0.0,,8.46544220100003,49.488200421000045,1.0,,,Einbiegen / Kreuzen-Unfall,Fahrrad,Zusammenstoß mit einbiegendem / kreuzendem Fahrzeug
,2018,6,17,6,Unfall mit Leichtverletzten,0.0,3.0,0.0,1.0,0.0,0.0,1.0,0.0,,8.469848126000045,49.50439270700008,1.0,,,Einbiegen / Kreuzen-Unfall,"Fahrrad, Kraftrad",Unfall anderer Art
,2018,6,16,6,Unfall mit Leichtverletzten,5.0,2.0,0.0,1.0,1.0,0.0,0.0,0.0,,8.46996828500005,49.51291884900007,1.0,,,Abbiegeunfall,"Fahrrad, Pkw",Zusammenstoß mit einbiegendem / kreuzendem Fahrzeug
,2018,6,13,6,Unfall mit Leichtverletzten,1.0,5.0,0.0,1.0,1.0,0.0,0.0,0.0,,8.508414607000077,49.50396648000003,1.0,,,Unfall durch ruhenden Verkehr,"Fahrrad, Pkw",Zusammenstoß mit anfahrendem/ anhaltendem/ ruhendem Fahrzeug
,2018,6,13,6,Unfall mit Leichtverletzten,5.0,2.0,0.0,1.0,1.0,0.0,0.0,0.0,,8.483813099000031,49.497241690000074,1.0,,,Abbiegeunfall,"Fahrrad, Pkw",Zusammenstoß mit einbiegendem / kreuzendem Fahrzeug
,2018,6,11,6,Unfall mit Leichtverletzten,1.0,7.0,0.0,0.0,1.0,1.0,1.0,0.0,,8.489118615000052,49.453815877000075,0.0,,,sonstiger Unfall,"Pkw, Fußgänger, Kraftrad",Zusammenstoß mit anfahrendem/ anhaltendem/ ruhendem Fahrzeug
,2018,6,10,6,Unfall mit Leichtverletzten,5.0,3.0,0.0,1.0,1.0,0.0,0.0,0.0,,8.478538571000058,49.46028382500003,1.0,,,Einbiegen / Kreuzen-Unfall,"Fahrrad, Pkw",Zusammenstoß mit einbiegendem / kreuzendem Fahrzeug
,2018,6,8,6,Unfall mit Leichtverletzten,6.0,4.0,0.0,0.0,1.0,1.0,0.0,0.0,,8.501742339000032,49.48954871000007,0.0,,,Überschreiten-Unfall,"Pkw, Fußgänger",Zusammenstoß zwischen Fahrzeug und Fußgänger
,2018,6,5,6,Unfall mit Leichtverletzten,0.0,6.0,0.0,1.0,0.0,0.0,0.0,0.0,,8.514780857000062,49.43992475600004,1.0,,,Unfall im Längsverkehr,Fahrrad,Unfall anderer Art
,2018,6,16,5,Unfall mit Leichtverletzten,0.0,7.0,0.0,1.0,0.0,0.0,0.0,0.0,,8.479285520000076,49.50883372800007,1.0,,,sonstiger Unfall,Fahrrad,Unfall anderer Art
,2018,6,16,5,Unfall mit Schwerverletzten,0.0,3.0,0.0,1.0,1.0,0.0,0.0,0.0,,8.50943907900006,49.42579641000003,1.0,,,Einbiegen / Kreuzen-Unfall,"Fahrrad, Pkw",Unfall anderer Art
,2018,6,16,5,Unfall mit Leichtverletzten,6.0,4.0,0.0,1.0,0.0,1.0,0.0,0.0,,8.473205686000028,49.485896636000064,1.0,,,Überschreiten-Unfall,"Fahrrad, Fußgänger",Zusammenstoß zwischen Fahrzeug und Fußgänger
,2018,6,7,5,Unfall mit Leichtverletzten,6.0,7.0,0.0,0.0,1.0,1.0,0.0,0.0,,8.463326499000061,49.50335571900007,0.0,,,sonstiger Unfall,"Pkw, Fußgänger",Zusammenstoß zwischen Fahrzeug und Fußgänger
,2018,6,7,5,Unfall mit Leichtverletzten,5.0,2.0,0.0,1.0,1.0,0.0,0.0,0.0,,8.486692720000065,49.46526256900006,1.0,,,Abbiegeunfall,"Fahrrad, Pkw",Zusammenstoß mit einbiegendem / kreuzendem Fahrzeug
,2018,6,19,4,Unfall mit Leichtverletzten,1.0,5.0,0.0,1.0,1.0,0.0,0.0,0.0,,8.508364286000074,49.482181942000075,1.0,,,Unfall durch ruhenden Verkehr,"Fahrrad, Pkw",Zusammenstoß mit anfahrendem/ anhaltendem/ ruhendem Fahrzeug
,2018,6,18,4,Unfall mit Leichtverletzten,5.0,3.0,0.0,1.0,0.0,0.0,1.0,0.0,,8.471764714000074,49.49289156100008,1.0,,,Einbiegen / Kreuzen-Unfall,"Fahrrad, Kraftrad",Zusammenstoß mit einbiegendem / kreuzendem Fahrzeug
,2018,6,16,4,Unfall mit Leichtverletzten,1.0,5.0,0.0,1.0,1.0,0.0,0.0,0.0,,8.483408628000063,49.47771211400004,1.0,,,Unfall durch ruhenden Verkehr,"Fahrrad, Pkw",Zusammenstoß mit anfahrendem/ anhaltendem/ ruhendem Fahrzeug
,2018,6,15,4,Unfall mit Leichtverletzten,5.0,3.0,0.0,1.0,1.0,0.0,0.0,0.0,,8.487611123000022,49.45994923300003,1.0,,,Einbiegen / Kreuzen-Unfall,"Fahrrad, Pkw",Zusammenstoß mit einbiegendem / kreuzendem Fahrzeug
,2018,6,15,4,Unfall mit Leichtverletzten,5.0,2.0,0.0,1.0,1.0,0.0,0.0,0.0,,8.487472049000075,49.45990536700003,1.0,,,Abbiegeunfall,"Fahrrad, Pkw",Zusammenstoß mit einbiegendem / kreuzendem Fahrzeug
,2018,6,10,4,Unfall mit Leichtverletzten,0.0,6.0,0.0,1.0,1.0,0.0,0.0,0.0,,8.546268628000064,49.49360344500008,1.0,,,Unfall im Längsverkehr,"Fahrrad, Pkw",Unfall anderer Art
,2018,6,7,4,Unfall mit Leichtverletzten,5.0,2.0,0.0,1.0,1.0,0.0,0.0,0.0,,8.502860787000031,49.45539434500006,1.0,,,Abbiegeunfall,"Fahrrad, Pkw",Zusammenstoß mit einbiegendem / kreuzendem Fahrzeug
,2018,6,17,3,Unfall mit Leichtverletzten,3.0,2.0,0.0,1.0,1.0,0.0,0.0,0.0,,8.467867947000059,49.50899268200004,1.0,,,Abbiegeunfall,"Fahrrad, Pkw",Zusammenstoß mit seitlich in gleicher Richtung fahrendem Fahrzeug
,2018,6,16,3,Unfall mit Leichtverletzten,6.0,4.0,0.0,0.0,1.0,1.0,0.0,0.0,,8.500254721000033,49.53047968000004,0.0,,,Überschreiten-Unfall,"Pkw, Fußgänger",Zusammenstoß zwischen Fahrzeug und Fußgänger
,2018,6,16,3,Unfall mit Leichtverletzten,5.0,3.0,0.0,1.0,1.0,0.0,0.0,0.0,,8.49891585000006,49.45379630400004,1.0,,,Einbiegen / Kreuzen-Unfall,"Fahrrad, Pkw",Zusammenstoß mit einbiegendem / kreuzendem Fahrzeug
,2018,6,13,3,Unfall mit Schwerverletzten,6.0,4.0,0.0,0.0,1.0,1.0,0.0,0.0,,8.530073591000075,49.50778096000005,0.0,,,Überschreiten-Unfall,"Pkw, Fußgänger",Zusammenstoß zwischen Fahrzeug und Fußgänger
,2018,6,13,3,Unfall mit Leichtverletzten,6.0,4.0,0.0,0.0,1.0,1.0,0.0,0.0,,8.493723751000061,49.50077789900007,0.0,,,Überschreiten-Unfall,"Pkw, Fußgänger",Zusammenstoß zwischen Fahrzeug und Fußgänger
,2018,6,20,2,Unfall mit Leichtverletzten,5.0,3.0,0.0,1.0,1.0,0.0,0.0,0.0,,8.478809173000059,49.48990094200008,1.0,,,Einbiegen / Kreuzen-Unfall,"Fahrrad, Pkw",Zusammenstoß mit einbiegendem / kreuzendem Fahrzeug
,2018,6,19,2,Unfall mit Leichtverletzten,1.0,5.0,0.0,1.0,1.0,0.0,0.0,0.0,,8.470707594000032,49.50899538000005,1.0,,,Unfall durch ruhenden Verkehr,"Fahrrad, Pkw",Zusammenstoß mit anfahrendem/ anhaltendem/ ruhendem Fahrzeug
,2018,6,18,2,Unfall mit Leichtverletzten,6.0,7.0,0.0,0.0,1.0,1.0,0.0,0.0,,8.478028302000041,49.49946538500007,0.0,,,sonstiger Unfall,"Pkw, Fußgänger",Zusammenstoß zwischen Fahrzeug und Fußgänger
,2018,6,16,2,Unfall mit Leichtverletzten,5.0,3.0,0.0,1.0,1.0,0.0,0.0,0.0,,8.448635086000024,49.55025633400004,1.0,,,Einbiegen / Kreuzen-Unfall,"Fahrrad, Pkw",Zusammenstoß mit einbiegendem / kreuzendem Fahrzeug
,2018,6,15,2,Unfall mit Leichtverletzten,6.0,4.0,0.0,0.0,1.0,1.0,0.0,0.0,,8.491295518000072,49.46003148600005,0.0,,,Überschreiten-Unfall,"Pkw, Fußgänger",Zusammenstoß zwischen Fahrzeug und Fußgänger
,2018,6,11,2,Unfall mit Leichtverletzten,5.0,2.0,0.0,1.0,0.0,0.0,0.0,1.0,,8.48396269500006,49.48100480100004,1.0,,,Abbiegeunfall,"Fahrrad, LKW",Zusammenstoß mit einbiegendem / kreuzendem Fahrzeug
,2018,6,10,2,Unfall mit Leichtverletzten,3.0,2.0,0.0,1.0,1.0,0.0,0.0,0.0,,8.468770739000036,49.49179986600007,1.0,,,Abbiegeunfall,"Fahrrad, Pkw",Zusammenstoß mit seitlich in gleicher Richtung fahrendem Fahrzeug
,2018,6,8,2,Unfall mit Leichtverletzten,5.0,3.0,0.0,1.0,1.0,0.0,0.0,0.0,,8.483730858000058,49.46983265000006,1.0,,,Einbiegen / Kreuzen-Unfall,"Fahrrad, Pkw",Zusammenstoß mit einbiegendem / kreuzendem Fahrzeug
,2018,6,8,2,Unfall mit Leichtverletzten,5.0,3.0,0.0,1.0,1.0,0.0,0.0,0.0,,8.493299128000046,49.52187777000007,1.0,,,Einbiegen / Kreuzen-Unfall,"Fahrrad, Pkw",Zusammenstoß mit einbiegendem / kreuzendem Fahrzeug
,2018,6,7,2,Unfall mit Schwerverletzten,0.0,1.0,0.0,1.0,0.0,0.0,0.0,0.0,,8.533883333000063,49.42476204900004,1.0,,,Fahrunfall,Fahrrad,Unfall anderer Art
,2018,6,7,2,Unfall mit Leichtverletzten,4.0,2.0,0.0,1.0,1.0,0.0,0.0,0.0,,8.505507893000072,49.49409861500004,1.0,,,Abbiegeunfall,"Fahrrad, Pkw",Zusammenstoß mit entgegenkommendem Fahrzeug
,2018,6,19,1,Unfall mit Leichtverletzten,5.0,3.0,0.0,1.0,1.0,0.0,0.0,0.0,,8.538907003000077,49.41884573500005,1.0,,,Einbiegen / Kreuzen-Unfall,"Fahrrad, Pkw",Zusammenstoß mit einbiegendem / kreuzendem Fahrzeug
,2018,5,20,7,Unfall mit Leichtverletzten,0.0,1.0,1.0,1.0,0.0,0.0,0.0,0.0,,8.451540371000021,49.53263350900005,1.0,,,Fahrunfall,Fahrrad,Unfall anderer Art
,2018,5,15,7,Unfall mit Leichtverletzten,5.0,3.0,0.0,1.0,1.0,0.0,0.0,0.0,,8.483211524000069,49.47805203100006,1.0,,,Einbiegen / Kreuzen-Unfall,"Fahrrad, Pkw",Zusammenstoß mit einbiegendem / kreuzendem Fahrzeug
,2018,5,14,7,Unfall mit Schwerverletzten,6.0,2.0,0.0,0.0,1.0,1.0,0.0,0.0,,8.508753401000035,49.45442346500005,0.0,,,Abbiegeunfall,"Pkw, Fußgänger",Zusammenstoß zwischen Fahrzeug und Fußgänger
,2018,5,14,7,Unfall mit Leichtverletzten,1.0,5.0,0.0,1.0,1.0,0.0,0.0,0.0,,8.48160335800003,49.52714814900003,1.0,,,Unfall durch ruhenden Verkehr,"Fahrrad, Pkw",Zusammenstoß mit anfahrendem/ anhaltendem/ ruhendem Fahrzeug
,2018,5,13,7,Unfall mit Leichtverletzten,0.0,3.0,0.0,1.0,1.0,0.0,0.0,0.0,,8.49215386000003,49.45277337400007,1.0,,,Einbiegen / Kreuzen-Unfall,"Fahrrad, Pkw",Unfall anderer Art
,2018,5,16,6,Unfall mit Leichtverletzten,6.0,7.0,0.0,0.0,0.0,1.0,0.0,0.0,,8.469287432000044,49.480330939000055,0.0,,,sonstiger Unfall,Fußgänger,Zusammenstoß zwischen Fahrzeug und Fußgänger
,2018,5,11,6,Unfall mit Leichtverletzten,1.0,5.0,0.0,1.0,1.0,0.0,0.0,0.0,,8.47871817400005,49.48051466100002,1.0,,,Unfall durch ruhenden Verkehr,"Fahrrad, Pkw",Zusammenstoß mit anfahrendem/ anhaltendem/ ruhendem Fahrzeug
,2018,5,10,6,Unfall mit Leichtverletzten,6.0,7.0,0.0,1.0,0.0,1.0,0.0,0.0,,8.47044878500003,49.49319926500005,1.0,,,sonstiger Unfall,"Fahrrad, Fußgänger",Zusammenstoß zwischen Fahrzeug und Fußgänger
,2018,5,8,6,Unfall mit Leichtverletzten,5.0,3.0,0.0,1.0,1.0,0.0,0.0,0.0,,8.482284166000056,49.47916811300007,1.0,,,Einbiegen / Kreuzen-Unfall,"Fahrrad, Pkw",Zusammenstoß mit einbiegendem / kreuzendem Fahrzeug
,2018,5,8,6,Unfall mit Schwerverletzten,0.0,7.0,0.0,1.0,0.0,0.0,0.0,0.0,,8.485038689000021,49.47748368400005,1.0,,,sonstiger Unfall,Fahrrad,Unfall anderer Art
,2018,5,18,5,Unfall mit Leichtverletzten,5.0,3.0,0.0,1.0,1.0,0.0,0.0,0.0,,8.469801119000067,49.50438823500008,1.0,,,Einbiegen / Kreuzen-Unfall,"Fahrrad, Pkw",Zusammenstoß mit einbiegendem / kreuzendem Fahrzeug
,2018,5,17,5,Unfall mit Leichtverletzten,2.0,7.0,0.0,1.0,1.0,0.0,0.0,0.0,,8.488647855000067,49.463810247000026,1.0,,,sonstiger Unfall,"Fahrrad, Pkw",Zusammenstoß mit vorausfahrendem / wartendem Fahrzeug
,2018,5,17,5,Unfall mit Leichtverletzten,9.0,5.0,0.0,1.0,0.0,0.0,0.0,0.0,,8.465948302000072,49.49517087700008,1.0,,,Unfall durch ruhenden Verkehr,Fahrrad,Abkommen von Fahrbahn nach links
,2018,5,15,5,Unfall mit Leichtverletzten,6.0,4.0,0.0,0.0,1.0,1.0,0.0,0.0,,8.478453931000047,49.49778030400006,0.0,,,Überschreiten-Unfall,"Pkw, Fußgänger",Zusammenstoß zwischen Fahrzeug und Fußgänger
,2018,5,13,5,Unfall mit Leichtverletzten,5.0,3.0,0.0,1.0,1.0,0.0,0.0,0.0,,8.48750509000007,49.46248247100005,1.0,,,Einbiegen / Kreuzen-Unfall,"Fahrrad, Pkw",Zusammenstoß mit einbiegendem / kreuzendem Fahrzeug
,2018,5,18,4,Unfall mit Leichtverletzten,5.0,3.0,0.0,1.0,1.0,0.0,0.0,0.0,,8.526716977000035,49.44268945400007,1.0,,,Einbiegen / Kreuzen-Unfall,"Fahrrad, Pkw",Zusammenstoß mit einbiegendem / kreuzendem Fahrzeug
,2018,5,15,4,Unfall mit Leichtverletzten,5.0,2.0,0.0,1.0,0.0,0.0,0.0,0.0,,8.466193600000054,49.48776649300004,1.0,,,Abbiegeunfall,Fahrrad,Zusammenstoß mit einbiegendem / kreuzendem Fahrzeug
,2018,5,13,4,Unfall mit Leichtverletzten,5.0,3.0,0.0,1.0,1.0,0.0,0.0,0.0,,8.483685317000038,49.469846506000074,1.0,,,Einbiegen / Kreuzen-Unfall,"Fahrrad, Pkw",Zusammenstoß mit einbiegendem / kreuzendem Fahrzeug
,2018,5,11,4,Unfall mit Schwerverletzten,5.0,3.0,0.0,0.0,1.0,1.0,0.0,0.0,,8.473862753000049,49.48384997300008,0.0,,,Einbiegen / Kreuzen-Unfall,"Pkw, Fußgänger",Zusammenstoß mit einbiegendem / kreuzendem Fahrzeug
,2018,5,8,4,Unfall mit Schwerverletzten,5.0,2.0,0.0,1.0,1.0,0.0,0.0,0.0,,8.509878564000076,49.51700413900005,1.0,,,Abbiegeunfall,"Fahrrad, Pkw",Zusammenstoß mit einbiegendem / kreuzendem Fahrzeug
,2018,5,7,4,Unfall mit Leichtverletzten,5.0,2.0,0.0,1.0,1.0,0.0,0.0,0.0,,8.488084302000061,49.497697565000074,1.0,,,Abbiegeunfall,"Fahrrad, Pkw",Zusammenstoß mit einbiegendem / kreuzendem Fahrzeug
,2018,5,19,3,Unfall mit Leichtverletzten,6.0,3.0,0.0,1.0,0.0,1.0,0.0,0.0,,8.464294297000038,49.50652188800007,1.0,,,Einbiegen / Kreuzen-Unfall,"Fahrrad, Fußgänger",Zusammenstoß zwischen Fahrzeug und Fußgänger
,2018,5,13,3,Unfall mit Schwerverletzten,0.0,7.0,0.0,1.0,0.0,0.0,0.0,0.0,,8.451486076000037,49.49445131500005,1.0,,,sonstiger Unfall,Fahrrad,Unfall anderer Art
,2018,5,9,3,Unfall mit Leichtverletzten,5.0,3.0,0.0,1.0,1.0,0.0,0.0,0.0,,8.481870425000068,49.49386999200004,1.0,,,Einbiegen / Kreuzen-Unfall,"Fahrrad, Pkw",Zusammenstoß mit einbiegendem / kreuzendem Fahrzeug
,2018,5,8,3,Unfall mit Leichtverletzten,6.0,7.0,0.0,0.0,1.0,1.0,0.0,0.0,,8.476542061000032,49.50837533300007,0.0,,,sonstiger Unfall,"Pkw, Fußgänger",Zusammenstoß zwischen Fahrzeug und Fußgänger
,2018,5,15,2,Unfall mit Leichtverletzten,3.0,2.0,0.0,1.0,1.0,0.0,0.0,0.0,,8.46185063300004,49.49930111500004,1.0,,,Abbiegeunfall,"Fahrrad, Pkw",Zusammenstoß mit seitlich in gleicher Richtung fahrendem Fahrzeug
,2018,5,11,2,Unfall mit Leichtverletzten,5.0,3.0,0.0,1.0,1.0,0.0,0.0,0.0,,8.545946775000061,49.51328869600008,1.0,,,Einbiegen / Kreuzen-Unfall,"Fahrrad, Pkw",Zusammenstoß mit einbiegendem / kreuzendem Fahrzeug
,2018,5,11,2,Unfall mit Leichtverletzten,2.0,7.0,0.0,1.0,0.0,0.0,0.0,0.0,,8.471396009000046,49.487282494000056,1.0,,,sonstiger Unfall,Fahrrad,Zusammenstoß mit vorausfahrendem / wartendem Fahrzeug
,2018,5,8,2,Unfall mit Leichtverletzten,5.0,3.0,0.0,1.0,1.0,0.0,0.0,0.0,,8.563185542000042,49.46724668400003,1.0,,,Einbiegen / Kreuzen-Unfall,"Fahrrad, Pkw",Zusammenstoß mit einbiegendem / kreuzendem Fahrzeug
,2018,5,8,2,Unfall mit Leichtverletzten,1.0,4.0,0.0,0.0,1.0,1.0,0.0,0.0,,8.47238223100004,49.49711586000007,0.0,,,Überschreiten-Unfall,"Pkw, Fußgänger",Zusammenstoß mit anfahrendem/ anhaltendem/ ruhendem Fahrzeug
,2018,4,20,7,Unfall mit Leichtverletzten,5.0,3.0,0.0,1.0,1.0,0.0,0.0,0.0,,8.48853811400005,49.52499091000004,1.0,,,Einbiegen / Kreuzen-Unfall,"Fahrrad, Pkw",Zusammenstoß mit einbiegendem / kreuzendem Fahrzeug
,2018,4,15,7,Unfall mit Leichtverletzten,1.0,5.0,0.0,1.0,1.0,0.0,0.0,0.0,,8.466480736000051,49.48932754200007,1.0,,,Unfall durch ruhenden Verkehr,"Fahrrad, Pkw",Zusammenstoß mit anfahrendem/ anhaltendem/ ruhendem Fahrzeug
,2018,4,10,7,Unfall mit Leichtverletzten,5.0,2.0,0.0,1.0,1.0,0.0,0.0,0.0,,8.47118529000005,49.51137117200005,1.0,,,Abbiegeunfall,"Fahrrad, Pkw",Zusammenstoß mit einbiegendem / kreuzendem Fahrzeug
,2018,4,6,7,Unfall mit Leichtverletzten,5.0,3.0,0.0,1.0,1.0,0.0,0.0,0.0,,8.485649827000032,49.53025728100005,1.0,,,Einbiegen / Kreuzen-Unfall,"Fahrrad, Pkw",Zusammenstoß mit einbiegendem / kreuzendem Fahrzeug
,2018,4,1,7,Unfall mit Leichtverletzten,5.0,2.0,2.0,1.0,1.0,0.0,0.0,0.0,,8.46934096700005,49.48746153400003,1.0,,,Abbiegeunfall,"Fahrrad, Pkw",Zusammenstoß mit einbiegendem / kreuzendem Fahrzeug
,2018,4,19,6,Unfall mit Leichtverletzten,5.0,3.0,0.0,1.0,1.0,0.0,0.0,0.0,,8.498807288000023,49.453659237000075,1.0,,,Einbiegen / Kreuzen-Unfall,"Fahrrad, Pkw",Zusammenstoß mit einbiegendem / kreuzendem Fahrzeug
,2018,4,18,6,Unfall mit Leichtverletzten,0.0,3.0,0.0,1.0,1.0,0.0,0.0,0.0,,8.476014749000058,49.48644937200004,1.0,,,Einbiegen / Kreuzen-Unfall,"Fahrrad, Pkw",Unfall anderer Art
,2018,4,17,6,Unfall mit Schwerverletzten,5.0,3.0,0.0,1.0,1.0,0.0,0.0,0.0,,8.484312575000047,49.512915476000046,1.0,,,Einbiegen / Kreuzen-Unfall,"Fahrrad, Pkw",Zusammenstoß mit einbiegendem / kreuzendem Fahrzeug
,2018,4,16,6,Unfall mit Schwerverletzten,5.0,3.0,0.0,1.0,0.0,0.0,0.0,0.0,,8.46698430400005,49.471976219000055,1.0,,,Einbiegen / Kreuzen-Unfall,Fahrrad,Zusammenstoß mit einbiegendem / kreuzendem Fahrzeug
,2018,4,13,6,Unfall mit Schwerverletzten,4.0,6.0,0.0,1.0,0.0,0.0,0.0,0.0,,8.471482283000057,49.493587072000025,1.0,,,Unfall im Längsverkehr,Fahrrad,Zusammenstoß mit entgegenkommendem Fahrzeug
,2018,4,13,6,Unfall mit Leichtverletzten,3.0,6.0,0.0,1.0,1.0,0.0,0.0,0.0,,8.470767722000062,49.48683379600004,1.0,,,Unfall im Längsverkehr,"Fahrrad, Pkw",Zusammenstoß mit seitlich in gleicher Richtung fahrendem Fahrzeug
,2018,4,12,6,Unfall mit Schwerverletzten,5.0,3.0,0.0,1.0,1.0,0.0,0.0,0.0,,8.468073748000052,49.482387389000046,1.0,,,Einbiegen / Kreuzen-Unfall,"Fahrrad, Pkw",Zusammenstoß mit einbiegendem / kreuzendem Fahrzeug
,2018,4,11,6,Unfall mit Leichtverletzten,6.0,7.0,0.0,1.0,0.0,1.0,0.0,0.0,,8.479383917000064,49.49589386700006,1.0,,,sonstiger Unfall,"Fahrrad, Fußgänger",Zusammenstoß zwischen Fahrzeug und Fußgänger
,2018,4,23,5,Unfall mit Leichtverletzten,2.0,7.0,2.0,1.0,1.0,0.0,0.0,0.0,,8.472591063000039,49.480791330000045,1.0,,,sonstiger Unfall,"Fahrrad, Pkw",Zusammenstoß mit vorausfahrendem / wartendem Fahrzeug
,2018,4,15,5,Unfall mit Leichtverletzten,5.0,2.0,0.0,1.0,0.0,0.0,0.0,0.0,,8.473967809000044,49.48359733000007,1.0,,,Abbiegeunfall,Fahrrad,Zusammenstoß mit einbiegendem / kreuzendem Fahrzeug
,2018,4,15,5,Unfall mit Leichtverletzten,6.0,4.0,0.0,1.0,0.0,1.0,0.0,0.0,,8.470837208000034,49.497776144000056,1.0,,,Überschreiten-Unfall,"Fahrrad, Fußgänger",Zusammenstoß zwischen Fahrzeug und Fußgänger
,2018,4,11,5,Unfall mit Schwerverletzten,3.0,6.0,0.0,1.0,1.0,0.0,0.0,0.0,,8.507461445000047,49.477709940000075,1.0,,,Unfall im Längsverkehr,"Fahrrad, Pkw",Zusammenstoß mit seitlich in gleicher Richtung fahrendem Fahrzeug
,2018,4,21,4,Unfall mit Leichtverletzten,5.0,3.0,2.0,1.0,1.0,0.0,0.0,0.0,,8.472325806000072,49.48066722100003,1.0,,,Einbiegen / Kreuzen-Unfall,"Fahrrad, Pkw",Zusammenstoß mit einbiegendem / kreuzendem Fahrzeug
,2018,4,19,4,Unfall mit Leichtverletzten,0.0,6.0,0.0,1.0,0.0,0.0,0.0,0.0,,8.473619872000029,49.49684100700006,1.0,,,Unfall im Längsverkehr,Fahrrad,Unfall anderer Art
,2018,4,19,4,Unfall mit Leichtverletzten,6.0,4.0,0.0,0.0,1.0,1.0,0.0,0.0,,8.535972326000035,49.45493225000007,0.0,,,Überschreiten-Unfall,"Pkw, Fußgänger",Zusammenstoß zwischen Fahrzeug und Fußgänger
,2018,4,18,4,Unfall mit Leichtverletzten,5.0,3.0,0.0,1.0,1.0,0.0,0.0,0.0,,8.47583968500004,49.48898743500007,1.0,,,Einbiegen / Kreuzen-Unfall,"Fahrrad, Pkw",Zusammenstoß mit einbiegendem / kreuzendem Fahrzeug
,2018,4,8,4,Unfall mit Leichtverletzten,5.0,3.0,0.0,1.0,1.0,0.0,0.0,0.0,,8.480964288000052,49.547036846000026,1.0,,,Einbiegen / Kreuzen-Unfall,"Fahrrad, Pkw",Zusammenstoß mit einbiegendem / kreuzendem Fahrzeug