OBJECTID,UJAHR,UMONAT,USTUNDE,UWOCHENTAG,UKATEGORIE,UART,UTYP1,ULICHTVERH,IstRad,IstPKW,IstFuss,IstKrad,IstGkfz,IstSonstige,Longitude,Latitude,IstRadBetroffen,Kommentar,Stadtteil,typ,involved,art
158346.0,2017,12,17,6,Unfall mit Leichtverletzten,3.0,2.0,,1.0,1.0,0.0,0.0,,,8.454922343000021,49.54013957300003,1.0,,,Abbiegeunfall,"Fahrrad, Pkw",Zusammenstoß mit seitlich in gleicher Richtung fahrendem Fahrzeug
158142.0,2017,12,12,6,Unfall mit Leichtverletzten,6.0,2.0,,0.0,1.0,1.0,0.0,,,8.483335518000047,49.53223724900005,0.0,,,Abbiegeunfall,"Pkw, Fußgänger",Zusammenstoß zwischen Fahrzeug und Fußgänger
158125.0,2017,12,9,6,Unfall mit Leichtverletzten,6.0,5.0,,0.0,1.0,1.0,0.0,,,8.525911182000073,49.50456125400007,0.0,,,Unfall durch ruhenden Verkehr,"Pkw, Fußgänger",Zusammenstoß zwischen Fahrzeug und Fußgänger
158144.0,2017,12,7,6,Unfall mit Leichtverletzten,5.0,2.0,,1.0,1.0,0.0,0.0,,,8.478386581000052,49.46024718300004,1.0,,,Abbiegeunfall,"Fahrrad, Pkw",Zusammenstoß mit einbiegendem / kreuzendem Fahrzeug
158166.0,2017,12,18,5,Unfall mit Leichtverletzten,0.0,7.0,,0.0,0.0,1.0,0.0,,,8.476775475000068,49.48038076700004,0.0,,,sonstiger Unfall,Fußgänger,Unfall anderer Art
158526.0,2017,12,17,5,Unfall mit Schwerverletzten,6.0,4.0,,0.0,1.0,1.0,0.0,,,8.471466079000038,49.486566209000046,0.0,,,Überschreiten-Unfall,"Pkw, Fußgänger",Zusammenstoß zwischen Fahrzeug und Fußgänger
158524.0,2017,12,13,5,Unfall mit Leichtverletzten,5.0,3.0,,1.0,1.0,0.0,0.0,,,8.559720398000024,49.46456820100008,1.0,,,Einbiegen / Kreuzen-Unfall,"Fahrrad, Pkw",Zusammenstoß mit einbiegendem / kreuzendem Fahrzeug
158750.0,2017,12,10,5,Unfall mit Schwerverletzten,0.0,7.0,,1.0,0.0,0.0,0.0,,,8.52630739500006,49.48938853000004,1.0,,,sonstiger Unfall,Fahrrad,Unfall anderer Art
158912.0,2017,12,15,4,Unfall mit Leichtverletzten,5.0,5.0,,1.0,1.0,0.0,0.0,,,8.454257282000071,49.495333722000055,1.0,,,Unfall durch ruhenden Verkehr,"Fahrrad, Pkw",Zusammenstoß mit einbiegendem / kreuzendem Fahrzeug
158551.0,2017,12,7,4,Unfall mit Schwerverletzten,6.0,4.0,,0.0,1.0,1.0,0.0,,,8.450957165000034,49.53824291200005,0.0,,,Überschreiten-Unfall,"Pkw, Fußgänger",Zusammenstoß zwischen Fahrzeug und Fußgänger
59224.0,2017,12,6,4,Unfall mit Leichtverletzten,6.0,4.0,,0.0,1.0,1.0,0.0,,,8.538916946000029,49.452960362000056,0.0,,,Überschreiten-Unfall,"Pkw, Fußgänger",Zusammenstoß zwischen Fahrzeug und Fußgänger
59663.0,2017,12,18,3,Unfall mit Leichtverletzten,3.0,6.0,,1.0,1.0,0.0,0.0,,,8.48700360500004,49.46517113600004,1.0,,,Unfall im Längsverkehr,"Fahrrad, Pkw",Zusammenstoß mit seitlich in gleicher Richtung fahrendem Fahrzeug
158242.0,2017,12,17,3,Unfall mit Leichtverletzten,5.0,2.0,,1.0,1.0,0.0,0.0,,,8.476016980000054,49.48117920200008,1.0,,,Abbiegeunfall,"Fahrrad, Pkw",Zusammenstoß mit einbiegendem / kreuzendem Fahrzeug
158241.0,2017,12,13,3,Unfall mit Leichtverletzten,3.0,2.0,,1.0,1.0,0.0,0.0,,,8.490051158000028,49.52819650900005,1.0,,,Abbiegeunfall,"Fahrrad, Pkw",Zusammenstoß mit seitlich in gleicher Richtung fahrendem Fahrzeug
158602.0,2017,12,17,2,Unfall mit Leichtverletzten,6.0,7.0,,1.0,0.0,1.0,0.0,,,8.470749700000056,49.489911521000074,1.0,,,sonstiger Unfall,"Fahrrad, Fußgänger",Zusammenstoß zwischen Fahrzeug und Fußgänger
158281.0,2017,12,16,2,Unfall mit Leichtverletzten,5.0,3.0,,1.0,0.0,0.0,0.0,,,8.506769091000024,49.50949758300004,1.0,,,Einbiegen / Kreuzen-Unfall,Fahrrad,Zusammenstoß mit einbiegendem / kreuzendem Fahrzeug
59557.0,2017,12,11,2,Unfall mit Leichtverletzten,6.0,4.0,,0.0,1.0,1.0,0.0,,,8.564193130000035,49.46633028600007,0.0,,,Überschreiten-Unfall,"Pkw, Fußgänger",Zusammenstoß zwischen Fahrzeug und Fußgänger
158601.0,2017,12,9,2,Unfall mit Leichtverletzten,1.0,5.0,,1.0,1.0,0.0,0.0,,,8.477352775000043,49.49760147000006,1.0,,,Unfall durch ruhenden Verkehr,"Fahrrad, Pkw",Zusammenstoß mit anfahrendem/ anhaltendem/ ruhendem Fahrzeug
58826.0,2017,12,17,1,Unfall mit Leichtverletzten,6.0,4.0,,0.0,1.0,1.0,0.0,,,8.469092254000032,49.481998502000074,0.0,,,Überschreiten-Unfall,"Pkw, Fußgänger",Zusammenstoß zwischen Fahrzeug und Fußgänger
158300.0,2017,12,12,1,Unfall mit Leichtverletzten,5.0,3.0,,1.0,1.0,0.0,0.0,,,8.531703182000058,49.49039724100004,1.0,,,Einbiegen / Kreuzen-Unfall,"Fahrrad, Pkw",Zusammenstoß mit einbiegendem / kreuzendem Fahrzeug
157468.0,2017,11,10,7,Unfall mit Leichtverletzten,3.0,2.0,,1.0,1.0,0.0,0.0,,,8.471151316000032,49.50012991800003,1.0,,,Abbiegeunfall,"Fahrrad, Pkw",Zusammenstoß mit seitlich in gleicher Richtung fahrendem Fahrzeug
158052.0,2017,11,3,7,Unfall mit Leichtverletzten,5.0,3.0,,1.0,1.0,0.0,0.0,,,8.473567374000027,49.49192260600007,1.0,,,Einbiegen / Kreuzen-Unfall,"Fahrrad, Pkw",Zusammenstoß mit einbiegendem / kreuzendem Fahrzeug
158084.0,2017,11,20,6,Unfall mit Leichtverletzten,1.0,5.0,,1.0,1.0,0.0,0.0,,,8.47071513000003,49.486853973000045,1.0,,,Unfall durch ruhenden Verkehr,"Fahrrad, Pkw",Zusammenstoß mit anfahrendem/ anhaltendem/ ruhendem Fahrzeug
157511.0,2017,11,17,6,Unfall mit Schwerverletzten,6.0,4.0,,0.0,1.0,1.0,0.0,,,8.511011305000068,49.50732587500005,0.0,,,Überschreiten-Unfall,"Pkw, Fußgänger",Zusammenstoß zwischen Fahrzeug und Fußgänger
158085.0,2017,11,15,6,Unfall mit Leichtverletzten,5.0,3.0,,1.0,1.0,0.0,0.0,,,8.466255232000037,49.49270366700006,1.0,,,Einbiegen / Kreuzen-Unfall,"Fahrrad, Pkw",Zusammenstoß mit einbiegendem / kreuzendem Fahrzeug
157507.0,2017,11,13,6,Unfall mit Leichtverletzten,6.0,7.0,,0.0,1.0,1.0,0.0,,,8.489285566000035,49.45378248000002,0.0,,,sonstiger Unfall,"Pkw, Fußgänger",Zusammenstoß zwischen Fahrzeug und Fußgänger
157807.0,2017,11,13,6,Unfall mit Leichtverletzten,8.0,7.0,,1.0,0.0,0.0,0.0,,,8.49654304400002,49.52548780100005,1.0,,,sonstiger Unfall,Fahrrad,Abkommen von Fahrbahn nach rechts
158083.0,2017,11,8,6,Unfall mit Leichtverletzten,6.0,4.0,,0.0,0.0,1.0,0.0,,,8.462521697000057,49.48914931100006,0.0,,,Überschreiten-Unfall,Fußgänger,Zusammenstoß zwischen Fahrzeug und Fußgänger
157510.0,2017,11,7,6,Unfall mit Leichtverletzten,6.0,4.0,,0.0,1.0,1.0,0.0,,,8.492605663000063,49.50700499000004,0.0,,,Überschreiten-Unfall,"Pkw, Fußgänger",Zusammenstoß zwischen Fahrzeug und Fußgänger
158086.0,2017,11,7,6,Unfall mit Schwerverletzten,5.0,3.0,,1.0,1.0,0.0,0.0,,,8.478473904000055,49.46026969000008,1.0,,,Einbiegen / Kreuzen-Unfall,"Fahrrad, Pkw",Zusammenstoß mit einbiegendem / kreuzendem Fahrzeug
157870.0,2017,11,18,5,Unfall mit Schwerverletzten,6.0,2.0,,0.0,1.0,1.0,0.0,,,8.539468295000063,49.48446802900003,0.0,,,Abbiegeunfall,"Pkw, Fußgänger",Zusammenstoß zwischen Fahrzeug und Fußgänger
157264.0,2017,11,17,5,Unfall mit Leichtverletzten,6.0,4.0,,0.0,1.0,1.0,0.0,,,8.478483047000054,49.460271688000034,0.0,,,Überschreiten-Unfall,"Pkw, Fußgänger",Zusammenstoß zwischen Fahrzeug und Fußgänger
157266.0,2017,11,17,5,Unfall mit Leichtverletzten,6.0,7.0,,0.0,0.0,1.0,0.0,,,8.492648275000022,49.533081896000056,0.0,,,sonstiger Unfall,Fußgänger,Zusammenstoß zwischen Fahrzeug und Fußgänger
58707.0,2017,11,16,5,Unfall mit Leichtverletzten,6.0,4.0,,0.0,1.0,1.0,0.0,,,8.466926135000051,49.50831969400008,0.0,,,Überschreiten-Unfall,"Pkw, Fußgänger",Zusammenstoß zwischen Fahrzeug und Fußgänger
157549.0,2017,11,15,5,Unfall mit Leichtverletzten,6.0,7.0,,1.0,0.0,1.0,0.0,,,8.503531336000037,49.45747807800007,1.0,,,sonstiger Unfall,"Fahrrad, Fußgänger",Zusammenstoß zwischen Fahrzeug und Fußgänger
157548.0,2017,11,13,5,Unfall mit Leichtverletzten,6.0,7.0,,0.0,0.0,1.0,1.0,,,8.47613804100007,49.48115598000004,0.0,,,sonstiger Unfall,"Fußgänger, Kraftrad",Zusammenstoß zwischen Fahrzeug und Fußgänger
157840.0,2017,11,7,5,Unfall mit Leichtverletzten,6.0,7.0,,1.0,0.0,1.0,0.0,,,8.523497120000059,49.43600404700004,1.0,,,sonstiger Unfall,"Fahrrad, Fußgänger",Zusammenstoß zwischen Fahrzeug und Fußgänger
157650.0,2017,11,16,4,Unfall mit Leichtverletzten,5.0,2.0,,1.0,1.0,0.0,0.0,,,8.47799423300006,49.49762104800004,1.0,,,Abbiegeunfall,"Fahrrad, Pkw",Zusammenstoß mit einbiegendem / kreuzendem Fahrzeug
157914.0,2017,11,16,4,Unfall mit Leichtverletzten,1.0,7.0,,0.0,0.0,1.0,0.0,,,8.471471993000023,49.49992116900006,0.0,,,sonstiger Unfall,Fußgänger,Zusammenstoß mit anfahrendem/ anhaltendem/ ruhendem Fahrzeug
157369.0,2017,11,5,4,Unfall mit Schwerverletzten,6.0,7.0,,0.0,1.0,1.0,0.0,,,8.480306606000056,49.54808078900004,0.0,,,sonstiger Unfall,"Pkw, Fußgänger",Zusammenstoß zwischen Fahrzeug und Fußgänger
157694.0,2017,11,22,3,Unfall mit Leichtverletzten,6.0,7.0,,0.0,1.0,1.0,0.0,,,8.463461601000063,49.50172124200003,0.0,,,sonstiger Unfall,"Pkw, Fußgänger",Zusammenstoß zwischen Fahrzeug und Fußgänger
157970.0,2017,11,12,3,Unfall mit Schwerverletzten,6.0,4.0,,0.0,1.0,1.0,0.0,,,8.56315860500007,49.46722458600004,0.0,,,Überschreiten-Unfall,"Pkw, Fußgänger",Zusammenstoß zwischen Fahrzeug und Fußgänger
157124.0,2017,11,7,3,Unfall mit Leichtverletzten,6.0,4.0,,0.0,1.0,1.0,0.0,,,8.470676268000034,49.508560372000034,0.0,,,Überschreiten-Unfall,"Pkw, Fußgänger",Zusammenstoß zwischen Fahrzeug und Fußgänger
157380.0,2017,11,6,3,Unfall mit Leichtverletzten,5.0,7.0,,1.0,1.0,0.0,0.0,,,8.488634413000057,49.50487984000006,1.0,,,sonstiger Unfall,"Fahrrad, Pkw",Zusammenstoß mit einbiegendem / kreuzendem Fahrzeug
157415.0,2017,11,18,2,Unfall mit Leichtverletzten,4.0,2.0,,1.0,1.0,0.0,0.0,,,8.478548962000048,49.46035530800003,1.0,,,Abbiegeunfall,"Fahrrad, Pkw",Zusammenstoß mit entgegenkommendem Fahrzeug
57901.0,2017,11,10,2,Unfall mit Leichtverletzten,5.0,7.0,,1.0,1.0,0.0,0.0,,,8.475092729000039,49.485127099000074,1.0,,,sonstiger Unfall,"Fahrrad, Pkw",Zusammenstoß mit einbiegendem / kreuzendem Fahrzeug
57926.0,2017,11,10,2,Unfall mit Leichtverletzten,5.0,3.0,,1.0,0.0,0.0,0.0,,,8.53083852800006,49.48668153900008,1.0,,,Einbiegen / Kreuzen-Unfall,Fahrrad,Zusammenstoß mit einbiegendem / kreuzendem Fahrzeug
157165.0,2017,11,8,2,Unfall mit Schwerverletzten,1.0,3.0,,1.0,1.0,0.0,0.0,,,8.481243938000034,49.49774820800008,1.0,,,Einbiegen / Kreuzen-Unfall,"Fahrrad, Pkw",Zusammenstoß mit anfahrendem/ anhaltendem/ ruhendem Fahrzeug
158010.0,2017,11,7,2,Unfall mit Leichtverletzten,6.0,4.0,,1.0,0.0,1.0,0.0,,,8.468279495000047,49.48096518600005,1.0,,,Überschreiten-Unfall,"Fahrrad, Fußgänger",Zusammenstoß zwischen Fahrzeug und Fußgänger
158035.0,2017,11,19,1,Unfall mit Leichtverletzten,5.0,3.0,,1.0,1.0,0.0,0.0,,,8.484194090000074,49.49715055900003,1.0,,,Einbiegen / Kreuzen-Unfall,"Fahrrad, Pkw",Zusammenstoß mit einbiegendem / kreuzendem Fahrzeug
158036.0,2017,11,11,1,Unfall mit Schwerverletzten,6.0,4.0,,0.0,0.0,1.0,0.0,,,8.523000653000054,49.47736141900003,0.0,,,Überschreiten-Unfall,Fußgänger,Zusammenstoß zwischen Fahrzeug und Fußgänger
156212.0,2017,10,15,7,Unfall mit Leichtverletzten,1.0,5.0,,1.0,1.0,0.0,0.0,,,8.46803856400004,49.48724554100005,1.0,,,Unfall durch ruhenden Verkehr,"Fahrrad, Pkw",Zusammenstoß mit anfahrendem/ anhaltendem/ ruhendem Fahrzeug
156447.0,2017,10,0,7,Unfall mit Schwerverletzten,0.0,1.0,,1.0,0.0,0.0,0.0,,,8.491170818000057,49.47690273300003,1.0,,,Fahrunfall,Fahrrad,Unfall anderer Art
156940.0,2017,10,16,6,Unfall mit Leichtverletzten,5.0,3.0,,1.0,0.0,0.0,0.0,,,8.44465776900006,49.54665899500003,1.0,,,Einbiegen / Kreuzen-Unfall,Fahrrad,Zusammenstoß mit einbiegendem / kreuzendem Fahrzeug
156941.0,2017,10,16,6,Unfall mit Leichtverletzten,1.0,7.0,,1.0,1.0,0.0,0.0,,,8.464774784000042,49.50001356900003,1.0,,,sonstiger Unfall,"Fahrrad, Pkw",Zusammenstoß mit anfahrendem/ anhaltendem/ ruhendem Fahrzeug
156245.0,2017,10,15,6,Unfall mit Leichtverletzten,6.0,4.0,,0.0,1.0,1.0,0.0,,,8.49345313200007,49.49788633400004,0.0,,,Überschreiten-Unfall,"Pkw, Fußgänger",Zusammenstoß zwischen Fahrzeug und Fußgänger
156679.0,2017,10,14,6,Unfall mit Leichtverletzten,6.0,7.0,,0.0,1.0,1.0,0.0,,,8.485547197000074,49.52367496100004,0.0,,,sonstiger Unfall,"Pkw, Fußgänger",Zusammenstoß zwischen Fahrzeug und Fußgänger
156678.0,2017,10,13,6,Unfall mit Leichtverletzten,6.0,4.0,,0.0,1.0,1.0,0.0,,,8.488580944000034,49.52790761000006,0.0,,,Überschreiten-Unfall,"Pkw, Fußgänger",Zusammenstoß zwischen Fahrzeug und Fußgänger
156681.0,2017,10,12,6,Unfall mit Schwerverletzten,5.0,2.0,,1.0,1.0,0.0,0.0,,,8.449573672000042,49.54033101800008,1.0,,,Abbiegeunfall,"Fahrrad, Pkw",Zusammenstoß mit einbiegendem / kreuzendem Fahrzeug
156939.0,2017,10,12,6,Unfall mit Schwerverletzten,5.0,3.0,,1.0,1.0,0.0,0.0,,,8.481085417000031,49.45682074500007,1.0,,,Einbiegen / Kreuzen-Unfall,"Fahrrad, Pkw",Zusammenstoß mit einbiegendem / kreuzendem Fahrzeug
156492.0,2017,10,8,6,Unfall mit Leichtverletzten,1.0,5.0,,1.0,1.0,0.0,0.0,,,8.525204503000055,49.49063404500004,1.0,,,Unfall durch ruhenden Verkehr,"Fahrrad, Pkw",Zusammenstoß mit anfahrendem/ anhaltendem/ ruhendem Fahrzeug
156493.0,2017,10,8,6,Unfall mit Leichtverletzten,5.0,3.0,,1.0,1.0,0.0,0.0,,,8.546598890000041,49.49651769200005,1.0,,,Einbiegen / Kreuzen-Unfall,"Fahrrad, Pkw",Zusammenstoß mit einbiegendem / kreuzendem Fahrzeug
155792.0,2017,10,15,5,Unfall mit Leichtverletzten,3.0,7.0,,1.0,1.0,0.0,0.0,,,8.46457844400004,49.487350806000045,1.0,,,sonstiger Unfall,"Fahrrad, Pkw",Zusammenstoß mit seitlich in gleicher Richtung fahrendem Fahrzeug
155789.0,2017,10,13,5,Unfall mit Leichtverletzten,3.0,2.0,,1.0,0.0,0.0,0.0,,,8.493787059000056,49.52440329700005,1.0,,,Abbiegeunfall,Fahrrad,Zusammenstoß mit seitlich in gleicher Richtung fahrendem Fahrzeug
156542.0,2017,10,11,5,Unfall mit Leichtverletzten,5.0,3.0,,1.0,0.0,0.0,0.0,,,8.462994920000028,49.48668860600003,1.0,,,Einbiegen / Kreuzen-Unfall,Fahrrad,Zusammenstoß mit einbiegendem / kreuzendem Fahrzeug
56722.0,2017,10,9,5,Unfall mit Leichtverletzten,5.0,2.0,,1.0,1.0,0.0,0.0,,,8.479753041000038,49.48853440000005,1.0,,,Abbiegeunfall,"Fahrrad, Pkw",Zusammenstoß mit einbiegendem / kreuzendem Fahrzeug
156772.0,2017,10,20,4,Unfall mit Leichtverletzten,6.0,4.0,,1.0,0.0,1.0,0.0,,,8.47236293900005,49.48622183300006,1.0,,,Überschreiten-Unfall,"Fahrrad, Fußgänger",Zusammenstoß zwischen Fahrzeug und Fußgänger
155842.0,2017,10,17,4,Unfall mit Leichtverletzten,0.0,5.0,,1.0,1.0,0.0,0.0,,,8.467415526000025,49.48778016800002,1.0,,,Unfall durch ruhenden Verkehr,"Fahrrad, Pkw",Unfall anderer Art
156768.0,2017,10,17,4,Unfall mit Leichtverletzten,5.0,3.0,,1.0,1.0,0.0,0.0,,,8.493683102000034,49.50080995600007,1.0,,,Einbiegen / Kreuzen-Unfall,"Fahrrad, Pkw",Zusammenstoß mit einbiegendem / kreuzendem Fahrzeug
157056.0,2017,10,13,4,Unfall mit Schwerverletzten,6.0,4.0,,0.0,1.0,1.0,0.0,,,8.489113788000054,49.45381669300008,0.0,,,Überschreiten-Unfall,"Pkw, Fußgänger",Zusammenstoß zwischen Fahrzeug und Fußgänger
156067.0,2017,10,8,4,Unfall mit Leichtverletzten,5.0,2.0,,1.0,1.0,0.0,0.0,,,8.466872090000038,49.51076143000006,1.0,,,Abbiegeunfall,"Fahrrad, Pkw",Zusammenstoß mit einbiegendem / kreuzendem Fahrzeug
157057.0,2017,10,6,4,Unfall mit Schwerverletzten,6.0,4.0,,0.0,1.0,1.0,0.0,,,8.484636572000056,49.49375661400006,0.0,,,Überschreiten-Unfall,"Pkw, Fußgänger",Zusammenstoß zwischen Fahrzeug und Fußgänger
155876.0,2017,10,14,3,Unfall mit Leichtverletzten,0.0,7.0,,1.0,0.0,0.0,0.0,,,8.484590196000056,49.50072275200006,1.0,,,sonstiger Unfall,Fahrrad,Unfall anderer Art
156826.0,2017,10,14,3,Unfall mit Schwerverletzten,5.0,3.0,,1.0,0.0,0.0,1.0,,,8.486534666000068,49.52654520900006,1.0,,,Einbiegen / Kreuzen-Unfall,"Fahrrad, Kraftrad",Zusammenstoß mit einbiegendem / kreuzendem Fahrzeug
56287.0,2017,10,12,3,Unfall mit Leichtverletzten,0.0,7.0,,1.0,0.0,0.0,0.0,,,8.56499586600006,49.46547933300008,1.0,,,sonstiger Unfall,Fahrrad,Unfall anderer Art
156842.0,2017,10,12,3,Unfall mit Leichtverletzten,5.0,5.0,,1.0,1.0,0.0,0.0,,,8.489650377000032,49.52249231500008,1.0,,,Unfall durch ruhenden Verkehr,"Fahrrad, Pkw",Zusammenstoß mit einbiegendem / kreuzendem Fahrzeug
156841.0,2017,10,11,3,Unfall mit Leichtverletzten,5.0,3.0,,1.0,0.0,0.0,1.0,,,8.460009212000045,49.49309857900005,1.0,,,Einbiegen / Kreuzen-Unfall,"Fahrrad, Kraftrad",Zusammenstoß mit einbiegendem / kreuzendem Fahrzeug
156819.0,2017,10,10,3,Unfall mit Leichtverletzten,5.0,2.0,,1.0,1.0,0.0,0.0,,,8.48761240400006,49.52646361800004,1.0,,,Abbiegeunfall,"Fahrrad, Pkw",Zusammenstoß mit einbiegendem / kreuzendem Fahrzeug
156108.0,2017,10,8,3,Unfall mit Leichtverletzten,5.0,3.0,,1.0,1.0,0.0,0.0,,,8.506248822000032,49.47808317700003,1.0,,,Einbiegen / Kreuzen-Unfall,"Fahrrad, Pkw",Zusammenstoß mit einbiegendem / kreuzendem Fahrzeug
156350.0,2017,10,23,2,Unfall mit Leichtverletzten,4.0,6.0,,1.0,0.0,0.0,0.0,,,8.48004287200007,49.51419316800008,1.0,,,Unfall im Längsverkehr,Fahrrad,Zusammenstoß mit entgegenkommendem Fahrzeug
155906.0,2017,10,20,2,Unfall mit Leichtverletzten,0.0,1.0,,1.0,0.0,0.0,0.0,,,8.51219642500007,49.50798507700006,1.0,,,Fahrunfall,Fahrrad,Unfall anderer Art
155905.0,2017,10,17,2,Unfall mit Leichtverletzten,6.0,4.0,,0.0,0.0,1.0,1.0,,,8.486139124000033,49.476443593000056,0.0,,,Überschreiten-Unfall,"Fußgänger, Kraftrad",Zusammenstoß zwischen Fahrzeug und Fußgänger
156349.0,2017,10,17,2,Unfall mit Leichtverletzten,6.0,7.0,,1.0,0.0,1.0,0.0,,,8.481696251000074,49.47912633100003,1.0,,,sonstiger Unfall,"Fahrrad, Fußgänger",Zusammenstoß zwischen Fahrzeug und Fußgänger
156589.0,2017,10,15,2,Unfall mit Leichtverletzten,6.0,7.0,,0.0,1.0,1.0,0.0,,,8.470134292000068,49.49118615400005,0.0,,,sonstiger Unfall,"Pkw, Fußgänger",Zusammenstoß zwischen Fahrzeug und Fußgänger
56778.0,2017,10,11,2,Unfall mit Schwerverletzten,6.0,4.0,,0.0,1.0,1.0,0.0,,,8.519399564000025,49.51619900500003,0.0,,,Überschreiten-Unfall,"Pkw, Fußgänger",Zusammenstoß zwischen Fahrzeug und Fußgänger
155907.0,2017,10,11,2,Unfall mit Leichtverletzten,0.0,7.0,,1.0,0.0,0.0,0.0,,,8.492065024000055,49.50671366800003,1.0,,,sonstiger Unfall,Fahrrad,Unfall anderer Art
157319.0,2017,10,9,2,Unfall mit Leichtverletzten,6.0,4.0,,0.0,1.0,1.0,0.0,,,8.481134913000062,49.47535979100008,0.0,,,Überschreiten-Unfall,"Pkw, Fußgänger",Zusammenstoß zwischen Fahrzeug und Fußgänger
55344.0,2017,10,8,2,Unfall mit Schwerverletzten,5.0,3.0,,1.0,0.0,0.0,0.0,,,8.486879991000023,49.49638965200006,1.0,,,Einbiegen / Kreuzen-Unfall,Fahrrad,Zusammenstoß mit einbiegendem / kreuzendem Fahrzeug
156406.0,2017,10,14,1,Unfall mit Leichtverletzten,1.0,7.0,,1.0,1.0,0.0,0.0,,,8.484821185000044,49.47684234900004,1.0,,,sonstiger Unfall,"Fahrrad, Pkw",Zusammenstoß mit anfahrendem/ anhaltendem/ ruhendem Fahrzeug
54523.0,2017,9,23,7,Unfall mit Schwerverletzten,6.0,3.0,,0.0,1.0,1.0,0.0,,,8.460124171000075,49.503389610000056,0.0,,,Einbiegen / Kreuzen-Unfall,"Pkw, Fußgänger",Zusammenstoß zwischen Fahrzeug und Fußgänger
155209.0,2017,9,14,7,Unfall mit Leichtverletzten,1.0,5.0,,1.0,1.0,0.0,0.0,,,8.469521152000027,49.48887274000003,1.0,,,Unfall durch ruhenden Verkehr,"Fahrrad, Pkw",Zusammenstoß mit anfahrendem/ anhaltendem/ ruhendem Fahrzeug
155725.0,2017,9,14,7,Unfall mit Leichtverletzten,5.0,3.0,,1.0,1.0,0.0,0.0,,,8.47854407400007,49.46028502700005,1.0,,,Einbiegen / Kreuzen-Unfall,"Fahrrad, Pkw",Zusammenstoß mit einbiegendem / kreuzendem Fahrzeug
54522.0,2017,9,13,7,Unfall mit Leichtverletzten,0.0,7.0,,1.0,0.0,0.0,0.0,,,8.479572308000058,49.48833057400003,1.0,,,sonstiger Unfall,Fahrrad,Unfall anderer Art
155477.0,2017,9,9,7,Unfall mit Leichtverletzten,6.0,2.0,,0.0,1.0,1.0,0.0,,,8.46701833700007,49.49914976100007,0.0,,,Abbiegeunfall,"Pkw, Fußgänger",Zusammenstoß zwischen Fahrzeug und Fußgänger
155504.0,2017,9,18,6,Unfall mit Leichtverletzten,5.0,3.0,,1.0,1.0,0.0,0.0,,,8.509789496000053,49.46392675900007,1.0,,,Einbiegen / Kreuzen-Unfall,"Fahrrad, Pkw",Zusammenstoß mit einbiegendem / kreuzendem Fahrzeug
156011.0,2017,9,16,6,Unfall mit Leichtverletzten,6.0,6.0,,0.0,1.0,1.0,0.0,,,8.483763063000026,49.45871817300008,0.0,,,Unfall im Längsverkehr,"Pkw, Fußgänger",Zusammenstoß zwischen Fahrzeug und Fußgänger
155770.0,2017,9,14,6,Unfall mit Leichtverletzten,3.0,2.0,,1.0,1.0,0.0,0.0,,,8.469844273000035,49.50560432000003,1.0,,,Abbiegeunfall,"Fahrrad, Pkw",Zusammenstoß mit seitlich in gleicher Richtung fahrendem Fahrzeug
54011.0,2017,9,12,6,Unfall mit Schwerverletzten,0.0,7.0,,1.0,0.0,0.0,0.0,,,8.446102254000039,49.49001558200007,1.0,,,sonstiger Unfall,Fahrrad,Unfall anderer Art
155769.0,2017,9,12,6,Unfall mit Schwerverletzten,3.0,6.0,,1.0,1.0,0.0,0.0,,,8.528460822000056,49.48822161700008,1.0,,,Unfall im Längsverkehr,"Fahrrad, Pkw",Zusammenstoß mit seitlich in gleicher Richtung fahrendem Fahrzeug
155768.0,2017,9,9,6,Unfall mit Leichtverletzten,5.0,3.0,,1.0,1.0,0.0,0.0,,,8.52744705400005,49.43347648300005,1.0,,,Einbiegen / Kreuzen-Unfall,"Fahrrad, Pkw",Zusammenstoß mit einbiegendem / kreuzendem Fahrzeug
54249.0,2017,9,16,5,Unfall mit Leichtverletzten,3.0,6.0,,1.0,1.0,0.0,0.0,,,8.501424408000048,49.50475313800007,1.0,,,Unfall im Längsverkehr,"Fahrrad, Pkw",Zusammenstoß mit seitlich in gleicher Richtung fahrendem Fahrzeug
155295.0,2017,9,16,5,Unfall mit Leichtverletzten,2.0,1.0,,1.0,1.0,0.0,0.0,,,8.477038794000066,49.48272586900004,1.0,,,Fahrunfall,"Fahrrad, Pkw",Zusammenstoß mit vorausfahrendem / wartendem Fahrzeug