OBJECTID,UJAHR,UMONAT,USTUNDE,UWOCHENTAG,UKATEGORIE,UART,UTYP1,ULICHTVERH,IstRad,IstPKW,IstFuss,IstKrad,IstGkfz,IstSonstige,Longitude,Latitude,IstRadBetroffen,Kommentar,Stadtteil,typ,involved,art
54811.0,2017,9,10,5,Unfall mit Getöteten,6.0,4.0,,0.0,0.0,1.0,0.0,,,8.496692215000053,49.525877826000055,0.0,,,Überschreiten-Unfall,Fußgänger,Zusammenstoß zwischen Fahrzeug und Fußgänger
155542.0,2017,9,5,5,Unfall mit Leichtverletzten,8.0,6.0,,1.0,0.0,0.0,0.0,,,8.463330747000043,49.48783274500005,1.0,,,Unfall im Längsverkehr,Fahrrad,Abkommen von Fahrbahn nach rechts
53807.0,2017,9,23,4,Unfall mit Leichtverletzten,3.0,6.0,,1.0,1.0,0.0,0.0,,,8.473665456000049,49.48327929200008,1.0,,,Unfall im Längsverkehr,"Fahrrad, Pkw",Zusammenstoß mit seitlich in gleicher Richtung fahrendem Fahrzeug
53806.0,2017,9,22,4,Unfall mit Leichtverletzten,3.0,2.0,,1.0,1.0,0.0,0.0,,,8.462287053000068,49.48477401500002,1.0,,,Abbiegeunfall,"Fahrrad, Pkw",Zusammenstoß mit seitlich in gleicher Richtung fahrendem Fahrzeug
155337.0,2017,9,17,4,Unfall mit Leichtverletzten,5.0,3.0,,1.0,1.0,0.0,0.0,,,8.501453569000034,49.50438973400002,1.0,,,Einbiegen / Kreuzen-Unfall,"Fahrrad, Pkw",Zusammenstoß mit einbiegendem / kreuzendem Fahrzeug
155588.0,2017,9,17,4,Unfall mit Schwerverletzten,6.0,4.0,,1.0,0.0,1.0,0.0,,,8.469749596000042,49.48022138800008,1.0,,,Überschreiten-Unfall,"Fahrrad, Fußgänger",Zusammenstoß zwischen Fahrzeug und Fußgänger
54376.0,2017,9,16,4,Unfall mit Leichtverletzten,5.0,3.0,,1.0,1.0,0.0,0.0,,,8.464886162000028,49.48373688300006,1.0,,,Einbiegen / Kreuzen-Unfall,"Fahrrad, Pkw",Zusammenstoß mit einbiegendem / kreuzendem Fahrzeug
155585.0,2017,9,12,4,Unfall mit Leichtverletzten,3.0,6.0,,1.0,1.0,0.0,0.0,,,8.508717342000068,49.51420044600008,1.0,,,Unfall im Längsverkehr,"Fahrrad, Pkw",Zusammenstoß mit seitlich in gleicher Richtung fahrendem Fahrzeug
155586.0,2017,9,12,4,Unfall mit Leichtverletzten,6.0,7.0,,1.0,0.0,1.0,0.0,,,8.471394060000023,49.48572319400006,1.0,,,sonstiger Unfall,"Fahrrad, Fußgänger",Zusammenstoß zwischen Fahrzeug und Fußgänger
54378.0,2017,9,11,4,Unfall mit Leichtverletzten,6.0,4.0,,0.0,1.0,1.0,0.0,,,8.494288724000057,49.45552452600003,0.0,,,Überschreiten-Unfall,"Pkw, Fußgänger",Zusammenstoß zwischen Fahrzeug und Fußgänger
155339.0,2017,9,11,4,Unfall mit Leichtverletzten,3.0,3.0,,1.0,1.0,0.0,0.0,,,8.478502939000066,49.46027603600004,1.0,,,Einbiegen / Kreuzen-Unfall,"Fahrrad, Pkw",Zusammenstoß mit seitlich in gleicher Richtung fahrendem Fahrzeug
53818.0,2017,9,7,4,Unfall mit Leichtverletzten,6.0,4.0,,0.0,0.0,1.0,1.0,,,8.501601548000053,49.48940033900004,0.0,,,Überschreiten-Unfall,"Fußgänger, Kraftrad",Zusammenstoß zwischen Fahrzeug und Fußgänger
155338.0,2017,9,7,4,Unfall mit Leichtverletzten,5.0,3.0,,1.0,1.0,0.0,0.0,,,8.481867775000069,49.458119453000045,1.0,,,Einbiegen / Kreuzen-Unfall,"Fahrrad, Pkw",Zusammenstoß mit einbiegendem / kreuzendem Fahrzeug
155373.0,2017,9,20,3,Unfall mit Leichtverletzten,1.0,7.0,,1.0,1.0,0.0,0.0,,,8.484548189000066,49.47800238900004,1.0,,,sonstiger Unfall,"Fahrrad, Pkw",Zusammenstoß mit anfahrendem/ anhaltendem/ ruhendem Fahrzeug
155098.0,2017,9,11,3,Unfall mit Leichtverletzten,0.0,7.0,,1.0,0.0,0.0,0.0,,,8.535934174000033,49.474814133000045,1.0,,,sonstiger Unfall,Fahrrad,Unfall anderer Art
154866.0,2017,9,20,2,Unfall mit Schwerverletzten,1.0,5.0,,1.0,1.0,0.0,0.0,,,8.48807292600003,49.52725874200007,1.0,,,Unfall durch ruhenden Verkehr,"Fahrrad, Pkw",Zusammenstoß mit anfahrendem/ anhaltendem/ ruhendem Fahrzeug
154865.0,2017,9,16,2,Unfall mit Leichtverletzten,5.0,3.0,,1.0,1.0,0.0,0.0,,,8.500990759000047,49.52418588500007,1.0,,,Einbiegen / Kreuzen-Unfall,"Fahrrad, Pkw",Zusammenstoß mit einbiegendem / kreuzendem Fahrzeug
154869.0,2017,9,12,2,Unfall mit Schwerverletzten,6.0,4.0,,0.0,1.0,1.0,0.0,,,8.46329352400005,49.49575256100008,0.0,,,Überschreiten-Unfall,"Pkw, Fußgänger",Zusammenstoß zwischen Fahrzeug und Fußgänger
155419.0,2017,9,9,2,Unfall mit Leichtverletzten,5.0,2.0,,1.0,1.0,0.0,0.0,,,8.505826625000054,49.50659036000008,1.0,,,Abbiegeunfall,"Fahrrad, Pkw",Zusammenstoß mit einbiegendem / kreuzendem Fahrzeug
154900.0,2017,9,17,1,Unfall mit Leichtverletzten,0.0,7.0,,1.0,0.0,0.0,0.0,,,8.47799139500006,49.46012943400007,1.0,,,sonstiger Unfall,Fahrrad,Unfall anderer Art
153757.0,2017,8,10,7,Unfall mit Leichtverletzten,1.0,5.0,,1.0,1.0,0.0,0.0,,,8.478076656000042,49.49764949300004,1.0,,,Unfall durch ruhenden Verkehr,"Fahrrad, Pkw",Zusammenstoß mit anfahrendem/ anhaltendem/ ruhendem Fahrzeug
52844.0,2017,8,22,6,Unfall mit Leichtverletzten,4.0,6.0,,1.0,0.0,0.0,0.0,,,8.475504737000051,49.51579568200003,1.0,,,Unfall im Längsverkehr,Fahrrad,Zusammenstoß mit entgegenkommendem Fahrzeug
154413.0,2017,8,19,6,Unfall mit Leichtverletzten,5.0,3.0,,1.0,1.0,0.0,0.0,,,8.464844385000049,49.490160280000055,1.0,,,Einbiegen / Kreuzen-Unfall,"Fahrrad, Pkw",Zusammenstoß mit einbiegendem / kreuzendem Fahrzeug
52770.0,2017,8,17,6,Unfall mit Leichtverletzten,3.0,2.0,,1.0,1.0,0.0,0.0,,,8.490413097000044,49.46081639400006,1.0,,,Abbiegeunfall,"Fahrrad, Pkw",Zusammenstoß mit seitlich in gleicher Richtung fahrendem Fahrzeug
154511.0,2017,8,18,5,Unfall mit Schwerverletzten,5.0,2.0,,0.0,1.0,1.0,0.0,,,8.46922299800002,49.48854377000004,0.0,,,Abbiegeunfall,"Pkw, Fußgänger",Zusammenstoß mit einbiegendem / kreuzendem Fahrzeug
154226.0,2017,8,17,5,Unfall mit Schwerverletzten,5.0,3.0,,1.0,1.0,0.0,0.0,,,8.44717498500006,49.55759751500005,1.0,,,Einbiegen / Kreuzen-Unfall,"Fahrrad, Pkw",Zusammenstoß mit einbiegendem / kreuzendem Fahrzeug
153847.0,2017,8,15,5,Unfall mit Leichtverletzten,0.0,2.0,,0.0,1.0,1.0,0.0,,,8.472748527000022,49.48082411600007,0.0,,,Abbiegeunfall,"Pkw, Fußgänger",Unfall anderer Art
154510.0,2017,8,15,5,Unfall mit Leichtverletzten,5.0,3.0,,1.0,1.0,0.0,0.0,,,8.473454840000045,49.51365002200004,1.0,,,Einbiegen / Kreuzen-Unfall,"Fahrrad, Pkw",Zusammenstoß mit einbiegendem / kreuzendem Fahrzeug
51870.0,2017,8,1,5,Unfall mit Leichtverletzten,0.0,7.0,,1.0,0.0,0.0,0.0,,,8.58404801100005,49.45685943400008,1.0,,,sonstiger Unfall,Fahrrad,Unfall anderer Art
154265.0,2017,8,16,4,Unfall mit Leichtverletzten,0.0,7.0,,1.0,0.0,0.0,0.0,,,8.481668747000072,49.47914931200006,1.0,,,sonstiger Unfall,Fahrrad,Unfall anderer Art
154266.0,2017,8,14,4,Unfall mit Leichtverletzten,0.0,7.0,,1.0,0.0,0.0,0.0,,,8.472572438000043,49.49968289100008,1.0,,,sonstiger Unfall,Fahrrad,Unfall anderer Art
154548.0,2017,8,12,4,Unfall mit Leichtverletzten,5.0,3.0,,1.0,1.0,0.0,0.0,,,8.462796838000031,49.488965908000075,1.0,,,Einbiegen / Kreuzen-Unfall,"Fahrrad, Pkw",Zusammenstoß mit einbiegendem / kreuzendem Fahrzeug
154267.0,2017,8,10,4,Unfall mit Leichtverletzten,6.0,7.0,,0.0,1.0,1.0,0.0,,,8.468118271000037,49.47833740000005,0.0,,,sonstiger Unfall,"Pkw, Fußgänger",Zusammenstoß zwischen Fahrzeug und Fußgänger
154481.0,2017,8,9,4,Unfall mit Leichtverletzten,5.0,3.0,,1.0,1.0,0.0,0.0,,,8.524364246000061,49.43999991100002,1.0,,,Einbiegen / Kreuzen-Unfall,"Fahrrad, Pkw",Zusammenstoß mit einbiegendem / kreuzendem Fahrzeug
153983.0,2017,8,23,3,Unfall mit Leichtverletzten,5.0,3.0,,1.0,1.0,0.0,0.0,,,8.457191095000042,49.49473363800007,1.0,,,Einbiegen / Kreuzen-Unfall,"Fahrrad, Pkw",Zusammenstoß mit einbiegendem / kreuzendem Fahrzeug
154584.0,2017,8,13,3,Unfall mit Leichtverletzten,5.0,3.0,,1.0,0.0,0.0,0.0,,,8.49294754500005,49.50718818800004,1.0,,,Einbiegen / Kreuzen-Unfall,Fahrrad,Zusammenstoß mit einbiegendem / kreuzendem Fahrzeug
154199.0,2017,8,12,3,Unfall mit Leichtverletzten,5.0,7.0,,1.0,1.0,0.0,0.0,,,8.472964107000053,49.48900481600003,1.0,,,sonstiger Unfall,"Fahrrad, Pkw",Zusammenstoß mit einbiegendem / kreuzendem Fahrzeug
154297.0,2017,8,7,3,Unfall mit Leichtverletzten,6.0,4.0,,0.0,1.0,1.0,0.0,,,8.47644252200007,49.50836565000003,0.0,,,Überschreiten-Unfall,"Pkw, Fußgänger",Zusammenstoß zwischen Fahrzeug und Fußgänger
154025.0,2017,8,20,2,Unfall mit Schwerverletzten,0.0,1.0,,1.0,0.0,0.0,0.0,,,8.447767441000053,49.49765010100003,1.0,,,Fahrunfall,Fahrrad,Unfall anderer Art
154023.0,2017,8,19,2,Unfall mit Leichtverletzten,1.0,2.0,,1.0,1.0,0.0,0.0,,,8.511530816000061,49.49800010000007,1.0,,,Abbiegeunfall,"Fahrrad, Pkw",Zusammenstoß mit anfahrendem/ anhaltendem/ ruhendem Fahrzeug
153700.0,2017,8,14,2,Unfall mit Schwerverletzten,2.0,6.0,,1.0,1.0,0.0,0.0,,,8.45807787700005,49.49828068500005,1.0,,,Unfall im Längsverkehr,"Fahrrad, Pkw",Zusammenstoß mit vorausfahrendem / wartendem Fahrzeug
154623.0,2017,8,13,2,Unfall mit Leichtverletzten,0.0,7.0,,1.0,1.0,0.0,0.0,,,8.480712259000029,49.49774806300008,1.0,,,sonstiger Unfall,"Fahrrad, Pkw",Unfall anderer Art
153699.0,2017,8,8,2,Unfall mit Leichtverletzten,1.0,5.0,,1.0,1.0,0.0,0.0,,,8.47378664200005,49.48131798300005,1.0,,,Unfall durch ruhenden Verkehr,"Fahrrad, Pkw",Zusammenstoß mit anfahrendem/ anhaltendem/ ruhendem Fahrzeug
153539.0,2017,7,22,7,Unfall mit Leichtverletzten,5.0,3.0,,1.0,1.0,0.0,0.0,,,8.481971267000063,49.49486030600008,1.0,,,Einbiegen / Kreuzen-Unfall,"Fahrrad, Pkw",Zusammenstoß mit einbiegendem / kreuzendem Fahrzeug
153540.0,2017,7,22,7,Unfall mit Leichtverletzten,4.0,2.0,,1.0,1.0,0.0,0.0,,,8.524041887000067,49.50936962800006,1.0,,,Abbiegeunfall,"Fahrrad, Pkw",Zusammenstoß mit entgegenkommendem Fahrzeug
51182.0,2017,7,19,7,Unfall mit Leichtverletzten,0.0,2.0,,1.0,1.0,0.0,0.0,,,8.467360559000042,49.48276841500007,1.0,,,Abbiegeunfall,"Fahrrad, Pkw",Unfall anderer Art
152452.0,2017,7,17,7,Unfall mit Schwerverletzten,6.0,4.0,,0.0,1.0,1.0,0.0,,,8.468889656000044,49.48177539200003,0.0,,,Überschreiten-Unfall,"Pkw, Fußgänger",Zusammenstoß zwischen Fahrzeug und Fußgänger
152337.0,2017,7,8,7,Unfall mit Leichtverletzten,0.0,4.0,,1.0,0.0,1.0,0.0,,,8.468900268000027,49.49841215000004,1.0,,,Überschreiten-Unfall,"Fahrrad, Fußgänger",Unfall anderer Art
153571.0,2017,7,17,6,Unfall mit Leichtverletzten,5.0,2.0,,1.0,1.0,0.0,0.0,,,8.460467390000076,49.48895029000005,1.0,,,Abbiegeunfall,"Fahrrad, Pkw",Zusammenstoß mit einbiegendem / kreuzendem Fahrzeug
153572.0,2017,7,16,6,Unfall mit Leichtverletzten,6.0,4.0,,0.0,1.0,1.0,0.0,,,8.468979410000031,49.48321856600006,0.0,,,Überschreiten-Unfall,"Pkw, Fußgänger",Zusammenstoß zwischen Fahrzeug und Fußgänger
153333.0,2017,7,15,6,Unfall mit Leichtverletzten,5.0,2.0,,1.0,1.0,0.0,0.0,,,8.475110250000057,49.49650053800008,1.0,,,Abbiegeunfall,"Fahrrad, Pkw",Zusammenstoß mit einbiegendem / kreuzendem Fahrzeug
153336.0,2017,7,14,6,Unfall mit Leichtverletzten,5.0,3.0,,1.0,1.0,0.0,0.0,,,8.461318567000035,49.48616450700007,1.0,,,Einbiegen / Kreuzen-Unfall,"Fahrrad, Pkw",Zusammenstoß mit einbiegendem / kreuzendem Fahrzeug
50465.0,2017,7,12,6,Unfall mit Leichtverletzten,5.0,7.0,,1.0,0.0,0.0,0.0,,,8.482615598000052,49.49232811100006,1.0,,,sonstiger Unfall,Fahrrad,Zusammenstoß mit einbiegendem / kreuzendem Fahrzeug
152660.0,2017,7,11,6,Unfall mit Leichtverletzten,6.0,4.0,,0.0,1.0,1.0,0.0,,,8.461394335000023,49.48858304500004,0.0,,,Überschreiten-Unfall,"Pkw, Fußgänger",Zusammenstoß zwischen Fahrzeug und Fußgänger
153574.0,2017,7,8,6,Unfall mit Schwerverletzten,6.0,5.0,,0.0,1.0,1.0,0.0,,,8.449450265000053,49.54407222100008,0.0,,,Unfall durch ruhenden Verkehr,"Pkw, Fußgänger",Zusammenstoß zwischen Fahrzeug und Fußgänger
153396.0,2017,7,18,5,Unfall mit Leichtverletzten,5.0,2.0,,1.0,1.0,0.0,0.0,,,8.475321050000048,49.49090413300007,1.0,,,Abbiegeunfall,"Fahrrad, Pkw",Zusammenstoß mit einbiegendem / kreuzendem Fahrzeug
152720.0,2017,7,15,5,Unfall mit Leichtverletzten,1.0,3.0,,1.0,1.0,0.0,0.0,,,8.465100642000039,49.500367082000025,1.0,,,Einbiegen / Kreuzen-Unfall,"Fahrrad, Pkw",Zusammenstoß mit anfahrendem/ anhaltendem/ ruhendem Fahrzeug
152721.0,2017,7,15,5,Unfall mit Leichtverletzten,5.0,3.0,,1.0,1.0,0.0,0.0,,,8.478508414000032,49.460277233000056,1.0,,,Einbiegen / Kreuzen-Unfall,"Fahrrad, Pkw",Zusammenstoß mit einbiegendem / kreuzendem Fahrzeug
152556.0,2017,7,8,5,Unfall mit Leichtverletzten,1.0,5.0,,1.0,1.0,0.0,0.0,,,8.478150920000076,49.48078646100004,1.0,,,Unfall durch ruhenden Verkehr,"Fahrrad, Pkw",Zusammenstoß mit anfahrendem/ anhaltendem/ ruhendem Fahrzeug
152719.0,2017,7,0,5,Unfall mit Leichtverletzten,6.0,4.0,,1.0,0.0,1.0,0.0,,,8.487196452000035,49.49633651300008,1.0,,,Überschreiten-Unfall,"Fahrrad, Fußgänger",Zusammenstoß zwischen Fahrzeug und Fußgänger
153656.0,2017,7,15,4,Unfall mit Schwerverletzten,6.0,4.0,,0.0,1.0,1.0,0.0,,,8.477514701000075,49.54781109600003,0.0,,,Überschreiten-Unfall,"Pkw, Fußgänger",Zusammenstoß zwischen Fahrzeug und Fußgänger
152228.0,2017,7,17,3,Unfall mit Leichtverletzten,5.0,5.0,,1.0,1.0,0.0,0.0,,,8.489667832000066,49.522487738000045,1.0,,,Unfall durch ruhenden Verkehr,"Fahrrad, Pkw",Zusammenstoß mit einbiegendem / kreuzendem Fahrzeug
152229.0,2017,7,15,3,Unfall mit Leichtverletzten,0.0,3.0,,1.0,0.0,0.0,1.0,,,8.489245322000045,49.46039968400004,1.0,,,Einbiegen / Kreuzen-Unfall,"Fahrrad, Kraftrad",Unfall anderer Art
152989.0,2017,7,15,3,Unfall mit Leichtverletzten,5.0,3.0,,1.0,1.0,0.0,0.0,,,8.492366959000037,49.45571937600005,1.0,,,Einbiegen / Kreuzen-Unfall,"Fahrrad, Pkw",Zusammenstoß mit einbiegendem / kreuzendem Fahrzeug
152990.0,2017,7,10,3,Unfall mit Leichtverletzten,6.0,4.0,,0.0,0.0,1.0,0.0,,,8.463466706000077,49.484824569000075,0.0,,,Überschreiten-Unfall,Fußgänger,Zusammenstoß zwischen Fahrzeug und Fußgänger
152284.0,2017,7,17,2,Unfall mit Leichtverletzten,5.0,3.0,,1.0,1.0,0.0,0.0,,,8.501666171000068,49.47773634600002,1.0,,,Einbiegen / Kreuzen-Unfall,"Fahrrad, Pkw",Zusammenstoß mit einbiegendem / kreuzendem Fahrzeug
152387.0,2017,7,16,2,Unfall mit Leichtverletzten,1.0,7.0,,1.0,1.0,0.0,0.0,,,8.480639525000072,49.557911064000045,1.0,,,sonstiger Unfall,"Fahrrad, Pkw",Zusammenstoß mit anfahrendem/ anhaltendem/ ruhendem Fahrzeug
153470.0,2017,7,13,2,Unfall mit Leichtverletzten,6.0,6.0,,0.0,1.0,1.0,0.0,,,8.448225061000073,49.54265125300003,0.0,,,Unfall im Längsverkehr,"Pkw, Fußgänger",Zusammenstoß zwischen Fahrzeug und Fußgänger
50656.0,2017,7,10,2,Unfall mit Leichtverletzten,0.0,4.0,,1.0,0.0,1.0,1.0,,,8.503570283000045,49.44894555700006,1.0,,,Überschreiten-Unfall,"Fahrrad, Fußgänger, Kraftrad",Unfall anderer Art
152389.0,2017,7,10,2,Unfall mit Schwerverletzten,5.0,3.0,,1.0,1.0,0.0,0.0,,,8.474438144000032,49.472751366000075,1.0,,,Einbiegen / Kreuzen-Unfall,"Fahrrad, Pkw",Zusammenstoß mit einbiegendem / kreuzendem Fahrzeug
152426.0,2017,7,11,1,Unfall mit Schwerverletzten,3.0,6.0,,1.0,1.0,0.0,0.0,,,8.534634075000042,49.44869381500007,1.0,,,Unfall im Längsverkehr,"Fahrrad, Pkw",Zusammenstoß mit seitlich in gleicher Richtung fahrendem Fahrzeug
151622.0,2017,6,20,7,Unfall mit Leichtverletzten,0.0,7.0,,1.0,0.0,0.0,0.0,,,8.467003180000063,49.46911629300007,1.0,,,sonstiger Unfall,Fahrrad,Unfall anderer Art
49025.0,2017,6,18,7,Unfall mit Leichtverletzten,0.0,7.0,,1.0,0.0,0.0,0.0,,,8.485557820000054,49.49427434100005,1.0,,,sonstiger Unfall,Fahrrad,Unfall anderer Art
150928.0,2017,6,18,7,Unfall mit Leichtverletzten,5.0,2.0,,1.0,1.0,0.0,0.0,,,8.471244168000055,49.50022684700008,1.0,,,Abbiegeunfall,"Fahrrad, Pkw",Zusammenstoß mit einbiegendem / kreuzendem Fahrzeug
151623.0,2017,6,13,7,Unfall mit Leichtverletzten,0.0,7.0,,0.0,0.0,1.0,0.0,,,8.472607144000051,49.482002673000075,0.0,,,sonstiger Unfall,Fußgänger,Unfall anderer Art
152371.0,2017,6,19,6,Unfall mit Leichtverletzten,0.0,7.0,,1.0,1.0,0.0,0.0,,,8.469639334000021,49.48296295100005,1.0,,,sonstiger Unfall,"Fahrrad, Pkw",Unfall anderer Art
150973.0,2017,6,18,6,Unfall mit Leichtverletzten,5.0,7.0,,1.0,1.0,0.0,0.0,,,8.50191257800003,49.468169500000045,1.0,,,sonstiger Unfall,"Fahrrad, Pkw",Zusammenstoß mit einbiegendem / kreuzendem Fahrzeug
47962.0,2017,6,17,6,Unfall mit Leichtverletzten,5.0,2.0,,1.0,1.0,0.0,0.0,,,8.471959139000035,49.513320555000064,1.0,,,Abbiegeunfall,"Fahrrad, Pkw",Zusammenstoß mit einbiegendem / kreuzendem Fahrzeug
151674.0,2017,6,17,6,Unfall mit Leichtverletzten,5.0,3.0,,1.0,1.0,0.0,0.0,,,8.493124176000038,49.52180393000003,1.0,,,Einbiegen / Kreuzen-Unfall,"Fahrrad, Pkw",Zusammenstoß mit einbiegendem / kreuzendem Fahrzeug
152136.0,2017,6,17,6,Unfall mit Schwerverletzten,3.0,2.0,,1.0,1.0,0.0,0.0,,,8.469326758000022,49.48744583900003,1.0,,,Abbiegeunfall,"Fahrrad, Pkw",Zusammenstoß mit seitlich in gleicher Richtung fahrendem Fahrzeug
151266.0,2017,6,16,6,Unfall mit Leichtverletzten,5.0,3.0,,1.0,1.0,0.0,0.0,,,8.472512964000032,49.49247731600008,1.0,,,Einbiegen / Kreuzen-Unfall,"Fahrrad, Pkw",Zusammenstoß mit einbiegendem / kreuzendem Fahrzeug
49801.0,2017,6,14,6,Unfall mit Leichtverletzten,5.0,3.0,,1.0,1.0,0.0,0.0,,,8.456005504000075,49.48518772900008,1.0,,,Einbiegen / Kreuzen-Unfall,"Fahrrad, Pkw",Zusammenstoß mit einbiegendem / kreuzendem Fahrzeug
49435.0,2017,6,10,6,Unfall mit Schwerverletzten,6.0,4.0,,0.0,1.0,1.0,0.0,,,8.481160316000057,49.49022516300005,0.0,,,Überschreiten-Unfall,"Pkw, Fußgänger",Zusammenstoß zwischen Fahrzeug und Fußgänger
151514.0,2017,6,10,6,Unfall mit Leichtverletzten,4.0,5.0,,1.0,1.0,0.0,0.0,,,8.481909749000067,49.47465465600004,1.0,,,Unfall durch ruhenden Verkehr,"Fahrrad, Pkw",Zusammenstoß mit entgegenkommendem Fahrzeug
151515.0,2017,6,9,6,Unfall mit Leichtverletzten,6.0,4.0,,0.0,1.0,1.0,0.0,,,8.489000590000046,49.49851245400004,0.0,,,Überschreiten-Unfall,"Pkw, Fußgänger",Zusammenstoß zwischen Fahrzeug und Fußgänger
151676.0,2017,6,9,6,Unfall mit Leichtverletzten,4.0,2.0,,1.0,1.0,0.0,0.0,,,8.482816624000066,49.46995108300007,1.0,,,Abbiegeunfall,"Fahrrad, Pkw",Zusammenstoß mit entgegenkommendem Fahrzeug
47920.0,2017,6,16,5,Unfall mit Leichtverletzten,5.0,2.0,,1.0,1.0,0.0,0.0,,,8.468062046000057,49.48239192700004,1.0,,,Abbiegeunfall,"Fahrrad, Pkw",Zusammenstoß mit einbiegendem / kreuzendem Fahrzeug
151554.0,2017,6,16,5,Unfall mit Leichtverletzten,0.0,7.0,,1.0,0.0,0.0,0.0,,,8.53398819000006,49.424665385000026,1.0,,,sonstiger Unfall,Fahrrad,Unfall anderer Art
151730.0,2017,6,16,5,Unfall mit Leichtverletzten,3.0,5.0,,1.0,1.0,0.0,0.0,,,8.464382939000075,49.49191116000002,1.0,,,Unfall durch ruhenden Verkehr,"Fahrrad, Pkw",Zusammenstoß mit seitlich in gleicher Richtung fahrendem Fahrzeug
151032.0,2017,6,14,5,Unfall mit Leichtverletzten,5.0,3.0,,1.0,1.0,0.0,0.0,,,8.49023334800006,49.46146620700006,1.0,,,Einbiegen / Kreuzen-Unfall,"Fahrrad, Pkw",Zusammenstoß mit einbiegendem / kreuzendem Fahrzeug
151068.0,2017,6,21,4,Unfall mit Leichtverletzten,5.0,2.0,,1.0,1.0,0.0,0.0,,,8.47598627800005,49.45950510400007,1.0,,,Abbiegeunfall,"Fahrrad, Pkw",Zusammenstoß mit einbiegendem / kreuzendem Fahrzeug
151069.0,2017,6,16,4,Unfall mit Leichtverletzten,5.0,3.0,,1.0,1.0,0.0,0.0,,,8.528012323000041,49.41498843300008,1.0,,,Einbiegen / Kreuzen-Unfall,"Fahrrad, Pkw",Zusammenstoß mit einbiegendem / kreuzendem Fahrzeug
151070.0,2017,6,12,4,Unfall mit Leichtverletzten,0.0,5.0,,1.0,0.0,0.0,0.0,,,8.459033532000035,49.49450093000007,1.0,,,Unfall durch ruhenden Verkehr,Fahrrad,Unfall anderer Art
151789.0,2017,6,8,4,Unfall mit Schwerverletzten,0.0,4.0,,0.0,1.0,1.0,0.0,,,8.489665925000054,49.45370017700003,0.0,,,Überschreiten-Unfall,"Pkw, Fußgänger",Unfall anderer Art
152010.0,2017,6,18,3,Unfall mit Leichtverletzten,3.0,2.0,,1.0,1.0,0.0,0.0,,,8.465157396000052,49.48900211200004,1.0,,,Abbiegeunfall,"Fahrrad, Pkw",Zusammenstoß mit seitlich in gleicher Richtung fahrendem Fahrzeug
152011.0,2017,6,18,3,Unfall mit Leichtverletzten,1.0,5.0,,1.0,1.0,0.0,0.0,,,8.47371092700007,49.54749932900006,1.0,,,Unfall durch ruhenden Verkehr,"Fahrrad, Pkw",Zusammenstoß mit anfahrendem/ anhaltendem/ ruhendem Fahrzeug
152015.0,2017,6,16,3,Unfall mit Leichtverletzten,5.0,3.0,,1.0,1.0,0.0,0.0,,,8.493711191000045,49.50078780300004,1.0,,,Einbiegen / Kreuzen-Unfall,"Fahrrad, Pkw",Zusammenstoß mit einbiegendem / kreuzendem Fahrzeug
152013.0,2017,6,15,3,Unfall mit Schwerverletzten,6.0,2.0,,0.0,0.0,1.0,0.0,,,8.437342662000049,49.54778040700006,0.0,,,Abbiegeunfall,Fußgänger,Zusammenstoß zwischen Fahrzeug und Fußgänger
152009.0,2017,6,13,3,Unfall mit Leichtverletzten,0.0,7.0,,1.0,0.0,0.0,0.0,,,8.47855878100006,49.50832982000002,1.0,,,sonstiger Unfall,Fahrrad,Unfall anderer Art
151107.0,2017,6,11,3,Unfall mit Leichtverletzten,6.0,7.0,,0.0,0.0,1.0,0.0,,,8.451475022000068,49.53938709800008,0.0,,,sonstiger Unfall,Fußgänger,Zusammenstoß zwischen Fahrzeug und Fußgänger
152012.0,2017,6,7,3,Unfall mit Leichtverletzten,5.0,3.0,,1.0,1.0,0.0,0.0,,,8.509357047000037,49.50906995900005,1.0,,,Einbiegen / Kreuzen-Unfall,"Fahrrad, Pkw",Zusammenstoß mit einbiegendem / kreuzendem Fahrzeug
151395.0,2017,6,20,2,Unfall mit Schwerverletzten,6.0,4.0,,0.0,1.0,1.0,0.0,,,8.470409191000044,49.50757989500005,0.0,,,Überschreiten-Unfall,"Pkw, Fußgänger",Zusammenstoß zwischen Fahrzeug und Fußgänger
151392.0,2017,6,18,2,Unfall mit Leichtverletzten,0.0,1.0,,1.0,0.0,0.0,0.0,,,8.476120989000037,49.47345842800007,1.0,,,Fahrunfall,Fahrrad,Unfall anderer Art
151393.0,2017,6,7,2,Unfall mit Leichtverletzten,0.0,7.0,,1.0,0.0,0.0,0.0,,,8.507246707000036,49.44176678200006,1.0,,,sonstiger Unfall,Fahrrad,Unfall anderer Art