OBJECTID,UJAHR,UMONAT,USTUNDE,UWOCHENTAG,UKATEGORIE,UART,UTYP1,ULICHTVERH,IstRad,IstPKW,IstFuss,IstKrad,IstGkfz,IstSonstige,Longitude,Latitude,IstRadBetroffen,Kommentar,Stadtteil,typ,involved,art
147719.0,2017,3,10,2,Unfall mit Leichtverletzten,0.0,7.0,,1.0,0.0,0.0,0.0,,,8.50905590700006,49.48557931400006,1.0,,,sonstiger Unfall,Fahrrad,Unfall anderer Art
148012.0,2017,3,10,2,Unfall mit Leichtverletzten,5.0,3.0,,1.0,1.0,0.0,0.0,,,8.472499003000053,49.50009255800006,1.0,,,Einbiegen / Kreuzen-Unfall,"Fahrrad, Pkw",Zusammenstoß mit einbiegendem / kreuzendem Fahrzeug
148014.0,2017,3,7,2,Unfall mit Leichtverletzten,6.0,4.0,,0.0,1.0,1.0,0.0,,,8.494858450000038,49.53340065800006,0.0,,,Überschreiten-Unfall,"Pkw, Fußgänger",Zusammenstoß zwischen Fahrzeug und Fußgänger
148043.0,2017,3,19,1,Unfall mit Schwerverletzten,0.0,7.0,,1.0,0.0,0.0,0.0,,,8.53374820700003,49.42487852500005,1.0,,,sonstiger Unfall,Fahrrad,Unfall anderer Art
148042.0,2017,3,14,1,Unfall mit Schwerverletzten,6.0,7.0,,0.0,0.0,1.0,0.0,,,8.494024688000025,49.48658563500004,0.0,,,sonstiger Unfall,Fußgänger,Zusammenstoß zwischen Fahrzeug und Fußgänger
147000.0,2017,2,13,7,Unfall mit Leichtverletzten,6.0,4.0,,0.0,1.0,1.0,0.0,,,8.469140605000064,49.49833316300004,0.0,,,Überschreiten-Unfall,"Pkw, Fußgänger",Zusammenstoß zwischen Fahrzeug und Fußgänger
146664.0,2017,2,12,7,Unfall mit Leichtverletzten,5.0,3.0,,1.0,1.0,0.0,0.0,,,8.48209147600005,49.453947552000045,1.0,,,Einbiegen / Kreuzen-Unfall,"Fahrrad, Pkw",Zusammenstoß mit einbiegendem / kreuzendem Fahrzeug
146831.0,2017,2,12,7,Unfall mit Schwerverletzten,0.0,1.0,,1.0,0.0,0.0,0.0,,,8.504094314000042,49.44187364800007,1.0,,,Fahrunfall,Fahrrad,Unfall anderer Art
147374.0,2017,2,16,6,Unfall mit Leichtverletzten,2.0,6.0,,1.0,1.0,0.0,0.0,,,8.503012429000023,49.52643795800003,1.0,,,Unfall im Längsverkehr,"Fahrrad, Pkw",Zusammenstoß mit vorausfahrendem / wartendem Fahrzeug
41957.0,2017,2,7,6,Unfall mit Leichtverletzten,5.0,2.0,,1.0,1.0,0.0,0.0,,,8.455887640000071,49.48695625700003,1.0,,,Abbiegeunfall,"Fahrrad, Pkw",Zusammenstoß mit einbiegendem / kreuzendem Fahrzeug
147055.0,2017,2,16,5,Unfall mit Leichtverletzten,5.0,5.0,,1.0,1.0,0.0,0.0,,,8.502456731000052,49.45833506600008,1.0,,,Unfall durch ruhenden Verkehr,"Fahrrad, Pkw",Zusammenstoß mit einbiegendem / kreuzendem Fahrzeug
146703.0,2017,2,7,5,Unfall mit Leichtverletzten,5.0,2.0,,1.0,1.0,0.0,0.0,,,8.487842072000035,49.49558299400008,1.0,,,Abbiegeunfall,"Fahrrad, Pkw",Zusammenstoß mit einbiegendem / kreuzendem Fahrzeug
147093.0,2017,2,21,4,Unfall mit Schwerverletzten,6.0,4.0,,0.0,1.0,1.0,0.0,,,8.48667243500006,49.52676977800007,0.0,,,Überschreiten-Unfall,"Pkw, Fußgänger",Zusammenstoß zwischen Fahrzeug und Fußgänger
146733.0,2017,2,17,4,Unfall mit Leichtverletzten,5.0,3.0,,1.0,1.0,0.0,0.0,,,8.481832284000063,49.45810835000003,1.0,,,Einbiegen / Kreuzen-Unfall,"Fahrrad, Pkw",Zusammenstoß mit einbiegendem / kreuzendem Fahrzeug
42068.0,2017,2,8,4,Unfall mit Leichtverletzten,5.0,2.0,,1.0,0.0,0.0,0.0,,,8.45574070400005,49.48702013700006,1.0,,,Abbiegeunfall,Fahrrad,Zusammenstoß mit einbiegendem / kreuzendem Fahrzeug
147095.0,2017,2,8,4,Unfall mit Leichtverletzten,4.0,2.0,,1.0,1.0,0.0,0.0,,,8.48109546400002,49.45693789200004,1.0,,,Abbiegeunfall,"Fahrrad, Pkw",Zusammenstoß mit entgegenkommendem Fahrzeug
146736.0,2017,2,7,4,Unfall mit Leichtverletzten,6.0,4.0,,0.0,1.0,1.0,0.0,,,8.454117763000056,49.54399307600005,0.0,,,Überschreiten-Unfall,"Pkw, Fußgänger",Zusammenstoß zwischen Fahrzeug und Fußgänger
147094.0,2017,2,7,4,Unfall mit Leichtverletzten,5.0,3.0,,1.0,1.0,0.0,0.0,,,8.50550144500005,49.53528466000006,1.0,,,Einbiegen / Kreuzen-Unfall,"Fahrrad, Pkw",Zusammenstoß mit einbiegendem / kreuzendem Fahrzeug
147133.0,2017,2,19,3,Unfall mit Leichtverletzten,5.0,3.0,,1.0,1.0,0.0,0.0,,,8.481091107000054,49.45682240900004,1.0,,,Einbiegen / Kreuzen-Unfall,"Fahrrad, Pkw",Zusammenstoß mit einbiegendem / kreuzendem Fahrzeug
147134.0,2017,2,19,3,Unfall mit Leichtverletzten,6.0,7.0,,0.0,0.0,1.0,0.0,,,8.466620549000027,49.49942099300006,0.0,,,sonstiger Unfall,Fußgänger,Zusammenstoß zwischen Fahrzeug und Fußgänger
146922.0,2017,2,17,3,Unfall mit Leichtverletzten,0.0,7.0,,1.0,0.0,0.0,0.0,,,8.473849076000022,49.51812494400008,1.0,,,sonstiger Unfall,Fahrrad,Unfall anderer Art
147132.0,2017,2,12,3,Unfall mit Leichtverletzten,6.0,5.0,,0.0,0.0,1.0,0.0,,,8.501493133000054,49.52336524100008,0.0,,,Unfall durch ruhenden Verkehr,Fußgänger,Zusammenstoß zwischen Fahrzeug und Fußgänger
147288.0,2017,2,8,3,Unfall mit Schwerverletzten,5.0,3.0,,1.0,1.0,0.0,0.0,,,8.481254831000058,49.49778484900003,1.0,,,Einbiegen / Kreuzen-Unfall,"Fahrrad, Pkw",Zusammenstoß mit einbiegendem / kreuzendem Fahrzeug
41598.0,2017,2,19,2,Unfall mit Leichtverletzten,6.0,4.0,,0.0,1.0,1.0,0.0,,,8.47003968200005,49.48162185100006,0.0,,,Überschreiten-Unfall,"Pkw, Fußgänger",Zusammenstoß zwischen Fahrzeug und Fußgänger
147316.0,2017,2,17,2,Unfall mit Leichtverletzten,6.0,7.0,,0.0,1.0,1.0,0.0,,,8.467660445000035,49.490596494000044,0.0,,,sonstiger Unfall,"Pkw, Fußgänger",Zusammenstoß zwischen Fahrzeug und Fußgänger
147157.0,2017,2,15,2,Unfall mit Schwerverletzten,6.0,4.0,,0.0,1.0,1.0,0.0,,,8.527123044000064,49.50573437100008,0.0,,,Überschreiten-Unfall,"Pkw, Fußgänger",Zusammenstoß zwischen Fahrzeug und Fußgänger
147315.0,2017,2,12,2,Unfall mit Leichtverletzten,1.0,5.0,,1.0,1.0,0.0,0.0,,,8.487579195000023,49.49590069600004,1.0,,,Unfall durch ruhenden Verkehr,"Fahrrad, Pkw",Zusammenstoß mit anfahrendem/ anhaltendem/ ruhendem Fahrzeug
41638.0,2017,2,10,1,Unfall mit Leichtverletzten,0.0,7.0,,1.0,0.0,0.0,0.0,,,8.564002171000027,49.46648195500006,1.0,,,sonstiger Unfall,Fahrrad,Unfall anderer Art
40180.0,2017,1,21,7,Unfall mit Getöteten,6.0,4.0,,0.0,1.0,1.0,0.0,,,8.528013834000035,49.44467161400007,0.0,,,Überschreiten-Unfall,"Pkw, Fußgänger",Zusammenstoß zwischen Fahrzeug und Fußgänger
146325.0,2017,1,11,7,Unfall mit Schwerverletzten,5.0,3.0,,1.0,1.0,0.0,0.0,,,8.478776541000059,49.54696612900005,1.0,,,Einbiegen / Kreuzen-Unfall,"Fahrrad, Pkw",Zusammenstoß mit einbiegendem / kreuzendem Fahrzeug
146169.0,2017,1,17,6,Unfall mit Schwerverletzten,6.0,2.0,,0.0,1.0,1.0,0.0,,,8.521769895000034,49.44527802700002,0.0,,,Abbiegeunfall,"Pkw, Fußgänger",Zusammenstoß zwischen Fahrzeug und Fußgänger
146351.0,2017,1,7,6,Unfall mit Leichtverletzten,6.0,3.0,,0.0,1.0,1.0,0.0,,,8.512831855000059,49.454294119000046,0.0,,,Einbiegen / Kreuzen-Unfall,"Pkw, Fußgänger",Zusammenstoß zwischen Fahrzeug und Fußgänger
146012.0,2017,1,20,5,Unfall mit Leichtverletzten,1.0,5.0,,1.0,1.0,0.0,0.0,,,8.494104445000062,49.45154408300005,1.0,,,Unfall durch ruhenden Verkehr,"Fahrrad, Pkw",Zusammenstoß mit anfahrendem/ anhaltendem/ ruhendem Fahrzeug
146540.0,2017,1,15,5,Unfall mit Schwerverletzten,6.0,7.0,,0.0,0.0,1.0,0.0,,,8.508229992000054,49.51533960100005,0.0,,,sonstiger Unfall,Fußgänger,Zusammenstoß zwischen Fahrzeug und Fußgänger
146384.0,2017,1,14,5,Unfall mit Leichtverletzten,0.0,5.0,,1.0,1.0,0.0,0.0,,,8.471418912000047,49.497585206000046,1.0,,,Unfall durch ruhenden Verkehr,"Fahrrad, Pkw",Unfall anderer Art
145881.0,2017,1,12,5,Unfall mit Leichtverletzten,5.0,3.0,,1.0,1.0,0.0,0.0,,,8.472503075000077,49.487132100000046,1.0,,,Einbiegen / Kreuzen-Unfall,"Fahrrad, Pkw",Zusammenstoß mit einbiegendem / kreuzendem Fahrzeug
146386.0,2017,1,9,5,Unfall mit Leichtverletzten,6.0,6.0,,0.0,1.0,1.0,0.0,,,8.472254640000074,49.47853679400004,0.0,,,Unfall im Längsverkehr,"Pkw, Fußgänger",Zusammenstoß zwischen Fahrzeug und Fußgänger
145918.0,2017,1,7,4,Unfall mit Leichtverletzten,5.0,3.0,,1.0,0.0,0.0,0.0,,,8.470041073000061,49.50367894400006,1.0,,,Einbiegen / Kreuzen-Unfall,Fahrrad,Zusammenstoß mit einbiegendem / kreuzendem Fahrzeug
146048.0,2017,1,19,3,Unfall mit Leichtverletzten,6.0,7.0,,0.0,1.0,1.0,0.0,,,8.495180052000023,49.501004286000075,0.0,,,sonstiger Unfall,"Pkw, Fußgänger",Zusammenstoß zwischen Fahrzeug und Fußgänger
146049.0,2017,1,18,3,Unfall mit Leichtverletzten,5.0,3.0,,1.0,1.0,0.0,0.0,,,8.49271335700007,49.45435041900004,1.0,,,Einbiegen / Kreuzen-Unfall,"Fahrrad, Pkw",Zusammenstoß mit einbiegendem / kreuzendem Fahrzeug
41399.0,2017,1,18,2,Unfall mit Leichtverletzten,6.0,4.0,,0.0,1.0,1.0,0.0,,,8.495566461000067,49.45318062300004,0.0,,,Überschreiten-Unfall,"Pkw, Fußgänger",Zusammenstoß zwischen Fahrzeug und Fußgänger
146071.0,2017,1,16,2,Unfall mit Leichtverletzten,6.0,7.0,,0.0,1.0,1.0,0.0,,,8.471237957000028,49.48710725400008,0.0,,,sonstiger Unfall,"Pkw, Fußgänger",Zusammenstoß zwischen Fahrzeug und Fußgänger
146279.0,2017,1,16,2,Unfall mit Leichtverletzten,6.0,7.0,,1.0,0.0,1.0,0.0,,,8.467627246000063,49.49217197000007,1.0,,,sonstiger Unfall,"Fahrrad, Fußgänger",Zusammenstoß zwischen Fahrzeug und Fußgänger
146281.0,2017,1,7,2,Unfall mit Schwerverletzten,5.0,3.0,,1.0,1.0,0.0,0.0,,,8.519797028000028,49.488473156000055,1.0,,,Einbiegen / Kreuzen-Unfall,"Fahrrad, Pkw",Zusammenstoß mit einbiegendem / kreuzendem Fahrzeug
43003.0,2016,12,19,7,Unfall mit Leichtverletzten,6.0,4.0,2.0,0.0,1.0,1.0,0.0,0.0,,8.532010213,49.427366162,0.0,,,Überschreiten-Unfall,"Pkw, Fußgänger",Zusammenstoß zwischen Fahrzeug und Fußgänger
43622.0,2016,12,18,7,Unfall mit Leichtverletzten,5.0,2.0,2.0,1.0,0.0,0.0,0.0,0.0,,8.472469653,49.480600836,1.0,,,Abbiegeunfall,Fahrrad,Zusammenstoß mit einbiegendem / kreuzendem Fahrzeug
42272.0,2016,12,15,7,Unfall mit Leichtverletzten,6.0,6.0,0.0,0.0,1.0,1.0,0.0,0.0,,8.48994017,49.461580467,0.0,,,Unfall im Längsverkehr,"Pkw, Fußgänger",Zusammenstoß zwischen Fahrzeug und Fußgänger
121572.0,2016,12,14,7,Unfall mit Leichtverletzten,3.0,2.0,0.0,1.0,0.0,0.0,0.0,0.0,,8.461656931,49.490386086,1.0,,,Abbiegeunfall,Fahrrad,Zusammenstoß mit seitlich in gleicher Richtung fahrendem Fahrzeug
43670.0,2016,12,12,7,Unfall mit Schwerverletzten,6.0,2.0,0.0,0.0,1.0,1.0,0.0,0.0,,8.488097074,49.463630452,0.0,,,Abbiegeunfall,"Pkw, Fußgänger",Zusammenstoß zwischen Fahrzeug und Fußgänger
121447.0,2016,12,11,7,Unfall mit Schwerverletzten,5.0,3.0,0.0,1.0,1.0,0.0,0.0,0.0,,8.528328163,49.434524169,1.0,,,Einbiegen / Kreuzen-Unfall,"Fahrrad, Pkw",Zusammenstoß mit einbiegendem / kreuzendem Fahrzeug
121540.0,2016,12,20,6,Unfall mit Leichtverletzten,6.0,7.0,2.0,0.0,1.0,1.0,0.0,0.0,,8.463674099,49.494281589,0.0,,,sonstiger Unfall,"Pkw, Fußgänger",Zusammenstoß zwischen Fahrzeug und Fußgänger
121912.0,2016,12,20,6,Unfall mit Leichtverletzten,5.0,3.0,2.0,1.0,1.0,0.0,0.0,0.0,,8.471695743,49.498721085,1.0,,,Einbiegen / Kreuzen-Unfall,"Fahrrad, Pkw",Zusammenstoß mit einbiegendem / kreuzendem Fahrzeug
121035.0,2016,12,16,6,Unfall mit Leichtverletzten,1.0,5.0,2.0,1.0,1.0,0.0,0.0,0.0,,8.49045484,49.456053018,1.0,,,Unfall durch ruhenden Verkehr,"Fahrrad, Pkw",Zusammenstoß mit anfahrendem/ anhaltendem/ ruhendem Fahrzeug
121698.0,2016,12,16,6,Unfall mit Leichtverletzten,8.0,2.0,0.0,0.0,1.0,1.0,0.0,0.0,,8.466553706,49.489406504,0.0,,,Abbiegeunfall,"Pkw, Fußgänger",Abkommen von Fahrbahn nach rechts
122214.0,2016,12,14,6,Unfall mit Leichtverletzten,1.0,5.0,0.0,1.0,1.0,0.0,0.0,0.0,,8.477596998,49.552179774,1.0,,,Unfall durch ruhenden Verkehr,"Fahrrad, Pkw",Zusammenstoß mit anfahrendem/ anhaltendem/ ruhendem Fahrzeug
121172.0,2016,12,12,6,Unfall mit Leichtverletzten,1.0,7.0,0.0,1.0,0.0,0.0,0.0,0.0,,8.475552449,49.479880362,1.0,,,sonstiger Unfall,Fahrrad,Zusammenstoß mit anfahrendem/ anhaltendem/ ruhendem Fahrzeug
42133.0,2016,12,22,5,Unfall mit Leichtverletzten,6.0,4.0,2.0,0.0,1.0,1.0,0.0,0.0,,8.460645172,49.494055406,0.0,,,Überschreiten-Unfall,"Pkw, Fußgänger",Zusammenstoß zwischen Fahrzeug und Fußgänger
121666.0,2016,12,21,5,Unfall mit Leichtverletzten,6.0,7.0,2.0,1.0,0.0,1.0,0.0,0.0,,8.46796935,49.489682387,1.0,,,sonstiger Unfall,"Fahrrad, Fußgänger",Zusammenstoß zwischen Fahrzeug und Fußgänger
121717.0,2016,12,19,5,Unfall mit Leichtverletzten,6.0,7.0,2.0,1.0,0.0,1.0,0.0,0.0,,8.473466315,49.484866221,1.0,,,sonstiger Unfall,"Fahrrad, Fußgänger",Zusammenstoß zwischen Fahrzeug und Fußgänger
121218.0,2016,12,18,5,Unfall mit Leichtverletzten,6.0,4.0,2.0,0.0,1.0,1.0,0.0,0.0,,8.495793904,49.4990884,0.0,,,Überschreiten-Unfall,"Pkw, Fußgänger",Zusammenstoß zwischen Fahrzeug und Fußgänger
121026.0,2016,12,17,5,Unfall mit Leichtverletzten,1.0,3.0,1.0,1.0,1.0,0.0,0.0,0.0,,8.462167699,49.487015075,1.0,,,Einbiegen / Kreuzen-Unfall,"Fahrrad, Pkw",Zusammenstoß mit anfahrendem/ anhaltendem/ ruhendem Fahrzeug
121131.0,2016,12,14,5,Unfall mit Leichtverletzten,6.0,4.0,0.0,0.0,1.0,1.0,0.0,0.0,,8.471020988,49.486866687,0.0,,,Überschreiten-Unfall,"Pkw, Fußgänger",Zusammenstoß zwischen Fahrzeug und Fußgänger
121994.0,2016,12,9,5,Unfall mit Schwerverletzten,0.0,7.0,0.0,1.0,0.0,0.0,0.0,0.0,,8.492598078,49.533025389,1.0,,,sonstiger Unfall,Fahrrad,Unfall anderer Art
121586.0,2016,12,15,4,Unfall mit Leichtverletzten,6.0,2.0,0.0,0.0,1.0,1.0,0.0,0.0,,8.466320166,49.486592524,0.0,,,Abbiegeunfall,"Pkw, Fußgänger",Zusammenstoß zwischen Fahrzeug und Fußgänger
121590.0,2016,12,14,4,Unfall mit Leichtverletzten,6.0,1.0,0.0,0.0,1.0,1.0,0.0,0.0,,8.472829938,49.482872749,0.0,,,Fahrunfall,"Pkw, Fußgänger",Zusammenstoß zwischen Fahrzeug und Fußgänger
122020.0,2016,12,10,4,Unfall mit Leichtverletzten,5.0,3.0,0.0,1.0,1.0,0.0,0.0,0.0,,8.506750687,49.509503817,1.0,,,Einbiegen / Kreuzen-Unfall,"Fahrrad, Pkw",Zusammenstoß mit einbiegendem / kreuzendem Fahrzeug
121490.0,2016,12,9,4,Unfall mit Schwerverletzten,6.0,7.0,0.0,0.0,0.0,1.0,0.0,0.0,,8.466354618,49.487702998,0.0,,,sonstiger Unfall,Fußgänger,Zusammenstoß zwischen Fahrzeug und Fußgänger
121439.0,2016,12,8,4,Unfall mit Leichtverletzten,0.0,1.0,1.0,1.0,0.0,0.0,0.0,0.0,,8.480633656,49.47146387,1.0,,,Fahrunfall,Fahrrad,Unfall anderer Art
121394.0,2016,12,18,3,Unfall mit Schwerverletzten,5.0,3.0,2.0,1.0,1.0,0.0,0.0,0.0,,8.482963966,49.481428167,1.0,,,Einbiegen / Kreuzen-Unfall,"Fahrrad, Pkw",Zusammenstoß mit einbiegendem / kreuzendem Fahrzeug
121480.0,2016,12,18,3,Unfall mit Schwerverletzten,6.0,4.0,2.0,0.0,1.0,1.0,0.0,0.0,,8.469980599,49.505473903,0.0,,,Überschreiten-Unfall,"Pkw, Fußgänger",Zusammenstoß zwischen Fahrzeug und Fußgänger
121727.0,2016,12,18,3,Unfall mit Leichtverletzten,5.0,2.0,0.0,1.0,1.0,0.0,0.0,0.0,,8.483777188,49.49725029,1.0,,,Abbiegeunfall,"Fahrrad, Pkw",Zusammenstoß mit einbiegendem / kreuzendem Fahrzeug
42802.0,2016,12,15,3,Unfall mit Leichtverletzten,1.0,5.0,0.0,1.0,1.0,0.0,0.0,0.0,,8.484897449,49.494382784,1.0,,,Unfall durch ruhenden Verkehr,"Fahrrad, Pkw",Zusammenstoß mit anfahrendem/ anhaltendem/ ruhendem Fahrzeug
121450.0,2016,12,14,3,Unfall mit Leichtverletzten,5.0,3.0,0.0,1.0,1.0,0.0,0.0,0.0,,8.493856127,49.45582455,1.0,,,Einbiegen / Kreuzen-Unfall,"Fahrrad, Pkw",Zusammenstoß mit einbiegendem / kreuzendem Fahrzeug
121427.0,2016,12,12,3,Unfall mit Schwerverletzten,5.0,2.0,0.0,1.0,1.0,0.0,0.0,0.0,,8.475109739,49.490919316,1.0,,,Abbiegeunfall,"Fahrrad, Pkw",Zusammenstoß mit einbiegendem / kreuzendem Fahrzeug
121793.0,2016,12,7,3,Unfall mit Leichtverletzten,6.0,4.0,2.0,0.0,1.0,1.0,0.0,0.0,,8.470454621,49.483419358,0.0,,,Überschreiten-Unfall,"Pkw, Fußgänger",Zusammenstoß zwischen Fahrzeug und Fußgänger
121772.0,2016,12,5,3,Unfall mit Leichtverletzten,6.0,2.0,2.0,0.0,1.0,1.0,0.0,0.0,,8.474759047,49.516506873,0.0,,,Abbiegeunfall,"Pkw, Fußgänger",Zusammenstoß zwischen Fahrzeug und Fußgänger
121571.0,2016,12,16,2,Unfall mit Schwerverletzten,5.0,5.0,0.0,1.0,0.0,0.0,1.0,0.0,,8.513926443,49.525118048,1.0,,,Unfall durch ruhenden Verkehr,"Fahrrad, Kraftrad",Zusammenstoß mit einbiegendem / kreuzendem Fahrzeug
121399.0,2016,12,15,2,Unfall mit Leichtverletzten,6.0,4.0,0.0,0.0,1.0,1.0,0.0,0.0,,8.468684355,49.49848312,0.0,,,Überschreiten-Unfall,"Pkw, Fußgänger",Zusammenstoß zwischen Fahrzeug und Fußgänger
121391.0,2016,12,14,2,Unfall mit Schwerverletzten,6.0,5.0,0.0,0.0,1.0,1.0,0.0,0.0,,8.464186807,49.485581342,0.0,,,Unfall durch ruhenden Verkehr,"Pkw, Fußgänger",Zusammenstoß zwischen Fahrzeug und Fußgänger
43576.0,2016,12,19,1,Unfall mit Leichtverletzten,5.0,3.0,1.0,1.0,1.0,0.0,0.0,0.0,,8.488000603,49.497589671,1.0,,,Einbiegen / Kreuzen-Unfall,"Fahrrad, Pkw",Zusammenstoß mit einbiegendem / kreuzendem Fahrzeug
121694.0,2016,12,19,1,Unfall mit Leichtverletzten,6.0,4.0,2.0,0.0,1.0,1.0,0.0,0.0,,8.47207441,49.508386298,0.0,,,Überschreiten-Unfall,"Pkw, Fußgänger",Zusammenstoß zwischen Fahrzeug und Fußgänger
120357.0,2016,11,20,7,Unfall mit Leichtverletzten,5.0,3.0,2.0,1.0,1.0,0.0,0.0,0.0,,8.481118877,49.456830525,1.0,,,Einbiegen / Kreuzen-Unfall,"Fahrrad, Pkw",Zusammenstoß mit einbiegendem / kreuzendem Fahrzeug
41682.0,2016,11,19,7,Unfall mit Leichtverletzten,3.0,6.0,2.0,1.0,1.0,0.0,0.0,0.0,,8.462482724,49.484693229,1.0,,,Unfall im Längsverkehr,"Fahrrad, Pkw",Zusammenstoß mit seitlich in gleicher Richtung fahrendem Fahrzeug
120749.0,2016,11,17,6,Unfall mit Leichtverletzten,6.0,7.0,1.0,0.0,1.0,1.0,0.0,0.0,,8.477627201,49.484312021,0.0,,,sonstiger Unfall,"Pkw, Fußgänger",Zusammenstoß zwischen Fahrzeug und Fußgänger
120713.0,2016,11,9,6,Unfall mit Schwerverletzten,6.0,2.0,0.0,0.0,1.0,1.0,0.0,0.0,,8.466289411,49.484272559,0.0,,,Abbiegeunfall,"Pkw, Fußgänger",Zusammenstoß zwischen Fahrzeug und Fußgänger
120224.0,2016,11,15,5,Unfall mit Leichtverletzten,5.0,3.0,0.0,1.0,1.0,0.0,0.0,0.0,,8.473413771,49.539262634,1.0,,,Einbiegen / Kreuzen-Unfall,"Fahrrad, Pkw",Zusammenstoß mit einbiegendem / kreuzendem Fahrzeug
120235.0,2016,11,13,5,Unfall mit Leichtverletzten,5.0,3.0,0.0,1.0,1.0,0.0,0.0,0.0,,8.509555559,49.509364053,1.0,,,Einbiegen / Kreuzen-Unfall,"Fahrrad, Pkw",Zusammenstoß mit einbiegendem / kreuzendem Fahrzeug
120834.0,2016,11,10,5,Unfall mit Leichtverletzten,3.0,7.0,0.0,1.0,1.0,0.0,0.0,0.0,,8.485496543,49.489098962,1.0,,,sonstiger Unfall,"Fahrrad, Pkw",Zusammenstoß mit seitlich in gleicher Richtung fahrendem Fahrzeug
120615.0,2016,11,5,5,Unfall mit Leichtverletzten,1.0,6.0,2.0,1.0,0.0,0.0,0.0,1.0,,8.471955211,49.520265603,1.0,,,Unfall im Längsverkehr,"Fahrrad, LKW",Zusammenstoß mit anfahrendem/ anhaltendem/ ruhendem Fahrzeug
40503.0,2016,11,19,4,Unfall mit Schwerverletzten,1.0,5.0,2.0,1.0,1.0,0.0,0.0,0.0,,8.488861908,49.46289669,1.0,,,Unfall durch ruhenden Verkehr,"Fahrrad, Pkw",Zusammenstoß mit anfahrendem/ anhaltendem/ ruhendem Fahrzeug
120378.0,2016,11,16,4,Unfall mit Leichtverletzten,5.0,3.0,0.0,1.0,1.0,0.0,0.0,0.0,,8.47169377,49.51302,1.0,,,Einbiegen / Kreuzen-Unfall,"Fahrrad, Pkw",Zusammenstoß mit einbiegendem / kreuzendem Fahrzeug
120372.0,2016,11,15,4,Unfall mit Leichtverletzten,6.0,7.0,0.0,1.0,0.0,1.0,0.0,0.0,,8.467190083,49.487539223,1.0,,,sonstiger Unfall,"Fahrrad, Fußgänger",Zusammenstoß zwischen Fahrzeug und Fußgänger
120987.0,2016,11,15,4,Unfall mit Leichtverletzten,5.0,2.0,0.0,1.0,1.0,0.0,0.0,0.0,,8.485472079,49.459250409,1.0,,,Abbiegeunfall,"Fahrrad, Pkw",Zusammenstoß mit einbiegendem / kreuzendem Fahrzeug
120584.0,2016,11,13,4,Unfall mit Leichtverletzten,6.0,7.0,0.0,0.0,1.0,1.0,0.0,0.0,,8.472375727,49.497107884,0.0,,,sonstiger Unfall,"Pkw, Fußgänger",Zusammenstoß zwischen Fahrzeug und Fußgänger
120687.0,2016,11,12,4,Unfall mit Leichtverletzten,0.0,7.0,0.0,1.0,0.0,0.0,0.0,0.0,,8.478279833,49.480644051,1.0,,,sonstiger Unfall,Fahrrad,Unfall anderer Art
121052.0,2016,11,12,4,Unfall mit Leichtverletzten,5.0,3.0,0.0,1.0,1.0,0.0,0.0,0.0,,8.481691544,49.499038473,1.0,,,Einbiegen / Kreuzen-Unfall,"Fahrrad, Pkw",Zusammenstoß mit einbiegendem / kreuzendem Fahrzeug
120201.0,2016,11,8,4,Unfall mit Leichtverletzten,6.0,4.0,0.0,0.0,1.0,1.0,0.0,0.0,,8.523878424,49.488376848,0.0,,,Überschreiten-Unfall,"Pkw, Fußgänger",Zusammenstoß zwischen Fahrzeug und Fußgänger
41857.0,2016,11,0,4,Unfall mit Leichtverletzten,5.0,3.0,2.0,1.0,0.0,0.0,0.0,0.0,,8.465076326,49.540208081,1.0,,,Einbiegen / Kreuzen-Unfall,Fahrrad,Zusammenstoß mit einbiegendem / kreuzendem Fahrzeug
41710.0,2016,11,18,3,Unfall mit Leichtverletzten,6.0,4.0,2.0,0.0,1.0,1.0,0.0,0.0,,8.524892261,49.436555239,0.0,,,Überschreiten-Unfall,"Pkw, Fußgänger",Zusammenstoß zwischen Fahrzeug und Fußgänger
42462.0,2016,11,17,3,Unfall mit Schwerverletzten,5.0,3.0,2.0,1.0,1.0,0.0,0.0,0.0,,8.488190152,49.497594718,1.0,,,Einbiegen / Kreuzen-Unfall,"Fahrrad, Pkw",Zusammenstoß mit einbiegendem / kreuzendem Fahrzeug
42257.0,2016,11,14,3,Unfall mit Schwerverletzten,5.0,3.0,0.0,1.0,0.0,0.0,0.0,0.0,,8.486879991,49.496389652,1.0,,,Einbiegen / Kreuzen-Unfall,Fahrrad,Zusammenstoß mit einbiegendem / kreuzendem Fahrzeug
120828.0,2016,11,9,3,Unfall mit Leichtverletzten,1.0,5.0,0.0,1.0,1.0,0.0,0.0,0.0,,8.466861846,49.486467629,1.0,,,Unfall durch ruhenden Verkehr,"Fahrrad, Pkw",Zusammenstoß mit anfahrendem/ anhaltendem/ ruhendem Fahrzeug
121004.0,2016,11,9,3,Unfall mit Schwerverletzten,6.0,2.0,0.0,0.0,0.0,1.0,0.0,1.0,,8.490323224,49.515899785,0.0,,,Abbiegeunfall,"Fußgänger, LKW",Zusammenstoß zwischen Fahrzeug und Fußgänger
120934.0,2016,11,6,3,Unfall mit Leichtverletzten,5.0,3.0,2.0,1.0,1.0,0.0,0.0,0.0,,8.468180903,49.476775484,1.0,,,Einbiegen / Kreuzen-Unfall,"Fahrrad, Pkw",Zusammenstoß mit einbiegendem / kreuzendem Fahrzeug