OBJECTID,UJAHR,UMONAT,USTUNDE,UWOCHENTAG,UKATEGORIE,UART,UTYP1,ULICHTVERH,IstRad,IstPKW,IstFuss,IstKrad,IstGkfz,IstSonstige,Longitude,Latitude,IstRadBetroffen,Kommentar,Stadtteil,typ,involved,art
120498.0,2016,11,13,2,Unfall mit Leichtverletzten,6.0,2.0,0.0,1.0,0.0,1.0,0.0,0.0,,8.484914673,49.523994744,1.0,,,Abbiegeunfall,"Fahrrad, Fußgänger",Zusammenstoß zwischen Fahrzeug und Fußgänger
120653.0,2016,11,13,2,Unfall mit Leichtverletzten,0.0,7.0,0.0,1.0,0.0,0.0,0.0,0.0,,8.474106798,49.482443355,1.0,,,sonstiger Unfall,Fahrrad,Unfall anderer Art
120510.0,2016,11,8,2,Unfall mit Leichtverletzten,6.0,2.0,0.0,0.0,1.0,1.0,0.0,0.0,,8.47266872,49.492410364,0.0,,,Abbiegeunfall,"Pkw, Fußgänger",Zusammenstoß zwischen Fahrzeug und Fußgänger
121126.0,2016,11,17,1,Unfall mit Leichtverletzten,1.0,4.0,2.0,0.0,1.0,1.0,0.0,0.0,,8.461661377,49.490484536,0.0,,,Überschreiten-Unfall,"Pkw, Fußgänger",Zusammenstoß mit anfahrendem/ anhaltendem/ ruhendem Fahrzeug
120231.0,2016,11,14,1,Unfall mit Schwerverletzten,5.0,3.0,0.0,1.0,1.0,0.0,0.0,0.0,,8.483735478,49.497365437,1.0,,,Einbiegen / Kreuzen-Unfall,"Fahrrad, Pkw",Zusammenstoß mit einbiegendem / kreuzendem Fahrzeug
118904.0,2016,10,16,7,Unfall mit Leichtverletzten,6.0,7.0,0.0,0.0,0.0,1.0,0.0,0.0,,8.524715993,49.487975386,0.0,,,sonstiger Unfall,Fußgänger,Zusammenstoß zwischen Fahrzeug und Fußgänger
119823.0,2016,10,14,6,Unfall mit Schwerverletzten,6.0,4.0,0.0,0.0,1.0,1.0,0.0,0.0,,8.523468176,49.433640118,0.0,,,Überschreiten-Unfall,"Pkw, Fußgänger",Zusammenstoß zwischen Fahrzeug und Fußgänger
120088.0,2016,10,9,6,Unfall mit Leichtverletzten,4.0,2.0,0.0,1.0,1.0,0.0,0.0,0.0,,8.471037984,49.510147766,1.0,,,Abbiegeunfall,"Fahrrad, Pkw",Zusammenstoß mit entgegenkommendem Fahrzeug
119483.0,2016,10,14,5,Unfall mit Leichtverletzten,5.0,3.0,0.0,1.0,1.0,0.0,0.0,0.0,,8.500285792,49.514194475,1.0,,,Einbiegen / Kreuzen-Unfall,"Fahrrad, Pkw",Zusammenstoß mit einbiegendem / kreuzendem Fahrzeug
40364.0,2016,10,12,5,Unfall mit Leichtverletzten,5.0,3.0,0.0,1.0,1.0,0.0,0.0,0.0,,8.470831978,49.51111728,1.0,,,Einbiegen / Kreuzen-Unfall,"Fahrrad, Pkw",Zusammenstoß mit einbiegendem / kreuzendem Fahrzeug
119916.0,2016,10,12,5,Unfall mit Leichtverletzten,5.0,3.0,0.0,1.0,1.0,0.0,0.0,0.0,,8.471703511,49.498722179,1.0,,,Einbiegen / Kreuzen-Unfall,"Fahrrad, Pkw",Zusammenstoß mit einbiegendem / kreuzendem Fahrzeug
39397.0,2016,10,8,5,Unfall mit Schwerverletzten,6.0,4.0,0.0,0.0,0.0,1.0,0.0,0.0,,8.473651176,49.48326427,0.0,,,Überschreiten-Unfall,Fußgänger,Zusammenstoß zwischen Fahrzeug und Fußgänger
39726.0,2016,10,7,5,Unfall mit Leichtverletzten,3.0,5.0,0.0,1.0,1.0,0.0,0.0,0.0,,8.525898548,49.435246945,1.0,,,Unfall durch ruhenden Verkehr,"Fahrrad, Pkw",Zusammenstoß mit seitlich in gleicher Richtung fahrendem Fahrzeug
40270.0,2016,10,17,4,Unfall mit Leichtverletzten,4.0,6.0,0.0,1.0,1.0,0.0,0.0,0.0,,8.486572932,49.465471171,1.0,,,Unfall im Längsverkehr,"Fahrrad, Pkw",Zusammenstoß mit entgegenkommendem Fahrzeug
119338.0,2016,10,16,4,Unfall mit Leichtverletzten,5.0,3.0,0.0,1.0,1.0,0.0,0.0,0.0,,8.468576593,49.554143413,1.0,,,Einbiegen / Kreuzen-Unfall,"Fahrrad, Pkw",Zusammenstoß mit einbiegendem / kreuzendem Fahrzeug
119416.0,2016,10,15,4,Unfall mit Leichtverletzten,4.0,2.0,0.0,1.0,1.0,0.0,0.0,0.0,,8.487047645,49.463184468,1.0,,,Abbiegeunfall,"Fahrrad, Pkw",Zusammenstoß mit entgegenkommendem Fahrzeug
120164.0,2016,10,10,4,Unfall mit Leichtverletzten,2.0,6.0,0.0,1.0,1.0,0.0,0.0,0.0,,8.48472686,49.480320833,1.0,,,Unfall im Längsverkehr,"Fahrrad, Pkw",Zusammenstoß mit vorausfahrendem / wartendem Fahrzeug
39376.0,2016,10,7,4,Unfall mit Leichtverletzten,4.0,6.0,0.0,1.0,0.0,0.0,0.0,0.0,,8.485371029,49.466819455,1.0,,,Unfall im Längsverkehr,Fahrrad,Zusammenstoß mit entgegenkommendem Fahrzeug
39733.0,2016,10,7,4,Unfall mit Leichtverletzten,6.0,4.0,2.0,0.0,0.0,1.0,0.0,0.0,,8.483776874,49.49326017,0.0,,,Überschreiten-Unfall,Fußgänger,Zusammenstoß zwischen Fahrzeug und Fußgänger
119205.0,2016,10,18,3,Unfall mit Leichtverletzten,6.0,7.0,0.0,0.0,1.0,1.0,0.0,0.0,,8.465171842,49.486636272,0.0,,,sonstiger Unfall,"Pkw, Fußgänger",Zusammenstoß zwischen Fahrzeug und Fußgänger
119817.0,2016,10,18,3,Unfall mit Leichtverletzten,0.0,7.0,1.0,0.0,0.0,1.0,0.0,0.0,,8.480396407,49.497782519,0.0,,,sonstiger Unfall,Fußgänger,Unfall anderer Art
38987.0,2016,10,11,3,Unfall mit Leichtverletzten,2.0,6.0,0.0,1.0,1.0,0.0,0.0,0.0,,8.472363784,49.482393598,1.0,,,Unfall im Längsverkehr,"Fahrrad, Pkw",Zusammenstoß mit vorausfahrendem / wartendem Fahrzeug
39709.0,2016,10,9,3,Unfall mit Leichtverletzten,1.0,5.0,0.0,1.0,1.0,0.0,0.0,0.0,,8.487555613,49.464499369,1.0,,,Unfall durch ruhenden Verkehr,"Fahrrad, Pkw",Zusammenstoß mit anfahrendem/ anhaltendem/ ruhendem Fahrzeug
119300.0,2016,10,8,3,Unfall mit Leichtverletzten,3.0,5.0,0.0,1.0,1.0,0.0,0.0,0.0,,8.472542696,49.499766559,1.0,,,Unfall durch ruhenden Verkehr,"Fahrrad, Pkw",Zusammenstoß mit seitlich in gleicher Richtung fahrendem Fahrzeug
119940.0,2016,10,8,3,Unfall mit Schwerverletzten,5.0,3.0,0.0,1.0,1.0,0.0,0.0,0.0,,8.476488304,49.465126886,1.0,,,Einbiegen / Kreuzen-Unfall,"Fahrrad, Pkw",Zusammenstoß mit einbiegendem / kreuzendem Fahrzeug
119798.0,2016,10,7,3,Unfall mit Leichtverletzten,3.0,5.0,1.0,1.0,1.0,0.0,0.0,0.0,,8.471723793,49.479863217,1.0,,,Unfall durch ruhenden Verkehr,"Fahrrad, Pkw",Zusammenstoß mit seitlich in gleicher Richtung fahrendem Fahrzeug
40691.0,2016,10,18,2,Unfall mit Schwerverletzten,5.0,3.0,2.0,0.0,1.0,1.0,0.0,0.0,,8.523333709,49.439095879,0.0,,,Einbiegen / Kreuzen-Unfall,"Pkw, Fußgänger",Zusammenstoß mit einbiegendem / kreuzendem Fahrzeug
119477.0,2016,10,18,2,Unfall mit Leichtverletzten,5.0,2.0,1.0,1.0,1.0,0.0,0.0,0.0,,8.477659471,49.478417681,1.0,,,Abbiegeunfall,"Fahrrad, Pkw",Zusammenstoß mit einbiegendem / kreuzendem Fahrzeug
119478.0,2016,10,16,2,Unfall mit Leichtverletzten,5.0,5.0,0.0,1.0,1.0,0.0,0.0,0.0,,8.505580378,49.514353034,1.0,,,Unfall durch ruhenden Verkehr,"Fahrrad, Pkw",Zusammenstoß mit einbiegendem / kreuzendem Fahrzeug
119647.0,2016,10,16,2,Unfall mit Leichtverletzten,3.0,6.0,0.0,1.0,1.0,0.0,0.0,0.0,,8.4610018,49.492689111,1.0,,,Unfall im Längsverkehr,"Fahrrad, Pkw",Zusammenstoß mit seitlich in gleicher Richtung fahrendem Fahrzeug
119860.0,2016,10,16,2,Unfall mit Schwerverletzten,6.0,7.0,0.0,0.0,1.0,1.0,0.0,0.0,,8.488037328,49.522694274,0.0,,,sonstiger Unfall,"Pkw, Fußgänger",Zusammenstoß zwischen Fahrzeug und Fußgänger
119542.0,2016,10,14,2,Unfall mit Leichtverletzten,2.0,7.0,0.0,1.0,1.0,0.0,0.0,0.0,,8.459953961,49.497029914,1.0,,,sonstiger Unfall,"Fahrrad, Pkw",Zusammenstoß mit vorausfahrendem / wartendem Fahrzeug
120153.0,2016,10,11,2,Unfall mit Leichtverletzten,5.0,3.0,0.0,1.0,1.0,0.0,0.0,0.0,,8.498888096,49.453763907,1.0,,,Einbiegen / Kreuzen-Unfall,"Fahrrad, Pkw",Zusammenstoß mit einbiegendem / kreuzendem Fahrzeug
119426.0,2016,10,7,2,Unfall mit Leichtverletzten,5.0,2.0,1.0,1.0,1.0,0.0,0.0,0.0,,8.514258937,49.450370897,1.0,,,Abbiegeunfall,"Fahrrad, Pkw",Zusammenstoß mit einbiegendem / kreuzendem Fahrzeug
119751.0,2016,10,7,2,Unfall mit Leichtverletzten,6.0,5.0,2.0,0.0,1.0,1.0,0.0,0.0,,8.477198299,49.497343891,0.0,,,Unfall durch ruhenden Verkehr,"Pkw, Fußgänger",Zusammenstoß zwischen Fahrzeug und Fußgänger
120157.0,2016,10,7,2,Unfall mit Leichtverletzten,6.0,4.0,0.0,0.0,0.0,1.0,1.0,0.0,,8.516204715,49.513716116,0.0,,,Überschreiten-Unfall,"Fußgänger, Kraftrad",Zusammenstoß zwischen Fahrzeug und Fußgänger
119563.0,2016,10,17,1,Unfall mit Leichtverletzten,5.0,3.0,0.0,1.0,1.0,0.0,0.0,0.0,,8.464752714,49.49122769,1.0,,,Einbiegen / Kreuzen-Unfall,"Fahrrad, Pkw",Zusammenstoß mit einbiegendem / kreuzendem Fahrzeug
119697.0,2016,10,17,1,Unfall mit Leichtverletzten,6.0,5.0,0.0,0.0,1.0,1.0,0.0,0.0,,8.464754162,49.48238162,0.0,,,Unfall durch ruhenden Verkehr,"Pkw, Fußgänger",Zusammenstoß zwischen Fahrzeug und Fußgänger
119684.0,2016,10,16,1,Unfall mit Leichtverletzten,6.0,4.0,0.0,0.0,1.0,1.0,0.0,0.0,,8.468892853,49.498414587,0.0,,,Überschreiten-Unfall,"Pkw, Fußgänger",Zusammenstoß zwischen Fahrzeug und Fußgänger
119333.0,2016,10,13,1,Unfall mit Leichtverletzten,1.0,5.0,0.0,1.0,1.0,0.0,0.0,0.0,,8.489826682,49.453662119,1.0,,,Unfall durch ruhenden Verkehr,"Fahrrad, Pkw",Zusammenstoß mit anfahrendem/ anhaltendem/ ruhendem Fahrzeug
40598.0,2016,10,11,1,Unfall mit Leichtverletzten,5.0,3.0,0.0,1.0,1.0,0.0,0.0,0.0,,8.567591606,49.434778727,1.0,,,Einbiegen / Kreuzen-Unfall,"Fahrrad, Pkw",Zusammenstoß mit einbiegendem / kreuzendem Fahrzeug
119669.0,2016,10,4,1,Unfall mit Leichtverletzten,1.0,5.0,2.0,1.0,1.0,0.0,0.0,0.0,,8.479154803,49.49657679,1.0,,,Unfall durch ruhenden Verkehr,"Fahrrad, Pkw",Zusammenstoß mit anfahrendem/ anhaltendem/ ruhendem Fahrzeug
119873.0,2016,10,0,1,Unfall mit Leichtverletzten,1.0,5.0,2.0,1.0,1.0,0.0,0.0,0.0,,8.490404205,49.483187844,1.0,,,Unfall durch ruhenden Verkehr,"Fahrrad, Pkw",Zusammenstoß mit anfahrendem/ anhaltendem/ ruhendem Fahrzeug
38635.0,2016,9,16,7,Unfall mit Leichtverletzten,5.0,3.0,0.0,1.0,1.0,0.0,0.0,0.0,,8.488183125,49.49758567,1.0,,,Einbiegen / Kreuzen-Unfall,"Fahrrad, Pkw",Zusammenstoß mit einbiegendem / kreuzendem Fahrzeug
117601.0,2016,9,12,7,Unfall mit Schwerverletzten,1.0,5.0,0.0,1.0,1.0,0.0,0.0,0.0,,8.52410995,49.445198072,1.0,,,Unfall durch ruhenden Verkehr,"Fahrrad, Pkw",Zusammenstoß mit anfahrendem/ anhaltendem/ ruhendem Fahrzeug
118273.0,2016,9,9,7,Unfall mit Leichtverletzten,1.0,5.0,0.0,1.0,1.0,0.0,0.0,0.0,,8.487627127,49.452840245,1.0,,,Unfall durch ruhenden Verkehr,"Fahrrad, Pkw",Zusammenstoß mit anfahrendem/ anhaltendem/ ruhendem Fahrzeug
118792.0,2016,9,9,7,Unfall mit Getöteten,6.0,4.0,0.0,0.0,1.0,1.0,0.0,0.0,,8.511023059,49.513394662,0.0,,,Überschreiten-Unfall,"Pkw, Fußgänger",Zusammenstoß zwischen Fahrzeug und Fußgänger
117626.0,2016,9,21,6,Unfall mit Leichtverletzten,6.0,7.0,2.0,0.0,1.0,1.0,0.0,0.0,,8.467113111,49.490300743,0.0,,,sonstiger Unfall,"Pkw, Fußgänger",Zusammenstoß zwischen Fahrzeug und Fußgänger
117851.0,2016,9,19,6,Unfall mit Leichtverletzten,0.0,1.0,0.0,1.0,0.0,0.0,0.0,0.0,,8.486181584,49.505500372,1.0,,,Fahrunfall,Fahrrad,Unfall anderer Art
118735.0,2016,9,19,6,Unfall mit Leichtverletzten,6.0,4.0,0.0,1.0,0.0,1.0,0.0,0.0,,8.481120778,49.476113016,1.0,,,Überschreiten-Unfall,"Fahrrad, Fußgänger",Zusammenstoß zwischen Fahrzeug und Fußgänger
117614.0,2016,9,16,6,Unfall mit Leichtverletzten,5.0,3.0,0.0,1.0,1.0,0.0,0.0,0.0,,8.486281174,49.455599792,1.0,,,Einbiegen / Kreuzen-Unfall,"Fahrrad, Pkw",Zusammenstoß mit einbiegendem / kreuzendem Fahrzeug
117866.0,2016,9,16,6,Unfall mit Leichtverletzten,6.0,4.0,0.0,1.0,0.0,1.0,0.0,0.0,,8.465314802,49.488061726,1.0,,,Überschreiten-Unfall,"Fahrrad, Fußgänger",Zusammenstoß zwischen Fahrzeug und Fußgänger
118396.0,2016,9,15,6,Unfall mit Leichtverletzten,0.0,3.0,0.0,1.0,1.0,0.0,0.0,0.0,,8.488313326,49.497540927,1.0,,,Einbiegen / Kreuzen-Unfall,"Fahrrad, Pkw",Unfall anderer Art
36981.0,2016,9,12,6,Unfall mit Leichtverletzten,6.0,4.0,0.0,0.0,0.0,1.0,0.0,0.0,,8.577541631,49.441545625,0.0,,,Überschreiten-Unfall,Fußgänger,Zusammenstoß zwischen Fahrzeug und Fußgänger
117813.0,2016,9,11,6,Unfall mit Leichtverletzten,5.0,3.0,0.0,1.0,1.0,0.0,0.0,0.0,,8.445736455,49.544127821,1.0,,,Einbiegen / Kreuzen-Unfall,"Fahrrad, Pkw",Zusammenstoß mit einbiegendem / kreuzendem Fahrzeug
118973.0,2016,9,11,6,Unfall mit Schwerverletzten,0.0,7.0,0.0,1.0,0.0,0.0,0.0,0.0,,8.509508585,49.52931105,1.0,,,sonstiger Unfall,Fahrrad,Unfall anderer Art
117581.0,2016,9,0,6,Unfall mit Leichtverletzten,5.0,5.0,2.0,1.0,0.0,0.0,1.0,0.0,,8.501117764,49.502036066,1.0,,,Unfall durch ruhenden Verkehr,"Fahrrad, Kraftrad",Zusammenstoß mit einbiegendem / kreuzendem Fahrzeug
38489.0,2016,9,19,5,Unfall mit Leichtverletzten,5.0,3.0,0.0,1.0,1.0,0.0,0.0,0.0,,8.490593932,49.460817819,1.0,,,Einbiegen / Kreuzen-Unfall,"Fahrrad, Pkw",Zusammenstoß mit einbiegendem / kreuzendem Fahrzeug
118238.0,2016,9,19,5,Unfall mit Leichtverletzten,6.0,7.0,1.0,0.0,1.0,1.0,0.0,0.0,,8.470724853,49.487834247,0.0,,,sonstiger Unfall,"Pkw, Fußgänger",Zusammenstoß zwischen Fahrzeug und Fußgänger
117983.0,2016,9,17,5,Unfall mit Leichtverletzten,3.0,2.0,0.0,1.0,1.0,0.0,0.0,0.0,,8.483983371,49.474009771,1.0,,,Abbiegeunfall,"Fahrrad, Pkw",Zusammenstoß mit seitlich in gleicher Richtung fahrendem Fahrzeug
118899.0,2016,9,16,5,Unfall mit Schwerverletzten,6.0,2.0,0.0,0.0,1.0,1.0,0.0,0.0,,8.527157606,49.443405176,0.0,,,Abbiegeunfall,"Pkw, Fußgänger",Zusammenstoß zwischen Fahrzeug und Fußgänger
36964.0,2016,9,14,5,Unfall mit Leichtverletzten,6.0,4.0,0.0,0.0,1.0,1.0,0.0,0.0,,8.487129288,49.496404585,0.0,,,Überschreiten-Unfall,"Pkw, Fußgänger",Zusammenstoß zwischen Fahrzeug und Fußgänger
36818.0,2016,9,12,5,Unfall mit Leichtverletzten,5.0,3.0,0.0,1.0,1.0,0.0,0.0,0.0,,8.551611365,49.490426514,1.0,,,Einbiegen / Kreuzen-Unfall,"Fahrrad, Pkw",Zusammenstoß mit einbiegendem / kreuzendem Fahrzeug
117627.0,2016,9,12,5,Unfall mit Leichtverletzten,5.0,5.0,0.0,1.0,1.0,0.0,0.0,0.0,,8.506666119,49.512508693,1.0,,,Unfall durch ruhenden Verkehr,"Fahrrad, Pkw",Zusammenstoß mit einbiegendem / kreuzendem Fahrzeug
118807.0,2016,9,11,5,Unfall mit Leichtverletzten,5.0,3.0,0.0,1.0,0.0,0.0,0.0,0.0,,8.473325264,49.450999647,1.0,,,Einbiegen / Kreuzen-Unfall,Fahrrad,Zusammenstoß mit einbiegendem / kreuzendem Fahrzeug
118616.0,2016,9,1,5,Unfall mit Leichtverletzten,3.0,3.0,2.0,1.0,1.0,0.0,0.0,0.0,,8.471178205,49.479317533,1.0,,,Einbiegen / Kreuzen-Unfall,"Fahrrad, Pkw",Zusammenstoß mit seitlich in gleicher Richtung fahrendem Fahrzeug
118338.0,2016,9,19,4,Unfall mit Schwerverletzten,1.0,5.0,0.0,1.0,1.0,0.0,0.0,0.0,,8.469267251,49.488414343,1.0,,,Unfall durch ruhenden Verkehr,"Fahrrad, Pkw",Zusammenstoß mit anfahrendem/ anhaltendem/ ruhendem Fahrzeug
118526.0,2016,9,18,4,Unfall mit Leichtverletzten,5.0,3.0,0.0,1.0,1.0,0.0,0.0,0.0,,8.478276526,49.496793641,1.0,,,Einbiegen / Kreuzen-Unfall,"Fahrrad, Pkw",Zusammenstoß mit einbiegendem / kreuzendem Fahrzeug
38476.0,2016,9,17,4,Unfall mit Schwerverletzten,0.0,1.0,0.0,1.0,0.0,0.0,0.0,0.0,,8.490232883,49.493524557,1.0,,,Fahrunfall,Fahrrad,Unfall anderer Art
38089.0,2016,9,15,4,Unfall mit Leichtverletzten,6.0,4.0,0.0,0.0,0.0,1.0,1.0,0.0,,8.460009033,49.503291999,0.0,,,Überschreiten-Unfall,"Fußgänger, Kraftrad",Zusammenstoß zwischen Fahrzeug und Fußgänger
118440.0,2016,9,14,4,Unfall mit Leichtverletzten,5.0,3.0,0.0,1.0,1.0,0.0,0.0,0.0,,8.47903767,49.45970956,1.0,,,Einbiegen / Kreuzen-Unfall,"Fahrrad, Pkw",Zusammenstoß mit einbiegendem / kreuzendem Fahrzeug
119025.0,2016,9,10,4,Unfall mit Leichtverletzten,1.0,6.0,0.0,1.0,1.0,0.0,0.0,0.0,,8.47361129,49.44909014,1.0,,,Unfall im Längsverkehr,"Fahrrad, Pkw",Zusammenstoß mit anfahrendem/ anhaltendem/ ruhendem Fahrzeug
118592.0,2016,9,17,3,Unfall mit Leichtverletzten,1.0,5.0,0.0,1.0,0.0,0.0,1.0,0.0,,8.477336661,49.481128927,1.0,,,Unfall durch ruhenden Verkehr,"Fahrrad, Kraftrad",Zusammenstoß mit anfahrendem/ anhaltendem/ ruhendem Fahrzeug
117875.0,2016,9,16,3,Unfall mit Leichtverletzten,2.0,2.0,0.0,1.0,1.0,0.0,0.0,0.0,,8.463729881,49.486410918,1.0,,,Abbiegeunfall,"Fahrrad, Pkw",Zusammenstoß mit vorausfahrendem / wartendem Fahrzeug
37922.0,2016,9,15,3,Unfall mit Leichtverletzten,3.0,5.0,0.0,1.0,1.0,0.0,0.0,0.0,,8.529882286,49.430141202,1.0,,,Unfall durch ruhenden Verkehr,"Fahrrad, Pkw",Zusammenstoß mit seitlich in gleicher Richtung fahrendem Fahrzeug
38570.0,2016,9,13,3,Unfall mit Schwerverletzten,6.0,4.0,0.0,0.0,1.0,1.0,0.0,0.0,,8.563493162,49.466806582,0.0,,,Überschreiten-Unfall,"Pkw, Fußgänger",Zusammenstoß zwischen Fahrzeug und Fußgänger
117871.0,2016,9,10,3,Unfall mit Leichtverletzten,1.0,5.0,0.0,1.0,1.0,0.0,0.0,0.0,,8.466412452,49.499552977,1.0,,,Unfall durch ruhenden Verkehr,"Fahrrad, Pkw",Zusammenstoß mit anfahrendem/ anhaltendem/ ruhendem Fahrzeug
118458.0,2016,9,17,2,Unfall mit Leichtverletzten,0.0,7.0,0.0,1.0,0.0,0.0,0.0,0.0,,8.481991433,49.523426933,1.0,,,sonstiger Unfall,Fahrrad,Unfall anderer Art
36764.0,2016,9,16,2,Unfall mit Leichtverletzten,5.0,3.0,0.0,1.0,1.0,0.0,0.0,0.0,,8.479521238,49.475275364,1.0,,,Einbiegen / Kreuzen-Unfall,"Fahrrad, Pkw",Zusammenstoß mit einbiegendem / kreuzendem Fahrzeug
117974.0,2016,9,13,2,Unfall mit Leichtverletzten,6.0,7.0,0.0,0.0,1.0,1.0,0.0,0.0,,8.463082952,49.487928573,0.0,,,sonstiger Unfall,"Pkw, Fußgänger",Zusammenstoß zwischen Fahrzeug und Fußgänger
118753.0,2016,9,7,2,Unfall mit Leichtverletzten,0.0,6.0,0.0,1.0,0.0,0.0,0.0,0.0,,8.472112482,49.486318476,1.0,,,Unfall im Längsverkehr,Fahrrad,Unfall anderer Art
37394.0,2016,9,6,2,Unfall mit Leichtverletzten,4.0,6.0,2.0,1.0,0.0,0.0,1.0,0.0,,8.459443691,49.496980224,1.0,,,Unfall im Längsverkehr,"Fahrrad, Kraftrad",Zusammenstoß mit entgegenkommendem Fahrzeug
118808.0,2016,9,15,1,Unfall mit Leichtverletzten,2.0,6.0,0.0,0.0,1.0,1.0,1.0,0.0,,8.476140865,49.526930907,0.0,,,Unfall im Längsverkehr,"Pkw, Fußgänger, Kraftrad",Zusammenstoß mit vorausfahrendem / wartendem Fahrzeug
117033.0,2016,8,23,7,Unfall mit Leichtverletzten,1.0,5.0,2.0,1.0,1.0,0.0,0.0,0.0,,8.469606742,49.490164311,1.0,,,Unfall durch ruhenden Verkehr,"Fahrrad, Pkw",Zusammenstoß mit anfahrendem/ anhaltendem/ ruhendem Fahrzeug
116770.0,2016,8,20,7,Unfall mit Schwerverletzten,5.0,2.0,1.0,1.0,1.0,0.0,0.0,0.0,,8.469933502,49.504587174,1.0,,,Abbiegeunfall,"Fahrrad, Pkw",Zusammenstoß mit einbiegendem / kreuzendem Fahrzeug
117278.0,2016,8,13,7,Unfall mit Leichtverletzten,5.0,3.0,0.0,1.0,1.0,0.0,0.0,0.0,,8.49068677,49.497448488,1.0,,,Einbiegen / Kreuzen-Unfall,"Fahrrad, Pkw",Zusammenstoß mit einbiegendem / kreuzendem Fahrzeug
116856.0,2016,8,4,7,Unfall mit Leichtverletzten,1.0,5.0,2.0,1.0,1.0,0.0,0.0,0.0,,8.456376607,49.488129409,1.0,,,Unfall durch ruhenden Verkehr,"Fahrrad, Pkw",Zusammenstoß mit anfahrendem/ anhaltendem/ ruhendem Fahrzeug
117496.0,2016,8,15,6,Unfall mit Leichtverletzten,0.0,7.0,0.0,1.0,0.0,0.0,0.0,0.0,,8.502291799,49.50431955,1.0,,,sonstiger Unfall,Fahrrad,Unfall anderer Art
117473.0,2016,8,8,6,Unfall mit Leichtverletzten,5.0,3.0,0.0,1.0,1.0,0.0,0.0,0.0,,8.489772588,49.529870833,1.0,,,Einbiegen / Kreuzen-Unfall,"Fahrrad, Pkw",Zusammenstoß mit einbiegendem / kreuzendem Fahrzeug
117321.0,2016,8,21,5,Unfall mit Schwerverletzten,5.0,3.0,2.0,1.0,0.0,0.0,0.0,0.0,,8.487481372,49.484882633,1.0,,,Einbiegen / Kreuzen-Unfall,Fahrrad,Zusammenstoß mit einbiegendem / kreuzendem Fahrzeug
116596.0,2016,8,20,5,Unfall mit Schwerverletzten,3.0,2.0,2.0,1.0,1.0,0.0,0.0,0.0,,8.468754227,49.485736359,1.0,,,Abbiegeunfall,"Fahrrad, Pkw",Zusammenstoß mit seitlich in gleicher Richtung fahrendem Fahrzeug
116828.0,2016,8,17,5,Unfall mit Schwerverletzten,1.0,5.0,0.0,1.0,1.0,0.0,0.0,0.0,,8.493019628,49.461505648,1.0,,,Unfall durch ruhenden Verkehr,"Fahrrad, Pkw",Zusammenstoß mit anfahrendem/ anhaltendem/ ruhendem Fahrzeug
117562.0,2016,8,16,5,Unfall mit Leichtverletzten,0.0,1.0,0.0,1.0,0.0,0.0,0.0,0.0,,8.481010765,49.547031147,1.0,,,Fahrunfall,Fahrrad,Unfall anderer Art
117194.0,2016,8,15,5,Unfall mit Leichtverletzten,1.0,5.0,0.0,1.0,0.0,0.0,0.0,0.0,,8.471532829,49.511478912,1.0,,,Unfall durch ruhenden Verkehr,Fahrrad,Zusammenstoß mit anfahrendem/ anhaltendem/ ruhendem Fahrzeug
116823.0,2016,8,14,5,Unfall mit Leichtverletzten,5.0,2.0,0.0,1.0,1.0,0.0,0.0,0.0,,8.510072664,49.516964406,1.0,,,Abbiegeunfall,"Fahrrad, Pkw",Zusammenstoß mit einbiegendem / kreuzendem Fahrzeug
117206.0,2016,8,10,5,Unfall mit Leichtverletzten,5.0,2.0,0.0,1.0,1.0,0.0,0.0,0.0,,8.466660668,49.499395549,1.0,,,Abbiegeunfall,"Fahrrad, Pkw",Zusammenstoß mit einbiegendem / kreuzendem Fahrzeug
116782.0,2016,8,7,5,Unfall mit Leichtverletzten,5.0,2.0,0.0,1.0,1.0,0.0,0.0,0.0,,8.497590296,49.461104638,1.0,,,Abbiegeunfall,"Fahrrad, Pkw",Zusammenstoß mit einbiegendem / kreuzendem Fahrzeug
117075.0,2016,8,16,4,Unfall mit Leichtverletzten,5.0,3.0,0.0,1.0,1.0,0.0,0.0,0.0,,8.467094937,49.501024358,1.0,,,Einbiegen / Kreuzen-Unfall,"Fahrrad, Pkw",Zusammenstoß mit einbiegendem / kreuzendem Fahrzeug
34971.0,2016,8,13,4,Unfall mit Leichtverletzten,5.0,2.0,0.0,1.0,1.0,0.0,0.0,0.0,,8.470858965,49.511136648,1.0,,,Abbiegeunfall,"Fahrrad, Pkw",Zusammenstoß mit einbiegendem / kreuzendem Fahrzeug
117703.0,2016,8,12,4,Unfall mit Leichtverletzten,1.0,3.0,0.0,1.0,1.0,0.0,0.0,0.0,,8.482019054,49.464929838,1.0,,,Einbiegen / Kreuzen-Unfall,"Fahrrad, Pkw",Zusammenstoß mit anfahrendem/ anhaltendem/ ruhendem Fahrzeug
117040.0,2016,8,9,4,Unfall mit Leichtverletzten,5.0,3.0,0.0,1.0,1.0,0.0,0.0,0.0,,8.463248064,49.490782513,1.0,,,Einbiegen / Kreuzen-Unfall,"Fahrrad, Pkw",Zusammenstoß mit einbiegendem / kreuzendem Fahrzeug
117018.0,2016,8,8,4,Unfall mit Leichtverletzten,6.0,7.0,0.0,1.0,0.0,1.0,0.0,0.0,,8.500980442,49.505699568,1.0,,,sonstiger Unfall,"Fahrrad, Fußgänger",Zusammenstoß zwischen Fahrzeug und Fußgänger
36210.0,2016,8,18,3,Unfall mit Schwerverletzten,5.0,3.0,0.0,1.0,1.0,0.0,0.0,0.0,,8.488922597,49.528855022,1.0,,,Einbiegen / Kreuzen-Unfall,"Fahrrad, Pkw",Zusammenstoß mit einbiegendem / kreuzendem Fahrzeug