OBJECTID,UJAHR,UMONAT,USTUNDE,UWOCHENTAG,UKATEGORIE,UART,UTYP1,ULICHTVERH,IstRad,IstPKW,IstFuss,IstKrad,IstGkfz,IstSonstige,Longitude,Latitude,IstRadBetroffen,Kommentar,Stadtteil,typ,involved,art
117025.0,2016,8,18,3,Unfall mit Leichtverletzten,5.0,3.0,0.0,1.0,1.0,0.0,0.0,0.0,,8.491112169,49.491304227,1.0,,,Einbiegen / Kreuzen-Unfall,"Fahrrad, Pkw",Zusammenstoß mit einbiegendem / kreuzendem Fahrzeug
117794.0,2016,8,16,3,Unfall mit Leichtverletzten,5.0,3.0,0.0,1.0,0.0,0.0,0.0,0.0,,8.476489273,49.465125582,1.0,,,Einbiegen / Kreuzen-Unfall,Fahrrad,Zusammenstoß mit einbiegendem / kreuzendem Fahrzeug
36171.0,2016,8,15,3,Unfall mit Leichtverletzten,3.0,2.0,0.0,1.0,0.0,0.0,0.0,1.0,,8.468784148,49.509647507,1.0,,,Abbiegeunfall,"Fahrrad, LKW",Zusammenstoß mit seitlich in gleicher Richtung fahrendem Fahrzeug
117785.0,2016,8,14,3,Unfall mit Leichtverletzten,5.0,3.0,0.0,1.0,1.0,0.0,0.0,0.0,,8.487945163,49.479531861,1.0,,,Einbiegen / Kreuzen-Unfall,"Fahrrad, Pkw",Zusammenstoß mit einbiegendem / kreuzendem Fahrzeug
117126.0,2016,8,10,3,Unfall mit Leichtverletzten,1.0,5.0,0.0,1.0,1.0,0.0,0.0,0.0,,8.511240644,49.513355047,1.0,,,Unfall durch ruhenden Verkehr,"Fahrrad, Pkw",Zusammenstoß mit anfahrendem/ anhaltendem/ ruhendem Fahrzeug
117341.0,2016,8,10,3,Unfall mit Leichtverletzten,3.0,2.0,0.0,1.0,1.0,0.0,0.0,0.0,,8.467706429,49.48810294,1.0,,,Abbiegeunfall,"Fahrrad, Pkw",Zusammenstoß mit seitlich in gleicher Richtung fahrendem Fahrzeug
36159.0,2016,8,5,3,Unfall mit Leichtverletzten,0.0,6.0,2.0,1.0,0.0,0.0,0.0,0.0,,8.458173616,49.48668282,1.0,,,Unfall im Längsverkehr,Fahrrad,Unfall anderer Art
116803.0,2016,8,18,2,Unfall mit Leichtverletzten,0.0,1.0,0.0,1.0,0.0,0.0,0.0,0.0,,8.457394618,49.491294666,1.0,,,Fahrunfall,Fahrrad,Unfall anderer Art
117186.0,2016,8,16,2,Unfall mit Leichtverletzten,4.0,6.0,0.0,1.0,1.0,0.0,0.0,0.0,,8.560158329,49.46359846,1.0,,,Unfall im Längsverkehr,"Fahrrad, Pkw",Zusammenstoß mit entgegenkommendem Fahrzeug
117070.0,2016,8,13,2,Unfall mit Leichtverletzten,5.0,3.0,0.0,1.0,1.0,0.0,0.0,0.0,,8.465627816,49.484586672,1.0,,,Einbiegen / Kreuzen-Unfall,"Fahrrad, Pkw",Zusammenstoß mit einbiegendem / kreuzendem Fahrzeug
117787.0,2016,8,11,2,Unfall mit Leichtverletzten,5.0,3.0,0.0,1.0,1.0,0.0,0.0,0.0,,8.507301819,49.514075104,1.0,,,Einbiegen / Kreuzen-Unfall,"Fahrrad, Pkw",Zusammenstoß mit einbiegendem / kreuzendem Fahrzeug
117442.0,2016,8,22,1,Unfall mit Leichtverletzten,6.0,4.0,2.0,0.0,0.0,1.0,0.0,0.0,,8.466249881,49.530821354,0.0,,,Überschreiten-Unfall,Fußgänger,Zusammenstoß zwischen Fahrzeug und Fußgänger
115436.0,2016,7,9,7,Unfall mit Leichtverletzten,1.0,5.0,0.0,1.0,1.0,0.0,0.0,0.0,,8.529051111,49.490686739,1.0,,,Unfall durch ruhenden Verkehr,"Fahrrad, Pkw",Zusammenstoß mit anfahrendem/ anhaltendem/ ruhendem Fahrzeug
115239.0,2016,7,18,6,Unfall mit Leichtverletzten,5.0,3.0,0.0,1.0,0.0,0.0,1.0,0.0,,8.480153257,49.477637791,1.0,,,Einbiegen / Kreuzen-Unfall,"Fahrrad, Kraftrad",Zusammenstoß mit einbiegendem / kreuzendem Fahrzeug
115168.0,2016,7,17,6,Unfall mit Leichtverletzten,5.0,3.0,0.0,1.0,1.0,0.0,0.0,0.0,,8.470339113,49.503012776,1.0,,,Einbiegen / Kreuzen-Unfall,"Fahrrad, Pkw",Zusammenstoß mit einbiegendem / kreuzendem Fahrzeug
116057.0,2016,7,15,6,Unfall mit Schwerverletzten,5.0,3.0,0.0,1.0,1.0,0.0,0.0,0.0,,8.468643129,49.497777278,1.0,,,Einbiegen / Kreuzen-Unfall,"Fahrrad, Pkw",Zusammenstoß mit einbiegendem / kreuzendem Fahrzeug
116111.0,2016,7,8,6,Unfall mit Schwerverletzten,0.0,7.0,0.0,1.0,0.0,0.0,0.0,0.0,,8.480535902,49.526094304,1.0,,,sonstiger Unfall,Fahrrad,Unfall anderer Art
116478.0,2016,7,14,5,Unfall mit Leichtverletzten,5.0,3.0,0.0,1.0,1.0,0.0,0.0,0.0,,8.47050445,49.502503713,1.0,,,Einbiegen / Kreuzen-Unfall,"Fahrrad, Pkw",Zusammenstoß mit einbiegendem / kreuzendem Fahrzeug
34050.0,2016,7,20,4,Unfall mit Schwerverletzten,5.0,3.0,0.0,1.0,1.0,0.0,0.0,0.0,,8.499987381,49.524403517,1.0,,,Einbiegen / Kreuzen-Unfall,"Fahrrad, Pkw",Zusammenstoß mit einbiegendem / kreuzendem Fahrzeug
115979.0,2016,7,19,4,Unfall mit Leichtverletzten,5.0,3.0,0.0,1.0,1.0,0.0,0.0,0.0,,8.481132798,49.456834594,1.0,,,Einbiegen / Kreuzen-Unfall,"Fahrrad, Pkw",Zusammenstoß mit einbiegendem / kreuzendem Fahrzeug
115709.0,2016,7,15,4,Unfall mit Leichtverletzten,6.0,4.0,0.0,0.0,1.0,1.0,0.0,0.0,,8.467040549,49.505306294,0.0,,,Überschreiten-Unfall,"Pkw, Fußgänger",Zusammenstoß zwischen Fahrzeug und Fußgänger
116427.0,2016,7,14,4,Unfall mit Leichtverletzten,5.0,3.0,0.0,1.0,1.0,0.0,0.0,0.0,,8.530094627,49.496356023,1.0,,,Einbiegen / Kreuzen-Unfall,"Fahrrad, Pkw",Zusammenstoß mit einbiegendem / kreuzendem Fahrzeug
115730.0,2016,7,13,4,Unfall mit Leichtverletzten,5.0,3.0,0.0,1.0,1.0,0.0,0.0,0.0,,8.464181067,49.49048688,1.0,,,Einbiegen / Kreuzen-Unfall,"Fahrrad, Pkw",Zusammenstoß mit einbiegendem / kreuzendem Fahrzeug
115827.0,2016,7,9,4,Unfall mit Leichtverletzten,5.0,3.0,0.0,1.0,1.0,0.0,0.0,0.0,,8.483722714,49.497332827,1.0,,,Einbiegen / Kreuzen-Unfall,"Fahrrad, Pkw",Zusammenstoß mit einbiegendem / kreuzendem Fahrzeug
33431.0,2016,7,19,3,Unfall mit Leichtverletzten,4.0,6.0,1.0,1.0,1.0,0.0,0.0,0.0,,8.481089786,49.538853225,1.0,,,Unfall im Längsverkehr,"Fahrrad, Pkw",Zusammenstoß mit entgegenkommendem Fahrzeug
116309.0,2016,7,17,3,Unfall mit Leichtverletzten,1.0,7.0,0.0,1.0,1.0,0.0,0.0,0.0,,8.466055872,49.487819348,1.0,,,sonstiger Unfall,"Fahrrad, Pkw",Zusammenstoß mit anfahrendem/ anhaltendem/ ruhendem Fahrzeug
114993.0,2016,7,16,3,Unfall mit Leichtverletzten,5.0,3.0,0.0,1.0,1.0,0.0,0.0,0.0,,8.503810505,49.527320801,1.0,,,Einbiegen / Kreuzen-Unfall,"Fahrrad, Pkw",Zusammenstoß mit einbiegendem / kreuzendem Fahrzeug
115104.0,2016,7,14,3,Unfall mit Leichtverletzten,0.0,7.0,0.0,1.0,0.0,0.0,0.0,0.0,,8.476087752,49.481165627,1.0,,,sonstiger Unfall,Fahrrad,Unfall anderer Art
115639.0,2016,7,14,3,Unfall mit Leichtverletzten,6.0,2.0,0.0,0.0,1.0,1.0,0.0,0.0,,8.477481372,49.478323659,0.0,,,Abbiegeunfall,"Pkw, Fußgänger",Zusammenstoß zwischen Fahrzeug und Fußgänger
116006.0,2016,7,9,3,Unfall mit Schwerverletzten,5.0,3.0,0.0,1.0,1.0,0.0,0.0,0.0,,8.449197864,49.54236658,1.0,,,Einbiegen / Kreuzen-Unfall,"Fahrrad, Pkw",Zusammenstoß mit einbiegendem / kreuzendem Fahrzeug
34362.0,2016,7,8,3,Unfall mit Leichtverletzten,5.0,3.0,0.0,1.0,1.0,0.0,0.0,0.0,,8.569968153,49.455223406,1.0,,,Einbiegen / Kreuzen-Unfall,"Fahrrad, Pkw",Zusammenstoß mit einbiegendem / kreuzendem Fahrzeug
33609.0,2016,7,7,3,Unfall mit Leichtverletzten,5.0,3.0,0.0,1.0,1.0,0.0,0.0,0.0,,8.488198709,49.497604644,1.0,,,Einbiegen / Kreuzen-Unfall,"Fahrrad, Pkw",Zusammenstoß mit einbiegendem / kreuzendem Fahrzeug
115857.0,2016,7,7,3,Unfall mit Leichtverletzten,6.0,4.0,0.0,0.0,1.0,1.0,0.0,0.0,,8.470499553,49.47234601,0.0,,,Überschreiten-Unfall,"Pkw, Fußgänger",Zusammenstoß zwischen Fahrzeug und Fußgänger
115960.0,2016,7,7,3,Unfall mit Leichtverletzten,6.0,3.0,0.0,0.0,1.0,1.0,0.0,0.0,,8.488741489,49.498766689,0.0,,,Einbiegen / Kreuzen-Unfall,"Pkw, Fußgänger",Zusammenstoß zwischen Fahrzeug und Fußgänger
115553.0,2016,7,21,2,Unfall mit Leichtverletzten,5.0,5.0,2.0,1.0,0.0,0.0,0.0,0.0,,8.474460106,49.480924087,1.0,,,Unfall durch ruhenden Verkehr,Fahrrad,Zusammenstoß mit einbiegendem / kreuzendem Fahrzeug
115919.0,2016,7,21,2,Unfall mit Leichtverletzten,0.0,7.0,0.0,1.0,0.0,0.0,0.0,0.0,,8.469201744,49.491007088,1.0,,,sonstiger Unfall,Fahrrad,Unfall anderer Art
116064.0,2016,7,17,2,Unfall mit Leichtverletzten,5.0,2.0,0.0,1.0,1.0,0.0,0.0,0.0,,8.498990396,49.453735444,1.0,,,Abbiegeunfall,"Fahrrad, Pkw",Zusammenstoß mit einbiegendem / kreuzendem Fahrzeug
33918.0,2016,7,16,2,Unfall mit Leichtverletzten,4.0,6.0,0.0,1.0,0.0,0.0,0.0,0.0,,8.496902905,49.502835028,1.0,,,Unfall im Längsverkehr,Fahrrad,Zusammenstoß mit entgegenkommendem Fahrzeug
115565.0,2016,7,12,2,Unfall mit Leichtverletzten,5.0,3.0,0.0,1.0,1.0,0.0,0.0,0.0,,8.478664504,49.497938752,1.0,,,Einbiegen / Kreuzen-Unfall,"Fahrrad, Pkw",Zusammenstoß mit einbiegendem / kreuzendem Fahrzeug
116217.0,2016,7,11,2,Unfall mit Leichtverletzten,0.0,3.0,0.0,1.0,0.0,0.0,0.0,0.0,,8.49213423,49.506750639,1.0,,,Einbiegen / Kreuzen-Unfall,Fahrrad,Unfall anderer Art
32623.0,2016,7,14,1,Unfall mit Leichtverletzten,0.0,7.0,0.0,1.0,0.0,0.0,0.0,0.0,,8.563726179,49.466670761,1.0,,,sonstiger Unfall,Fahrrad,Unfall anderer Art
115175.0,2016,7,11,1,Unfall mit Schwerverletzten,3.0,6.0,0.0,1.0,1.0,0.0,0.0,0.0,,8.478925234,49.452808746,1.0,,,Unfall im Längsverkehr,"Fahrrad, Pkw",Zusammenstoß mit seitlich in gleicher Richtung fahrendem Fahrzeug
31008.0,2016,6,19,7,Unfall mit Leichtverletzten,5.0,2.0,0.0,1.0,1.0,0.0,0.0,0.0,,8.475932809,49.487531843,1.0,,,Abbiegeunfall,"Fahrrad, Pkw",Zusammenstoß mit einbiegendem / kreuzendem Fahrzeug
113860.0,2016,6,18,7,Unfall mit Leichtverletzten,3.0,6.0,0.0,1.0,1.0,0.0,0.0,0.0,,8.480206813,49.477596039,1.0,,,Unfall im Längsverkehr,"Fahrrad, Pkw",Zusammenstoß mit seitlich in gleicher Richtung fahrendem Fahrzeug
32241.0,2016,6,17,7,Unfall mit Leichtverletzten,5.0,3.0,0.0,1.0,1.0,0.0,0.0,0.0,,8.477341315,49.517374975,1.0,,,Einbiegen / Kreuzen-Unfall,"Fahrrad, Pkw",Zusammenstoß mit einbiegendem / kreuzendem Fahrzeug
113709.0,2016,6,1,7,Unfall mit Leichtverletzten,1.0,5.0,2.0,1.0,0.0,0.0,0.0,0.0,,8.479818334,49.476525841,1.0,,,Unfall durch ruhenden Verkehr,Fahrrad,Zusammenstoß mit anfahrendem/ anhaltendem/ ruhendem Fahrzeug
114025.0,2016,6,15,6,Unfall mit Leichtverletzten,5.0,3.0,0.0,1.0,1.0,0.0,0.0,0.0,,8.493712091,49.524410735,1.0,,,Einbiegen / Kreuzen-Unfall,"Fahrrad, Pkw",Zusammenstoß mit einbiegendem / kreuzendem Fahrzeug
114307.0,2016,6,11,6,Unfall mit Leichtverletzten,6.0,7.0,0.0,1.0,0.0,1.0,0.0,0.0,,8.473543275,49.464649879,1.0,,,sonstiger Unfall,"Fahrrad, Fußgänger",Zusammenstoß zwischen Fahrzeug und Fußgänger
114356.0,2016,6,11,6,Unfall mit Leichtverletzten,6.0,4.0,0.0,0.0,1.0,1.0,0.0,0.0,,8.481070564,49.456816404,0.0,,,Überschreiten-Unfall,"Pkw, Fußgänger",Zusammenstoß zwischen Fahrzeug und Fußgänger
114940.0,2016,6,9,6,Unfall mit Leichtverletzten,5.0,7.0,0.0,1.0,1.0,0.0,0.0,0.0,,8.546710749,49.511304389,1.0,,,sonstiger Unfall,"Fahrrad, Pkw",Zusammenstoß mit einbiegendem / kreuzendem Fahrzeug
114506.0,2016,6,18,5,Unfall mit Leichtverletzten,5.0,3.0,0.0,1.0,1.0,0.0,0.0,0.0,,8.487151098,49.475079881,1.0,,,Einbiegen / Kreuzen-Unfall,"Fahrrad, Pkw",Zusammenstoß mit einbiegendem / kreuzendem Fahrzeug
115005.0,2016,6,18,5,Unfall mit Leichtverletzten,0.0,5.0,0.0,1.0,1.0,0.0,0.0,0.0,,8.517182974,49.506755484,1.0,,,Unfall durch ruhenden Verkehr,"Fahrrad, Pkw",Unfall anderer Art
114113.0,2016,6,10,5,Unfall mit Getöteten,5.0,2.0,0.0,0.0,1.0,1.0,0.0,0.0,,8.475833734,49.499733492,0.0,,,Abbiegeunfall,"Pkw, Fußgänger",Zusammenstoß mit einbiegendem / kreuzendem Fahrzeug
114309.0,2016,6,10,5,Unfall mit Leichtverletzten,5.0,3.0,0.0,1.0,1.0,0.0,0.0,0.0,,8.476176791,49.496107592,1.0,,,Einbiegen / Kreuzen-Unfall,"Fahrrad, Pkw",Zusammenstoß mit einbiegendem / kreuzendem Fahrzeug
114062.0,2016,6,9,5,Unfall mit Leichtverletzten,4.0,3.0,0.0,1.0,0.0,0.0,0.0,0.0,,8.47118821,49.500148392,1.0,,,Einbiegen / Kreuzen-Unfall,Fahrrad,Zusammenstoß mit entgegenkommendem Fahrzeug
114682.0,2016,6,7,5,Unfall mit Leichtverletzten,0.0,5.0,0.0,1.0,0.0,0.0,0.0,0.0,,8.47582266,49.465169126,1.0,,,Unfall durch ruhenden Verkehr,Fahrrad,Unfall anderer Art
114181.0,2016,6,20,4,Unfall mit Leichtverletzten,6.0,4.0,0.0,0.0,1.0,1.0,0.0,0.0,,8.462613829,49.50245932,0.0,,,Überschreiten-Unfall,"Pkw, Fußgänger",Zusammenstoß zwischen Fahrzeug und Fußgänger
114869.0,2016,6,18,4,Unfall mit Leichtverletzten,5.0,3.0,0.0,1.0,1.0,0.0,0.0,0.0,,8.538869297,49.418867222,1.0,,,Einbiegen / Kreuzen-Unfall,"Fahrrad, Pkw",Zusammenstoß mit einbiegendem / kreuzendem Fahrzeug
114539.0,2016,6,16,4,Unfall mit Leichtverletzten,4.0,6.0,0.0,1.0,1.0,0.0,0.0,0.0,,8.489939051,49.451618239,1.0,,,Unfall im Längsverkehr,"Fahrrad, Pkw",Zusammenstoß mit entgegenkommendem Fahrzeug
30993.0,2016,6,13,4,Unfall mit Leichtverletzten,5.0,2.0,0.0,1.0,0.0,0.0,0.0,1.0,,8.490627169,49.460779506,1.0,,,Abbiegeunfall,"Fahrrad, LKW",Zusammenstoß mit einbiegendem / kreuzendem Fahrzeug
113916.0,2016,6,13,4,Unfall mit Leichtverletzten,1.0,5.0,0.0,1.0,1.0,0.0,0.0,0.0,,8.471211963,49.479515756,1.0,,,Unfall durch ruhenden Verkehr,"Fahrrad, Pkw",Zusammenstoß mit anfahrendem/ anhaltendem/ ruhendem Fahrzeug
114708.0,2016,6,13,4,Unfall mit Schwerverletzten,1.0,5.0,0.0,1.0,0.0,0.0,0.0,0.0,,8.559213801,49.465137693,1.0,,,Unfall durch ruhenden Verkehr,Fahrrad,Zusammenstoß mit anfahrendem/ anhaltendem/ ruhendem Fahrzeug
114433.0,2016,6,10,4,Unfall mit Leichtverletzten,1.0,5.0,0.0,1.0,1.0,0.0,0.0,0.0,,8.469338586,49.488671305,1.0,,,Unfall durch ruhenden Verkehr,"Fahrrad, Pkw",Zusammenstoß mit anfahrendem/ anhaltendem/ ruhendem Fahrzeug
113965.0,2016,6,18,3,Unfall mit Schwerverletzten,0.0,1.0,0.0,1.0,0.0,0.0,0.0,0.0,,8.486444362,49.478605338,1.0,,,Fahrunfall,Fahrrad,Unfall anderer Art
114568.0,2016,6,18,3,Unfall mit Leichtverletzten,5.0,3.0,0.0,1.0,1.0,0.0,0.0,0.0,,8.481610391,49.527853593,1.0,,,Einbiegen / Kreuzen-Unfall,"Fahrrad, Pkw",Zusammenstoß mit einbiegendem / kreuzendem Fahrzeug
31431.0,2016,6,16,3,Unfall mit Leichtverletzten,1.0,3.0,0.0,1.0,1.0,0.0,1.0,0.0,,8.460545481,49.495253702,1.0,,,Einbiegen / Kreuzen-Unfall,"Fahrrad, Pkw, Kraftrad",Zusammenstoß mit anfahrendem/ anhaltendem/ ruhendem Fahrzeug
114811.0,2016,6,16,3,Unfall mit Leichtverletzten,5.0,3.0,0.0,1.0,1.0,0.0,0.0,0.0,,8.5079124,49.512289474,1.0,,,Einbiegen / Kreuzen-Unfall,"Fahrrad, Pkw",Zusammenstoß mit einbiegendem / kreuzendem Fahrzeug
113951.0,2016,6,15,3,Unfall mit Leichtverletzten,5.0,3.0,0.0,1.0,1.0,0.0,0.0,0.0,,8.507780958,49.464523675,1.0,,,Einbiegen / Kreuzen-Unfall,"Fahrrad, Pkw",Zusammenstoß mit einbiegendem / kreuzendem Fahrzeug
32414.0,2016,6,14,3,Unfall mit Leichtverletzten,1.0,7.0,0.0,1.0,1.0,0.0,0.0,0.0,,8.491773534,49.459262345,1.0,,,sonstiger Unfall,"Fahrrad, Pkw",Zusammenstoß mit anfahrendem/ anhaltendem/ ruhendem Fahrzeug
114798.0,2016,6,13,3,Unfall mit Leichtverletzten,4.0,1.0,0.0,1.0,1.0,0.0,0.0,0.0,,8.479847416,49.462266256,1.0,,,Fahrunfall,"Fahrrad, Pkw",Zusammenstoß mit entgegenkommendem Fahrzeug
113942.0,2016,6,12,3,Unfall mit Leichtverletzten,4.0,6.0,0.0,1.0,0.0,0.0,0.0,0.0,,8.481172441,49.531935389,1.0,,,Unfall im Längsverkehr,Fahrrad,Zusammenstoß mit entgegenkommendem Fahrzeug
113956.0,2016,6,12,3,Unfall mit Leichtverletzten,5.0,2.0,0.0,1.0,1.0,0.0,0.0,0.0,,8.52708263,49.508814205,1.0,,,Abbiegeunfall,"Fahrrad, Pkw",Zusammenstoß mit einbiegendem / kreuzendem Fahrzeug
114305.0,2016,6,11,3,Unfall mit Leichtverletzten,5.0,3.0,0.0,1.0,1.0,0.0,0.0,0.0,,8.472554875,49.464621523,1.0,,,Einbiegen / Kreuzen-Unfall,"Fahrrad, Pkw",Zusammenstoß mit einbiegendem / kreuzendem Fahrzeug
114785.0,2016,6,21,2,Unfall mit Leichtverletzten,5.0,3.0,0.0,1.0,1.0,0.0,0.0,0.0,,8.492675187,49.47632288,1.0,,,Einbiegen / Kreuzen-Unfall,"Fahrrad, Pkw",Zusammenstoß mit einbiegendem / kreuzendem Fahrzeug
30788.0,2016,6,19,2,Unfall mit Leichtverletzten,3.0,5.0,0.0,1.0,1.0,0.0,0.0,0.0,,8.475754874,49.486333992,1.0,,,Unfall durch ruhenden Verkehr,"Fahrrad, Pkw",Zusammenstoß mit seitlich in gleicher Richtung fahrendem Fahrzeug
113872.0,2016,6,17,2,Unfall mit Schwerverletzten,5.0,3.0,0.0,1.0,1.0,0.0,0.0,0.0,,8.562281538,49.45802855,1.0,,,Einbiegen / Kreuzen-Unfall,"Fahrrad, Pkw",Zusammenstoß mit einbiegendem / kreuzendem Fahrzeug
32157.0,2016,6,13,2,Unfall mit Leichtverletzten,6.0,2.0,0.0,0.0,1.0,1.0,0.0,0.0,,8.525827574,49.435345981,0.0,,,Abbiegeunfall,"Pkw, Fußgänger",Zusammenstoß zwischen Fahrzeug und Fußgänger
114592.0,2016,6,12,2,Unfall mit Leichtverletzten,5.0,3.0,0.0,1.0,0.0,0.0,0.0,0.0,,8.470884663,49.501994447,1.0,,,Einbiegen / Kreuzen-Unfall,Fahrrad,Zusammenstoß mit einbiegendem / kreuzendem Fahrzeug
113720.0,2016,6,7,2,Unfall mit Leichtverletzten,5.0,3.0,0.0,1.0,1.0,0.0,0.0,0.0,,8.468289051,49.546527624,1.0,,,Einbiegen / Kreuzen-Unfall,"Fahrrad, Pkw",Zusammenstoß mit einbiegendem / kreuzendem Fahrzeug
113897.0,2016,6,21,1,Unfall mit Schwerverletzten,6.0,4.0,2.0,0.0,1.0,1.0,0.0,0.0,,8.488616919,49.456576698,0.0,,,Überschreiten-Unfall,"Pkw, Fußgänger",Zusammenstoß zwischen Fahrzeug und Fußgänger
29639.0,2016,5,18,7,Unfall mit Schwerverletzten,5.0,2.0,0.0,1.0,1.0,0.0,0.0,0.0,,8.505906112,49.506923482,1.0,,,Abbiegeunfall,"Fahrrad, Pkw",Zusammenstoß mit einbiegendem / kreuzendem Fahrzeug
113530.0,2016,5,14,7,Unfall mit Schwerverletzten,5.0,3.0,0.0,1.0,1.0,0.0,0.0,0.0,,8.469924638,49.504697047,1.0,,,Einbiegen / Kreuzen-Unfall,"Fahrrad, Pkw",Zusammenstoß mit einbiegendem / kreuzendem Fahrzeug
112850.0,2016,5,16,6,Unfall mit Leichtverletzten,6.0,2.0,0.0,0.0,1.0,1.0,0.0,0.0,,8.465973877,49.488679725,0.0,,,Abbiegeunfall,"Pkw, Fußgänger",Zusammenstoß zwischen Fahrzeug und Fußgänger
30143.0,2016,5,10,6,Unfall mit Leichtverletzten,5.0,2.0,0.0,1.0,1.0,0.0,0.0,0.0,,8.488134223,49.46358275,1.0,,,Abbiegeunfall,"Fahrrad, Pkw",Zusammenstoß mit einbiegendem / kreuzendem Fahrzeug
113466.0,2016,5,18,5,Unfall mit Leichtverletzten,6.0,4.0,0.0,0.0,1.0,1.0,0.0,0.0,,8.565305731,49.459158449,0.0,,,Überschreiten-Unfall,"Pkw, Fußgänger",Zusammenstoß zwischen Fahrzeug und Fußgänger
30126.0,2016,5,15,5,Unfall mit Leichtverletzten,6.0,4.0,0.0,0.0,1.0,1.0,0.0,0.0,,8.523985238,49.437722247,0.0,,,Überschreiten-Unfall,"Pkw, Fußgänger",Zusammenstoß zwischen Fahrzeug und Fußgänger
30395.0,2016,5,15,5,Unfall mit Leichtverletzten,5.0,3.0,0.0,1.0,1.0,0.0,0.0,0.0,,8.560101194,49.463714703,1.0,,,Einbiegen / Kreuzen-Unfall,"Fahrrad, Pkw",Zusammenstoß mit einbiegendem / kreuzendem Fahrzeug
112884.0,2016,5,15,5,Unfall mit Leichtverletzten,1.0,5.0,0.0,1.0,1.0,0.0,0.0,0.0,,8.469258446,49.472840373,1.0,,,Unfall durch ruhenden Verkehr,"Fahrrad, Pkw",Zusammenstoß mit anfahrendem/ anhaltendem/ ruhendem Fahrzeug
112720.0,2016,5,21,4,Unfall mit Leichtverletzten,0.0,2.0,1.0,1.0,1.0,0.0,0.0,0.0,,8.468530761,49.487690692,1.0,,,Abbiegeunfall,"Fahrrad, Pkw",Unfall anderer Art
112726.0,2016,5,16,4,Unfall mit Leichtverletzten,6.0,4.0,0.0,0.0,1.0,1.0,0.0,0.0,,8.471207152,49.508485787,0.0,,,Überschreiten-Unfall,"Pkw, Fußgänger",Zusammenstoß zwischen Fahrzeug und Fußgänger
113308.0,2016,5,16,4,Unfall mit Leichtverletzten,4.0,5.0,0.0,1.0,1.0,0.0,0.0,0.0,,8.488993936,49.474837918,1.0,,,Unfall durch ruhenden Verkehr,"Fahrrad, Pkw",Zusammenstoß mit entgegenkommendem Fahrzeug
112911.0,2016,5,15,4,Unfall mit Leichtverletzten,5.0,3.0,0.0,1.0,1.0,0.0,0.0,0.0,,8.473412719,49.513668477,1.0,,,Einbiegen / Kreuzen-Unfall,"Fahrrad, Pkw",Zusammenstoß mit einbiegendem / kreuzendem Fahrzeug
113579.0,2016,5,15,4,Unfall mit Leichtverletzten,6.0,7.0,0.0,0.0,1.0,1.0,0.0,0.0,,8.486085267,49.525953302,0.0,,,sonstiger Unfall,"Pkw, Fußgänger",Zusammenstoß zwischen Fahrzeug und Fußgänger
29727.0,2016,5,20,3,Unfall mit Schwerverletzten,5.0,3.0,0.0,1.0,1.0,0.0,0.0,0.0,,8.478601959,49.487788971,1.0,,,Einbiegen / Kreuzen-Unfall,"Fahrrad, Pkw",Zusammenstoß mit einbiegendem / kreuzendem Fahrzeug
112871.0,2016,5,19,3,Unfall mit Leichtverletzten,6.0,4.0,1.0,0.0,1.0,1.0,0.0,0.0,,8.468155859,49.480964295,0.0,,,Überschreiten-Unfall,"Pkw, Fußgänger",Zusammenstoß zwischen Fahrzeug und Fußgänger
30191.0,2016,5,17,3,Unfall mit Schwerverletzten,5.0,3.0,0.0,1.0,0.0,0.0,0.0,1.0,,8.461844345,49.494684493,1.0,,,Einbiegen / Kreuzen-Unfall,"Fahrrad, LKW",Zusammenstoß mit einbiegendem / kreuzendem Fahrzeug
113242.0,2016,5,17,3,Unfall mit Leichtverletzten,4.0,2.0,0.0,1.0,0.0,0.0,0.0,0.0,,8.505901629,49.468650406,1.0,,,Abbiegeunfall,Fahrrad,Zusammenstoß mit entgegenkommendem Fahrzeug
113136.0,2016,5,13,3,Unfall mit Schwerverletzten,0.0,7.0,0.0,1.0,0.0,0.0,0.0,0.0,,8.504425083,49.455819777,1.0,,,sonstiger Unfall,Fahrrad,Unfall anderer Art
113152.0,2016,5,12,3,Unfall mit Leichtverletzten,5.0,3.0,0.0,1.0,1.0,0.0,0.0,0.0,,8.469868748,49.504374352,1.0,,,Einbiegen / Kreuzen-Unfall,"Fahrrad, Pkw",Zusammenstoß mit einbiegendem / kreuzendem Fahrzeug
113433.0,2016,5,12,3,Unfall mit Leichtverletzten,0.0,7.0,0.0,1.0,0.0,0.0,0.0,0.0,,8.56945721,49.462632129,1.0,,,sonstiger Unfall,Fahrrad,Unfall anderer Art
113603.0,2016,5,12,3,Unfall mit Schwerverletzten,0.0,7.0,0.0,1.0,0.0,0.0,0.0,0.0,,8.554266574,49.497205702,1.0,,,sonstiger Unfall,Fahrrad,Unfall anderer Art
113597.0,2016,5,8,3,Unfall mit Leichtverletzten,5.0,5.0,0.0,1.0,1.0,0.0,0.0,0.0,,8.504401544,49.445148972,1.0,,,Unfall durch ruhenden Verkehr,"Fahrrad, Pkw",Zusammenstoß mit einbiegendem / kreuzendem Fahrzeug
112997.0,2016,5,17,2,Unfall mit Leichtverletzten,5.0,3.0,0.0,1.0,1.0,0.0,0.0,0.0,,8.507189263,49.51781036,1.0,,,Einbiegen / Kreuzen-Unfall,"Fahrrad, Pkw",Zusammenstoß mit einbiegendem / kreuzendem Fahrzeug
112970.0,2016,5,16,2,Unfall mit Leichtverletzten,5.0,3.0,0.0,1.0,1.0,0.0,0.0,0.0,,8.474011458,49.516304897,1.0,,,Einbiegen / Kreuzen-Unfall,"Fahrrad, Pkw",Zusammenstoß mit einbiegendem / kreuzendem Fahrzeug